Timestamp,v_sys_smp,i_sys_smp,v_bst_smp,i_bst_smp,t_bst_smp,t_inv_smp,v_rec_smp,t_rec_smp,v_sys_avg_valid,i_sys_avg_valid,v_bst_avg_valid,i_bst_avg_valid,t_bst_avg_valid,t_inv_avg_valid,v_rec_avg_valid,t_rec_avg_valid,v_sys_avg,i_sys_avg,v_bst_avg,i_bst_avg,t_bst_avg,t_inv_avg,v_rec_avg,t_rec_avg,v_sys_tripped,i_sys_tripped,v_bst_tripped,i_bst_tripped,t_bst_tripped,t_inv_tripped,v_rec_tripped,t_rec_tripped,State,Trips and Commands,Fault Count,WPT Enabled,FPGA Buck Deadtime,FPGA Boost Deadtime,FPGA A Coarse,FPGA A Fine,FPGA B Coarse,FPGA B Fine,Hub SOC,Implant SOC,UI Button,UI Counter,USB Charging,Alignment,PETV CTRL,Control Error,Control Voltage,Implant Synced,Implant CMD Stop,Implant State,Implant Version,BMS PG,BMS INT,BMS STAT0,BMS STAT1,BMS STAT2,BMS FLAG0,BMS FLAG1,BMS FLAG2,BMS FLAG3,PETV CTRL Valids,PETV Slow Valids,PETV Stats Value,PETV Resp Valids,PETV Resp Valids IDX,Open Loop,DCDC Voltage,Control kI,PETV Compare Threshold,PETV Stats Index,WPT Start,WPT Stop,Hub Version
26-05-31 17:48:13.522720,2902,496,1044,620,240,280,1796,200,True,True,True,True,True,True,True,True,2902,496,1044,620,240,280,1796,200,0,0,0,0,0,0,0,0,WPT Ready,0,0,False,0,0,0,0,0,0,75%,50%,False,0x00,False,63%,0us,0.000V,0.000V,True,False,Charge Active,v01.23.7357,False,False,0x00,0x00,0x00,0x00,0x00,0x00,0x00,200,13,0,0,0,False,1.0V,0.030,1467mV,1,False,False,v01.20.7357
26-05-31 17:48:13.823245,2902,496,1044,620,240,280,1796,200,True,True,True,True,True,True,True,True,2902,496,1044,620,240,280,1796,200,0,0,0,0,0,0,0,0,WPT Ready,0,0,False,0,0,0,0,0,0,75%,50%,False,0x00,False,63%,0us,0.000V,0.000V,True,False,Charge Active,v01.23.7357,False,False,0x00,0x00,0x00,0x00,0x00,0x00,0x00,200,13,0,0,0,False,1.0V,0.030,1467mV,1,False,False,v01.20.7357
26-05-31 17:48:13.922249,2902,496,1044,620,240,280,1796,200,True,True,True,True,True,True,True,True,2902,496,1044,620,240,280,1796,200,0,0,0,0,0,0,0,0,WPT Ready,0,0,False,0,0,0,0,0,0,75%,50%,False,0x00,False,63%,0us,0.000V,0.000V,True,False,Charge Active,v01.23.7357,False,False,0x00,0x00,0x00,0x00,0x00,0x00,0x00,200,13,0,0,0,False,1.0V,0.030,1467mV,1,False,False,v01.20.7357
26-05-31 17:48:14.129754,2902,496,1044,620,240,280,1796,200,True,True,True,True,True,True,True,True,2902,496,1044,620,240,280,1796,200,0,0,0,0,0,0,0,0,WPT Ready,0,0,False,0,0,0,0,0,0,75%,50%,False,0x00,False,63%,0us,0.000V,0.000V,True,False,Charge Active,v01.23.7357,False,False,0x00,0x00,0x00,0x00,0x00,0x00,0x00,200,13,0,0,0,False,1.0V,0.030,1467mV,1,False,False,v01.20.7357
26-05-31 17:48:14.446763,2902,496,1044,620,240,280,1796,200,True,True,True,True,True,True,True,True,2902,496,1044,620,240,280,1796,200,0,0,0,0,0,0,0,0,WPT Ready,0,0,False,0,0,0,0,0,0,75%,50%,False,0x00,False,63%,0us,0.000V,0.000V,True,False,Charge Active,v01.23.7357,False,False,0x00,0x00,0x00,0x00,0x00,0x00,0x00,200,13,0,0,0,False,1.0V,0.030,1467mV,1,False,False,v01.20.7357
26-05-31 17:48:14.526987,2902,496,1044,620,240,280,1796,200,True,True,True,True,True,True,True,True,2902,496,1044,620,240,280,1796,200,0,0,0,0,0,0,0,0,WPT Ready,0,0,False,0,0,0,0,0,0,75%,50%,False,0x00,False,63%,0us,0.000V,0.000V,True,False,Charge Active,v01.23.7357,False,False,0x00,0x00,0x00,0x00,0x00,0x00,0x00,200,13,0,0,0,False,1.0V,0.030,1467mV,1,False,False,v01.20.7357
26-05-31 17:48:14.716608,2902,496,1044,620,240,280,1796,200,True,True,True,True,True,True,True,True,2902,496,1044,620,240,280,1796,200,0,0,0,0,0,0,0,0,WPT Ready,0,0,False,0,0,0,0,0,0,75%,50%,False,0x00,False,63%,0us,0.000V,0.000V,True,False,Charge Active,v01.23.7357,False,False,0x00,0x00,0x00,0x00,0x00,0x00,0x00,200,13,0,0,0,False,1.0V,0.030,1467mV,1,False,False,v01.20.7357
26-05-31 17:48:14.923288,2902,496,1044,620,240,280,1796,200,True,True,True,True,True,True,True,True,2902,496,1044,620,240,280,1796,200,0,0,0,0,0,0,0,0,WPT Ready,0,0,False,0,0,0,0,0,0,75%,50%,False,0x00,False,63%,0us,0.000V,0.000V,True,False,Charge Active,v01.23.7357,False,False,0x00,0x00,0x00,0x00,0x00,0x00,0x00,200,13,0,0,0,False,1.0V,0.030,1467mV,1,False,False,v01.20.7357
26-05-31 17:48:15.114766,2902,496,1044,620,240,280,1796,200,True,True,True,True,True,True,True,True,2902,496,1044,620,240,280,1796,200,0,0,0,0,0,0,0,0,WPT Ready,0,0,False,0,0,0,0,0,0,75%,50%,False,0x00,False,63%,0us,0.000V,0.000V,True,False,Charge Active,v01.23.7357,False,False,0x00,0x00,0x00,0x00,0x00,0x00,0x00,200,13,0,0,0,False,1.0V,0.030,1467mV,1,False,False,v01.20.7357
26-05-31 17:48:15.337727,2902,496,1044,620,240,280,1796,200,True,True,True,True,True,True,True,True,2902,496,1044,620,240,280,1796,200,0,0,0,0,0,0,0,0,WPT Ready,0,0,False,0,0,0,0,0,0,75%,50%,False,0x00,False,63%,0us,0.000V,0.000V,True,False,Charge Active,v01.23.7357,False,False,0x00,0x00,0x00,0x00,0x00,0x00,0x00,200,13,0,0,0,False,1.0V,0.030,1467mV,1,False,False,v01.20.7357
26-05-31 17:48:15.525970,2902,496,1044,620,240,280,1796,200,True,True,True,True,True,True,True,True,2902,496,1044,620,240,280,1796,200,0,0,0,0,0,0,0,0,WPT Ready,0,0,False,0,0,0,0,0,0,75%,50%,False,0x00,False,63%,0us,0.000V,0.000V,True,False,Charge Active,v01.23.7357,False,False,0x00,0x00,0x00,0x00,0x00,0x00,0x00,200,13,0,0,0,False,1.0V,0.030,1467mV,1,False,False,v01.20.7357
26-05-31 17:48:15.768285,2902,496,1044,620,240,280,1796,200,True,True,True,True,True,True,True,True,2902,496,1044,620,240,280,1796,200,0,0,0,0,0,0,0,0,WPT Ready,0,0,False,0,0,0,0,0,0,75%,50%,False,0x00,False,63%,0us,0.000V,0.000V,True,False,Charge Active,v01.23.7357,False,False,0x00,0x00,0x00,0x00,0x00,0x00,0x00,200,13,0,0,0,False,1.0V,0.030,1467mV,1,False,False,v01.20.7357
26-05-31 17:48:15.910248,2902,496,1044,620,240,280,1796,200,True,True,True,True,True,True,True,True,2902,496,1044,620,240,280,1796,200,0,0,0,0,0,0,0,0,WPT Ready,0,0,False,0,0,0,0,0,0,75%,50%,False,0x00,False,63%,0us,0.000V,0.000V,True,False,Charge Active,v01.23.7357,False,False,0x00,0x00,0x00,0x00,0x00,0x00,0x00,200,13,0,0,0,False,1.0V,0.030,1467mV,1,False,False,v01.20.7357
26-05-31 17:48:16.145084,2902,496,1044,620,240,280,1796,200,True,True,True,True,True,True,True,True,2902,496,1044,620,240,280,1796,200,0,0,0,0,0,0,0,0,WPT Ready,0,0,False,0,0,0,0,0,0,75%,50%,False,0x00,False,63%,0us,0.000V,0.000V,True,False,Charge Active,v01.23.7357,False,False,0x00,0x00,0x00,0x00,0x00,0x00,0x00,200,13,0,0,0,False,1.0V,0.030,1467mV,1,False,False,v01.20.7357
26-05-31 17:48:16.328180,2902,496,1044,620,240,280,1796,200,True,True,True,True,True,True,True,True,2902,496,1044,620,240,280,1796,200,0,0,0,0,0,0,0,0,WPT Ready,0,0,False,0,0,0,0,0,0,75%,50%,False,0x00,False,63%,0us,0.000V,0.000V,True,False,Charge Active,v01.23.7357,False,False,0x00,0x00,0x00,0x00,0x00,0x00,0x00,200,13,0,0,0,False,1.0V,0.030,1467mV,1,False,False,v01.20.7357
26-05-31 17:48:16.524708,2902,496,1044,620,240,280,1796,200,True,True,True,True,True,True,True,True,2902,496,1044,620,240,280,1796,200,0,0,0,0,0,0,0,0,WPT Ready,0,0,False,0,0,0,0,0,0,75%,50%,False,0x00,False,63%,0us,0.000V,0.000V,True,False,Charge Active,v01.23.7357,False,False,0x00,0x00,0x00,0x00,0x00,0x00,0x00,200,13,0,0,0,False,1.0V,0.030,1467mV,1,False,False,v01.20.7357
26-05-31 17:48:16.719990,2902,496,1044,620,240,280,1796,200,True,True,True,True,True,True,True,True,2902,496,1044,620,240,280,1796,200,0,0,0,0,0,0,0,0,WPT Ready,0,0,False,0,0,0,0,0,0,75%,50%,False,0x00,False,63%,0us,0.000V,0.000V,True,False,Charge Active,v01.23.7357,False,False,0x00,0x00,0x00,0x00,0x00,0x00,0x00,200,13,0,0,0,False,1.0V,0.030,1467mV,1,False,False,v01.20.7357
26-05-31 17:48:16.911384,2902,496,1044,620,240,280,1796,200,True,True,True,True,True,True,True,True,2902,496,1044,620,240,280,1796,200,0,0,0,0,0,0,0,0,WPT Ready,0,0,False,0,0,0,0,0,0,75%,50%,False,0x00,False,63%,0us,0.000V,0.000V,True,False,Charge Active,v01.23.7357,False,False,0x00,0x00,0x00,0x00,0x00,0x00,0x00,200,13,0,0,0,False,1.0V,0.030,1467mV,1,False,False,v01.20.7357
26-05-31 17:48:17.120290,2902,496,1044,620,240,280,1796,200,True,True,True,True,True,True,True,True,2902,496,1044,620,240,280,1796,200,0,0,0,0,0,0,0,0,WPT Ready,0,0,False,0,0,0,0,0,0,75%,50%,False,0x00,False,63%,0us,0.000V,0.000V,True,False,Charge Active,v01.23.7357,False,False,0x00,0x00,0x00,0x00,0x00,0x00,0x00,200,13,0,0,0,False,1.0V,0.030,1467mV,1,False,False,v01.20.7357
26-05-31 17:48:17.319763,2902,496,1044,620,240,280,1796,200,True,True,True,True,True,True,True,True,2902,496,1044,620,240,280,1796,200,0,0,0,0,0,0,0,0,WPT Ready,0,0,False,0,0,0,0,0,0,75%,50%,False,0x00,False,63%,0us,0.000V,0.000V,True,False,Charge Active,v01.23.7357,False,False,0x00,0x00,0x00,0x00,0x00,0x00,0x00,200,13,0,0,0,False,1.0V,0.030,1467mV,1,False,False,v01.20.7357
26-05-31 17:48:17.513705,2902,496,1044,620,240,280,1796,200,True,True,True,True,True,True,True,True,2902,496,1044,620,240,280,1796,200,0,0,0,0,0,0,0,0,WPT Ready,0,0,False,0,0,0,0,0,0,75%,50%,False,0x00,False,63%,0us,0.000V,0.000V,True,False,Charge Active,v01.23.7357,False,False,0x00,0x00,0x00,0x00,0x00,0x00,0x00,200,13,0,0,0,False,1.0V,0.030,1467mV,1,False,False,v01.20.7357
26-05-31 17:48:17.733873,2902,496,1044,620,240,280,1796,200,True,True,True,True,True,True,True,True,2902,496,1044,620,240,280,1796,200,0,0,0,0,0,0,0,0,WPT Ready,0,0,False,0,0,0,0,0,0,75%,50%,False,0x00,False,63%,0us,0.000V,0.000V,True,False,Charge Active,v01.23.7357,False,False,0x00,0x00,0x00,0x00,0x00,0x00,0x00,200,13,0,0,0,False,1.0V,0.030,1467mV,1,False,False,v01.20.7357
26-05-31 17:48:17.916734,2902,496,1044,620,240,280,1796,200,True,True,True,True,True,True,True,True,2902,496,1044,620,240,280,1796,200,0,0,0,0,0,0,0,0,WPT Ready,0,0,False,0,0,0,0,0,0,75%,50%,False,0x00,False,63%,0us,0.000V,0.000V,True,False,Charge Active,v01.23.7357,False,False,0x00,0x00,0x00,0x00,0x00,0x00,0x00,200,13,0,0,0,False,1.0V,0.030,1467mV,1,False,False,v01.20.7357
26-05-31 17:48:18.117016,2902,496,1044,620,240,280,1796,200,True,True,True,True,True,True,True,True,2902,496,1044,620,240,280,1796,200,0,0,0,0,0,0,0,0,WPT Ready,0,0,False,0,0,0,0,0,0,75%,50%,False,0x00,False,63%,0us,0.000V,0.000V,True,False,Charge Active,v01.23.7357,False,False,0x00,0x00,0x00,0x00,0x00,0x00,0x00,200,13,0,0,0,False,1.0V,0.030,1467mV,1,False,False,v01.20.7357
26-05-31 17:48:18.348618,2902,496,1044,620,240,280,1796,200,True,True,True,True,True,True,True,True,2902,496,1044,620,240,280,1796,200,0,0,0,0,0,0,0,0,WPT Ready,0,0,False,0,0,0,0,0,0,75%,50%,False,0x00,False,63%,0us,0.000V,0.000V,True,False,Charge Active,v01.23.7357,False,False,0x00,0x00,0x00,0x00,0x00,0x00,0x00,200,13,0,0,0,False,1.0V,0.030,1467mV,1,False,False,v01.20.7357
26-05-31 17:48:18.793197,2902,496,1044,620,240,280,1796,200,True,True,True,True,True,True,True,True,2902,496,1044,620,240,280,1796,200,0,0,0,0,0,0,0,0,WPT Ready,0,0,False,0,0,0,0,0,0,75%,50%,False,0x00,False,63%,0us,0.000V,0.000V,True,False,Charge Active,v01.23.7357,False,False,0x00,0x00,0x00,0x00,0x00,0x00,0x00,200,13,0,0,0,False,1.0V,0.030,1467mV,1,False,False,v01.20.7357
26-05-31 17:48:18.862235,2902,496,1044,620,240,280,1796,200,True,True,True,True,True,True,True,True,2902,496,1044,620,240,280,1796,200,0,0,0,0,0,0,0,0,WPT Ready,0,0,False,0,0,0,0,0,0,75%,50%,False,0x00,False,63%,0us,0.000V,0.000V,True,False,Charge Active,v01.23.7357,False,False,0x00,0x00,0x00,0x00,0x00,0x00,0x00,200,13,0,0,0,False,1.0V,0.030,1467mV,1,False,False,v01.20.7357
26-05-31 17:48:19.156548,2902,496,1044,620,240,280,1796,200,True,True,True,True,True,True,True,True,2902,496,1044,620,240,280,1796,200,0,0,0,0,0,0,0,0,WPT Ready,0,0,False,0,0,0,0,0,0,75%,50%,False,0x00,False,63%,0us,0.000V,0.000V,True,False,Charge Active,v01.23.7357,False,False,0x00,0x00,0x00,0x00,0x00,0x00,0x00,200,13,0,0,0,False,1.0V,0.030,1467mV,1,False,False,v01.20.7357
26-05-31 17:48:19.219064,2902,496,1044,620,240,280,1796,200,True,True,True,True,True,True,True,True,2902,496,1044,620,240,280,1796,200,0,0,0,0,0,0,0,0,WPT Ready,0,0,False,0,0,0,0,0,0,75%,50%,False,0x00,False,63%,0us,0.000V,0.000V,True,False,Charge Active,v01.23.7357,False,False,0x00,0x00,0x00,0x00,0x00,0x00,0x00,200,13,0,0,0,False,1.0V,0.030,1467mV,1,False,False,v01.20.7357
26-05-31 17:48:19.734236,2902,496,1044,620,240,280,1796,200,True,True,True,True,True,True,True,True,2902,496,1044,620,240,280,1796,200,0,0,0,0,0,0,0,0,WPT Ready,0,0,False,0,0,0,0,0,0,75%,50%,False,0x00,False,63%,0us,0.000V,0.000V,True,False,Charge Active,v01.23.7357,False,False,0x00,0x00,0x00,0x00,0x00,0x00,0x00,200,13,0,0,0,False,1.0V,0.030,1467mV,1,False,False,v01.20.7357
26-05-31 17:48:19.780288,2902,496,1044,620,240,280,1796,200,True,True,True,True,True,True,True,True,2902,496,1044,620,240,280,1796,200,0,0,0,0,0,0,0,0,WPT Ready,0,0,False,0,0,0,0,0,0,75%,50%,False,0x00,False,63%,0us,0.000V,0.000V,True,False,Charge Active,v01.23.7357,False,False,0x00,0x00,0x00,0x00,0x00,0x00,0x00,200,13,0,0,0,False,1.0V,0.030,1467mV,1,False,False,v01.20.7357
26-05-31 17:48:19.827734,2902,496,1044,620,240,280,1796,200,True,True,True,True,True,True,True,True,2902,496,1044,620,240,280,1796,200,0,0,0,0,0,0,0,0,WPT Ready,0,0,False,0,0,0,0,0,0,75%,50%,False,0x00,False,63%,0us,0.000V,0.000V,True,False,Charge Active,v01.23.7357,False,False,0x00,0x00,0x00,0x00,0x00,0x00,0x00,200,13,0,0,0,False,1.0V,0.030,1467mV,1,False,False,v01.20.7357
26-05-31 17:48:19.920080,2902,496,1044,620,240,280,1796,200,True,True,True,True,True,True,True,True,2902,496,1044,620,240,280,1796,200,0,0,0,0,0,0,0,0,WPT Ready,0,0,False,0,0,0,0,0,0,75%,50%,False,0x00,False,63%,0us,0.000V,0.000V,True,False,Charge Active,v01.23.7357,False,False,0x00,0x00,0x00,0x00,0x00,0x00,0x00,200,13,0,0,0,False,1.0V,0.030,1467mV,1,False,False,v01.20.7357
26-05-31 17:48:20.123847,2902,496,1044,620,240,280,1796,200,True,True,True,True,True,True,True,True,2902,496,1044,620,240,280,1796,200,0,0,0,0,0,0,0,0,WPT Ready,0,0,False,0,0,0,0,0,0,75%,50%,False,0x00,False,63%,0us,0.000V,0.000V,True,False,Charge Active,v01.23.7357,False,False,0x00,0x00,0x00,0x00,0x00,0x00,0x00,200,13,0,0,0,False,1.0V,0.030,1467mV,1,False,False,v01.20.7357
26-05-31 17:48:20.324310,2902,496,1044,620,240,280,1796,200,True,True,True,True,True,True,True,True,2902,496,1044,620,240,280,1796,200,0,0,0,0,0,0,0,0,WPT Ready,0,0,False,0,0,0,0,0,0,75%,50%,False,0x00,False,63%,0us,0.000V,0.000V,True,False,Charge Active,v01.23.7357,False,False,0x00,0x00,0x00,0x00,0x00,0x00,0x00,200,13,0,0,0,False,1.0V,0.030,1467mV,1,False,False,v01.20.7357
26-05-31 17:48:20.542983,2902,496,1044,620,240,280,1796,200,True,True,True,True,True,True,True,True,2902,496,1044,620,240,280,1796,200,0,0,0,0,0,0,0,0,WPT Ready,0,0,False,0,0,0,0,0,0,75%,50%,False,0x00,False,63%,0us,0.000V,0.000V,True,False,Charge Active,v01.23.7357,False,False,0x00,0x00,0x00,0x00,0x00,0x00,0x00,200,13,0,0,0,False,1.0V,0.030,1467mV,1,False,False,v01.20.7357
26-05-31 17:48:20.759717,2902,496,1044,620,240,280,1796,200,True,True,True,True,True,True,True,True,2902,496,1044,620,240,280,1796,200,0,0,0,0,0,0,0,0,WPT Ready,0,0,False,0,0,0,0,0,0,75%,50%,False,0x00,False,63%,0us,0.000V,0.000V,True,False,Charge Active,v01.23.7357,False,False,0x00,0x00,0x00,0x00,0x00,0x00,0x00,200,13,0,0,0,False,1.0V,0.030,1467mV,1,False,False,v01.20.7357
26-05-31 17:48:20.932894,2902,496,1044,620,240,280,1796,200,True,True,True,True,True,True,True,True,2902,496,1044,620,240,280,1796,200,0,0,0,0,0,0,0,0,WPT Ready,0,0,False,0,0,0,0,0,0,75%,50%,False,0x00,False,63%,0us,0.000V,0.000V,True,False,Charge Active,v01.23.7357,False,False,0x00,0x00,0x00,0x00,0x00,0x00,0x00,200,13,0,0,0,False,1.0V,0.030,1467mV,1,False,False,v01.20.7357
26-05-31 17:48:21.157034,2902,496,1044,620,240,280,1796,200,True,True,True,True,True,True,True,True,2902,496,1044,620,240,280,1796,200,0,0,0,0,0,0,0,0,WPT Ready,0,0,False,0,0,0,0,0,0,75%,50%,False,0x00,False,63%,0us,0.000V,0.000V,True,False,Charge Active,v01.23.7357,False,False,0x00,0x00,0x00,0x00,0x00,0x00,0x00,200,13,0,0,0,False,1.0V,0.030,1467mV,1,False,False,v01.20.7357
26-05-31 17:48:21.371845,2902,496,1044,620,240,280,1796,200,True,True,True,True,True,True,True,True,2902,496,1044,620,240,280,1796,200,0,0,0,0,0,0,0,0,WPT Ready,0,0,False,0,0,0,0,0,0,75%,50%,False,0x00,False,63%,0us,0.000V,0.000V,True,False,Charge Active,v01.23.7357,False,False,0x00,0x00,0x00,0x00,0x00,0x00,0x00,200,13,0,0,0,False,1.0V,0.030,1467mV,1,False,False,v01.20.7357
26-05-31 17:48:21.510669,2902,496,1044,620,240,280,1796,200,True,True,True,True,True,True,True,True,2902,496,1044,620,240,280,1796,200,0,0,0,0,0,0,0,0,WPT Ready,0,0,False,0,0,0,0,0,0,75%,50%,False,0x00,False,63%,0us,0.000V,0.000V,True,False,Charge Active,v01.23.7357,False,False,0x00,0x00,0x00,0x00,0x00,0x00,0x00,200,13,0,0,0,False,1.0V,0.030,1467mV,1,False,False,v01.20.7357
26-05-31 17:48:21.797407,2902,496,1044,620,240,280,1796,200,True,True,True,True,True,True,True,True,2902,496,1044,620,240,280,1796,200,0,0,0,0,0,0,0,0,WPT Ready,0,0,False,0,0,0,0,0,0,75%,50%,False,0x00,False,63%,0us,0.000V,0.000V,True,False,Charge Active,v01.23.7357,False,False,0x00,0x00,0x00,0x00,0x00,0x00,0x00,200,13,0,0,0,False,1.0V,0.030,1467mV,1,False,False,v01.20.7357
26-05-31 17:48:21.942871,2902,496,1044,620,240,280,1796,200,True,True,True,True,True,True,True,True,2902,496,1044,620,240,280,1796,200,0,0,0,0,0,0,0,0,WPT Ready,0,0,False,0,0,0,0,0,0,75%,50%,False,0x00,False,63%,0us,0.000V,0.000V,True,False,Charge Active,v01.23.7357,False,False,0x00,0x00,0x00,0x00,0x00,0x00,0x00,200,13,0,0,0,False,1.0V,0.030,1467mV,1,False,False,v01.20.7357
26-05-31 17:48:22.358228,2902,496,1044,620,240,280,1796,200,True,True,True,True,True,True,True,True,2902,496,1044,620,240,280,1796,200,0,0,0,0,0,0,0,0,WPT Ready,0,0,False,0,0,0,0,0,0,75%,50%,False,0x00,False,63%,0us,0.000V,0.000V,True,False,Charge Active,v01.23.7357,False,False,0x00,0x00,0x00,0x00,0x00,0x00,0x00,200,13,0,0,0,False,1.0V,0.030,1467mV,1,False,False,v01.20.7357
26-05-31 17:48:22.415496,2902,496,1044,620,240,280,1796,200,True,True,True,True,True,True,True,True,2902,496,1044,620,240,280,1796,200,0,0,0,0,0,0,0,0,WPT Ready,0,0,False,0,0,0,0,0,0,75%,50%,False,0x00,False,63%,0us,0.000V,0.000V,True,False,Charge Active,v01.23.7357,False,False,0x00,0x00,0x00,0x00,0x00,0x00,0x00,200,13,0,0,0,False,1.0V,0.030,1467mV,1,False,False,v01.20.7357
26-05-31 17:48:22.517616,2902,496,1044,620,240,280,1796,200,True,True,True,True,True,True,True,True,2902,496,1044,620,240,280,1796,200,0,0,0,0,0,0,0,0,WPT Ready,0,0,False,0,0,0,0,0,0,75%,50%,False,0x00,False,63%,0us,0.000V,0.000V,True,False,Charge Active,v01.23.7357,False,False,0x00,0x00,0x00,0x00,0x00,0x00,0x00,200,13,0,0,0,False,1.0V,0.030,1467mV,1,False,False,v01.20.7357
26-05-31 17:48:22.768564,2902,496,1044,620,240,280,1796,200,True,True,True,True,True,True,True,True,2902,496,1044,620,240,280,1796,200,0,0,0,0,0,0,0,0,WPT Ready,0,0,False,0,0,0,0,0,0,75%,50%,False,0x00,False,63%,0us,0.000V,0.000V,True,False,Charge Active,v01.23.7357,False,False,0x00,0x00,0x00,0x00,0x00,0x00,0x00,200,13,0,0,0,False,1.0V,0.030,1467mV,1,False,False,v01.20.7357
26-05-31 17:48:22.927381,2902,496,1044,620,240,280,1796,200,True,True,True,True,True,True,True,True,2902,496,1044,620,240,280,1796,200,0,0,0,0,0,0,0,0,WPT Ready,0,0,False,0,0,0,0,0,0,75%,50%,False,0x00,False,63%,0us,0.000V,0.000V,True,False,Charge Active,v01.23.7357,False,False,0x00,0x00,0x00,0x00,0x00,0x00,0x00,200,13,0,0,0,False,1.0V,0.030,1467mV,1,False,False,v01.20.7357
26-05-31 17:48:23.108888,2902,496,1044,620,240,280,1796,200,True,True,True,True,True,True,True,True,2902,496,1044,620,240,280,1796,200,0,0,0,0,0,0,0,0,WPT Ready,0,0,False,0,0,0,0,0,0,75%,50%,False,0x00,False,63%,0us,0.000V,0.000V,True,False,Charge Active,v01.23.7357,False,False,0x00,0x00,0x00,0x00,0x00,0x00,0x00,200,13,0,0,0,False,1.0V,0.030,1467mV,1,False,False,v01.20.7357
26-05-31 17:48:23.361355,2902,496,1044,620,240,280,1796,200,True,True,True,True,True,True,True,True,2902,496,1044,620,240,280,1796,200,0,0,0,0,0,0,0,0,WPT Ready,0,0,False,0,0,0,0,0,0,75%,50%,False,0x00,False,63%,0us,0.000V,0.000V,True,False,Charge Active,v01.23.7357,False,False,0x00,0x00,0x00,0x00,0x00,0x00,0x00,200,13,0,0,0,False,1.0V,0.030,1467mV,1,False,False,v01.20.7357
26-05-31 17:48:23.521337,2902,496,1044,620,240,280,1796,200,True,True,True,True,True,True,True,True,2902,496,1044,620,240,280,1796,200,0,0,0,0,0,0,0,0,WPT Ready,0,0,False,0,0,0,0,0,0,75%,50%,False,0x00,False,63%,0us,0.000V,0.000V,True,False,Charge Active,v01.23.7357,False,False,0x00,0x00,0x00,0x00,0x00,0x00,0x00,200,13,0,0,0,False,1.0V,0.030,1467mV,1,False,False,v01.20.7357
26-05-31 17:48:23.735626,2902,496,1044,620,240,280,1796,200,True,True,True,True,True,True,True,True,2902,496,1044,620,240,280,1796,200,0,0,0,0,0,0,0,0,WPT Ready,0,0,False,0,0,0,0,0,0,75%,50%,False,0x00,False,63%,0us,0.000V,0.000V,True,False,Charge Active,v01.23.7357,False,False,0x00,0x00,0x00,0x00,0x00,0x00,0x00,200,13,0,0,0,False,1.0V,0.030,1467mV,1,False,False,v01.20.7357
26-05-31 17:48:23.931149,2902,496,1044,620,240,280,1796,200,True,True,True,True,True,True,True,True,2902,496,1044,620,240,280,1796,200,0,0,0,0,0,0,0,0,WPT Ready,0,0,False,0,0,0,0,0,0,75%,50%,False,0x00,False,63%,0us,0.000V,0.000V,True,False,Charge Active,v01.23.7357,False,False,0x00,0x00,0x00,0x00,0x00,0x00,0x00,200,13,0,0,0,False,1.0V,0.030,1467mV,1,False,False,v01.20.7357
26-05-31 17:48:24.111131,2902,496,1044,620,240,280,1796,200,True,True,True,True,True,True,True,True,2902,496,1044,620,240,280,1796,200,0,0,0,0,0,0,0,0,WPT Ready,0,0,False,0,0,0,0,0,0,75%,50%,False,0x00,False,63%,0us,0.000V,0.000V,True,False,Charge Active,v01.23.7357,False,False,0x00,0x00,0x00,0x00,0x00,0x00,0x00,200,13,0,0,0,False,1.0V,0.030,1467mV,1,False,False,v01.20.7357
26-05-31 17:48:24.378031,2902,496,1044,620,240,280,1796,200,True,True,True,True,True,True,True,True,2902,496,1044,620,240,280,1796,200,0,0,0,0,0,0,0,0,WPT Ready,0,0,False,0,0,0,0,0,0,75%,50%,False,0x00,False,63%,0us,0.000V,0.000V,True,False,Charge Active,v01.23.7357,False,False,0x00,0x00,0x00,0x00,0x00,0x00,0x00,200,13,0,0,0,False,1.0V,0.030,1467mV,1,False,False,v01.20.7357
26-05-31 17:48:24.526402,2902,496,1044,620,240,280,1796,200,True,True,True,True,True,True,True,True,2902,496,1044,620,240,280,1796,200,0,0,0,0,0,0,0,0,WPT Ready,0,0,False,0,0,0,0,0,0,75%,50%,False,0x00,False,63%,0us,0.000V,0.000V,True,False,Charge Active,v01.23.7357,False,False,0x00,0x00,0x00,0x00,0x00,0x00,0x00,200,13,0,0,0,False,1.0V,0.030,1467mV,1,False,False,v01.20.7357
26-05-31 17:48:24.709713,2902,496,1044,620,240,280,1796,200,True,True,True,True,True,True,True,True,2902,496,1044,620,240,280,1796,200,0,0,0,0,0,0,0,0,WPT Ready,0,0,False,0,0,0,0,0,0,75%,50%,False,0x00,False,63%,0us,0.000V,0.000V,True,False,Charge Active,v01.23.7357,False,False,0x00,0x00,0x00,0x00,0x00,0x00,0x00,200,13,0,0,0,False,1.0V,0.030,1467mV,1,False,False,v01.20.7357
26-05-31 17:48:24.930203,2902,496,1044,620,240,280,1796,200,True,True,True,True,True,True,True,True,2902,496,1044,620,240,280,1796,200,0,0,0,0,0,0,0,0,WPT Ready,0,0,False,0,0,0,0,0,0,75%,50%,False,0x00,False,63%,0us,0.000V,0.000V,True,False,Charge Active,v01.23.7357,False,False,0x00,0x00,0x00,0x00,0x00,0x00,0x00,200,13,0,0,0,False,1.0V,0.030,1467mV,1,False,False,v01.20.7357
26-05-31 17:48:25.121676,2902,496,1044,620,240,280,1796,200,True,True,True,True,True,True,True,True,2902,496,1044,620,240,280,1796,200,0,0,0,0,0,0,0,0,WPT Ready,0,0,False,0,0,0,0,0,0,75%,50%,False,0x00,False,63%,0us,0.000V,0.000V,True,False,Charge Active,v01.23.7357,False,False,0x00,0x00,0x00,0x00,0x00,0x00,0x00,200,13,0,0,0,False,1.0V,0.030,1467mV,1,False,False,v01.20.7357
26-05-31 17:48:25.320534,2902,496,1044,620,240,280,1796,200,True,True,True,True,True,True,True,True,2902,496,1044,620,240,280,1796,200,0,0,0,0,0,0,0,0,WPT Ready,0,0,False,0,0,0,0,0,0,75%,50%,False,0x00,False,63%,0us,0.000V,0.000V,True,False,Charge Active,v01.23.7357,False,False,0x00,0x00,0x00,0x00,0x00,0x00,0x00,200,13,0,0,0,False,1.0V,0.030,1467mV,1,False,False,v01.20.7357
26-05-31 17:48:25.559142,2902,496,1044,620,240,280,1796,200,True,True,True,True,True,True,True,True,2902,496,1044,620,240,280,1796,200,0,0,0,0,0,0,0,0,WPT Ready,0,0,False,0,0,0,0,0,0,75%,50%,False,0x00,False,63%,0us,0.000V,0.000V,True,False,Charge Active,v01.23.7357,False,False,0x00,0x00,0x00,0x00,0x00,0x00,0x00,200,13,0,0,0,False,1.0V,0.030,1467mV,1,False,False,v01.20.7357
26-05-31 17:48:25.733702,2902,496,1044,620,240,280,1796,200,True,True,True,True,True,True,True,True,2902,496,1044,620,240,280,1796,200,0,0,0,0,0,0,0,0,WPT Ready,0,0,False,0,0,0,0,0,0,75%,50%,False,0x00,False,63%,0us,0.000V,0.000V,True,False,Charge Active,v01.23.7357,False,False,0x00,0x00,0x00,0x00,0x00,0x00,0x00,200,13,0,0,0,False,1.0V,0.030,1467mV,1,False,False,v01.20.7357
26-05-31 17:48:26.018979,2902,496,1044,620,240,280,1796,200,True,True,True,True,True,True,True,True,2902,496,1044,620,240,280,1796,200,0,0,0,0,0,0,0,0,WPT Ready,0,0,False,0,0,0,0,0,0,75%,50%,False,0x00,False,63%,0us,0.000V,0.000V,True,False,Charge Active,v01.23.7357,False,False,0x00,0x00,0x00,0x00,0x00,0x00,0x00,200,13,0,0,0,False,1.0V,0.030,1467mV,1,False,False,v01.20.7357
26-05-31 17:48:26.163145,2902,496,1044,620,240,280,1796,200,True,True,True,True,True,True,True,True,2902,496,1044,620,240,280,1796,200,0,0,0,0,0,0,0,0,WPT Ready,0,0,False,0,0,0,0,0,0,75%,50%,False,0x00,False,63%,0us,0.000V,0.000V,True,False,Charge Active,v01.23.7357,False,False,0x00,0x00,0x00,0x00,0x00,0x00,0x00,200,13,0,0,0,False,1.0V,0.030,1467mV,1,False,False,v01.20.7357
26-05-31 17:48:26.320978,2902,496,1044,620,240,280,1796,200,True,True,True,True,True,True,True,True,2902,496,1044,620,240,280,1796,200,0,0,0,0,0,0,0,0,WPT Ready,0,0,False,0,0,0,0,0,0,75%,50%,False,0x00,False,63%,0us,0.000V,0.000V,True,False,Charge Active,v01.23.7357,False,False,0x00,0x00,0x00,0x00,0x00,0x00,0x00,200,13,0,0,0,False,1.0V,0.030,1467mV,1,False,False,v01.20.7357
26-05-31 17:48:26.633571,2902,496,1044,620,240,280,1796,200,True,True,True,True,True,True,True,True,2902,496,1044,620,240,280,1796,200,0,0,0,0,0,0,0,0,WPT Ready,0,0,False,0,0,0,0,0,0,75%,50%,False,0x00,False,63%,0us,0.000V,0.000V,True,False,Charge Active,v01.23.7357,False,False,0x00,0x00,0x00,0x00,0x00,0x00,0x00,200,13,0,0,0,False,1.0V,0.030,1467mV,1,False,False,v01.20.7357
26-05-31 17:48:26.725843,2902,496,1044,620,240,280,1796,200,True,True,True,True,True,True,True,True,2902,496,1044,620,240,280,1796,200,0,0,0,0,0,0,0,0,WPT Ready,0,0,False,0,0,0,0,0,0,75%,50%,False,0x00,False,63%,0us,0.000V,0.000V,True,False,Charge Active,v01.23.7357,False,False,0x00,0x00,0x00,0x00,0x00,0x00,0x00,200,13,0,0,0,False,1.0V,0.030,1467mV,1,False,False,v01.20.7357
26-05-31 17:48:26.928634,2902,496,1044,620,240,280,1796,200,True,True,True,True,True,True,True,True,2902,496,1044,620,240,280,1796,200,0,0,0,0,0,0,0,0,WPT Ready,0,0,False,0,0,0,0,0,0,75%,50%,False,0x00,False,63%,0us,0.000V,0.000V,True,False,Charge Active,v01.23.7357,False,False,0x00,0x00,0x00,0x00,0x00,0x00,0x00,200,13,0,0,0,False,1.0V,0.030,1467mV,1,False,False,v01.20.7357
26-05-31 17:48:27.132865,2902,496,1044,620,240,280,1796,200,True,True,True,True,True,True,True,True,2902,496,1044,620,240,280,1796,200,0,0,0,0,0,0,0,0,WPT Ready,0,0,False,0,0,0,0,0,0,75%,50%,False,0x00,False,63%,0us,0.000V,0.000V,True,False,Charge Active,v01.23.7357,False,False,0x00,0x00,0x00,0x00,0x00,0x00,0x00,200,13,0,0,0,False,1.0V,0.030,1467mV,1,False,False,v01.20.7357
26-05-31 17:48:27.343155,2902,496,1044,620,240,280,1796,200,True,True,True,True,True,True,True,True,2902,496,1044,620,240,280,1796,200,0,0,0,0,0,0,0,0,WPT Ready,0,0,False,0,0,0,0,0,0,75%,50%,False,0x00,False,63%,0us,0.000V,0.000V,True,False,Charge Active,v01.23.7357,False,False,0x00,0x00,0x00,0x00,0x00,0x00,0x00,200,13,0,0,0,False,1.0V,0.030,1467mV,1,False,False,v01.20.7357
26-05-31 17:48:27.915556,2902,496,1044,620,240,280,1796,200,True,True,True,True,True,True,True,True,2902,496,1044,620,240,280,1796,200,0,0,0,0,0,0,0,0,WPT Ready,0,0,False,0,0,0,0,0,0,75%,50%,False,0x00,False,63%,0us,0.000V,0.000V,True,False,Charge Active,v01.23.7357,False,False,0x00,0x00,0x00,0x00,0x00,0x00,0x00,200,13,0,0,0,False,1.0V,0.030,1467mV,1,False,False,v01.20.7357
26-05-31 17:48:28.094809,2902,496,1044,620,240,280,1796,200,True,True,True,True,True,True,True,True,2902,496,1044,620,240,280,1796,200,0,0,0,0,0,0,0,0,WPT Ready,0,0,False,0,0,0,0,0,0,75%,50%,False,0x00,False,63%,0us,0.000V,0.000V,True,False,Charge Active,v01.23.7357,False,False,0x00,0x00,0x00,0x00,0x00,0x00,0x00,200,13,0,0,0,False,1.0V,0.030,1467mV,1,False,False,v01.20.7357
26-05-31 17:48:28.122463,2902,496,1044,620,240,280,1796,200,True,True,True,True,True,True,True,True,2902,496,1044,620,240,280,1796,200,0,0,0,0,0,0,0,0,WPT Ready,0,0,False,0,0,0,0,0,0,75%,50%,False,0x00,False,63%,0us,0.000V,0.000V,True,False,Charge Active,v01.23.7357,False,False,0x00,0x00,0x00,0x00,0x00,0x00,0x00,200,13,0,0,0,False,1.0V,0.030,1467mV,1,False,False,v01.20.7357
26-05-31 17:48:28.206405,2902,496,1044,620,240,280,1796,200,True,True,True,True,True,True,True,True,2902,496,1044,620,240,280,1796,200,0,0,0,0,0,0,0,0,WPT Ready,0,0,False,0,0,0,0,0,0,75%,50%,False,0x00,False,63%,0us,0.000V,0.000V,True,False,Charge Active,v01.23.7357,False,False,0x00,0x00,0x00,0x00,0x00,0x00,0x00,200,13,0,0,0,False,1.0V,0.030,1467mV,1,False,False,v01.20.7357
26-05-31 17:48:28.312481,2902,496,1044,620,240,280,1796,200,True,True,True,True,True,True,True,True,2902,496,1044,620,240,280,1796,200,0,0,0,0,0,0,0,0,WPT Ready,0,0,False,0,0,0,0,0,0,75%,50%,False,0x00,False,63%,0us,0.000V,0.000V,True,False,Charge Active,v01.23.7357,False,False,0x00,0x00,0x00,0x00,0x00,0x00,0x00,200,13,0,0,0,False,1.0V,0.030,1467mV,1,False,False,v01.20.7357
26-05-31 17:48:28.519620,2902,496,1044,620,240,280,1796,200,True,True,True,True,True,True,True,True,2902,496,1044,620,240,280,1796,200,0,0,0,0,0,0,0,0,WPT Ready,0,0,False,0,0,0,0,0,0,75%,50%,False,0x00,False,63%,0us,0.000V,0.000V,True,False,Charge Active,v01.23.7357,False,False,0x00,0x00,0x00,0x00,0x00,0x00,0x00,200,13,0,0,0,False,1.0V,0.030,1467mV,1,False,False,v01.20.7357
26-05-31 17:48:28.788410,2902,496,1044,620,240,280,1796,200,True,True,True,True,True,True,True,True,2902,496,1044,620,240,280,1796,200,0,0,0,0,0,0,0,0,WPT Ready,0,0,False,0,0,0,0,0,0,75%,50%,False,0x00,False,63%,0us,0.000V,0.000V,True,False,Charge Active,v01.23.7357,False,False,0x00,0x00,0x00,0x00,0x00,0x00,0x00,200,13,0,0,0,False,1.0V,0.030,1467mV,1,False,False,v01.20.7357
26-05-31 17:48:28.923470,2902,496,1044,620,240,280,1796,200,True,True,True,True,True,True,True,True,2902,496,1044,620,240,280,1796,200,0,0,0,0,0,0,0,0,WPT Ready,0,0,False,0,0,0,0,0,0,75%,50%,False,0x00,False,63%,0us,0.000V,0.000V,True,False,Charge Active,v01.23.7357,False,False,0x00,0x00,0x00,0x00,0x00,0x00,0x00,200,13,0,0,0,False,1.0V,0.030,1467mV,1,False,False,v01.20.7357
26-05-31 17:48:29.144477,2902,496,1044,620,240,280,1796,200,True,True,True,True,True,True,True,True,2902,496,1044,620,240,280,1796,200,0,0,0,0,0,0,0,0,WPT Ready,0,0,False,0,0,0,0,0,0,75%,50%,False,0x00,False,63%,0us,0.000V,0.000V,True,False,Charge Active,v01.23.7357,False,False,0x00,0x00,0x00,0x00,0x00,0x00,0x00,200,13,0,0,0,False,1.0V,0.030,1467mV,1,False,False,v01.20.7357
26-05-31 17:48:29.335903,2902,496,1044,620,240,280,1796,200,True,True,True,True,True,True,True,True,2902,496,1044,620,240,280,1796,200,0,0,0,0,0,0,0,0,WPT Ready,0,0,False,0,0,0,0,0,0,75%,50%,False,0x00,False,63%,0us,0.000V,0.000V,True,False,Charge Active,v01.23.7357,False,False,0x00,0x00,0x00,0x00,0x00,0x00,0x00,200,13,0,0,0,False,1.0V,0.030,1467mV,1,False,False,v01.20.7357
26-05-31 17:48:29.534445,2902,496,1044,620,240,280,1796,200,True,True,True,True,True,True,True,True,2902,496,1044,620,240,280,1796,200,0,0,0,0,0,0,0,0,WPT Ready,0,0,False,0,0,0,0,0,0,75%,50%,False,0x00,False,63%,0us,0.000V,0.000V,True,False,Charge Active,v01.23.7357,False,False,0x00,0x00,0x00,0x00,0x00,0x00,0x00,200,13,0,0,0,False,1.0V,0.030,1467mV,1,False,False,v01.20.7357
26-05-31 17:48:29.714373,2902,496,1044,620,240,280,1796,200,True,True,True,True,True,True,True,True,2902,496,1044,620,240,280,1796,200,0,0,0,0,0,0,0,0,WPT Ready,0,0,False,0,0,0,0,0,0,75%,50%,False,0x00,False,63%,0us,0.000V,0.000V,True,False,Charge Active,v01.23.7357,False,False,0x00,0x00,0x00,0x00,0x00,0x00,0x00,200,13,0,0,0,False,1.0V,0.030,1467mV,1,False,False,v01.20.7357
26-05-31 17:48:29.968397,2902,496,1044,620,240,280,1796,200,True,True,True,True,True,True,True,True,2902,496,1044,620,240,280,1796,200,0,0,0,0,0,0,0,0,WPT Ready,0,0,False,0,0,0,0,0,0,75%,50%,False,0x00,False,63%,0us,0.000V,0.000V,True,False,Charge Active,v01.23.7357,False,False,0x00,0x00,0x00,0x00,0x00,0x00,0x00,200,13,0,0,0,False,1.0V,0.030,1467mV,1,False,False,v01.20.7357
26-05-31 17:48:30.110380,2902,496,1044,620,240,280,1796,200,True,True,True,True,True,True,True,True,2902,496,1044,620,240,280,1796,200,0,0,0,0,0,0,0,0,WPT Ready,0,0,False,0,0,0,0,0,0,75%,50%,False,0x00,False,63%,0us,0.000V,0.000V,True,False,Charge Active,v01.23.7357,False,False,0x00,0x00,0x00,0x00,0x00,0x00,0x00,200,13,0,0,0,False,1.0V,0.030,1467mV,1,False,False,v01.20.7357
26-05-31 17:48:30.329437,2902,496,1044,620,240,280,1796,200,True,True,True,True,True,True,True,True,2902,496,1044,620,240,280,1796,200,0,0,0,0,0,0,0,0,WPT Ready,0,0,False,0,0,0,0,0,0,75%,50%,False,0x00,False,63%,0us,0.000V,0.000V,True,False,Charge Active,v01.23.7357,False,False,0x00,0x00,0x00,0x00,0x00,0x00,0x00,200,13,0,0,0,False,1.0V,0.030,1467mV,1,False,False,v01.20.7357
26-05-31 17:48:30.515349,2902,496,1044,620,240,280,1796,200,True,True,True,True,True,True,True,True,2902,496,1044,620,240,280,1796,200,0,0,0,0,0,0,0,0,WPT Ready,0,0,False,0,0,0,0,0,0,75%,50%,False,0x00,False,63%,0us,0.000V,0.000V,True,False,Charge Active,v01.23.7357,False,False,0x00,0x00,0x00,0x00,0x00,0x00,0x00,200,13,0,0,0,False,1.0V,0.030,1467mV,1,False,False,v01.20.7357
26-05-31 17:48:30.717094,2902,496,1044,620,240,280,1796,200,True,True,True,True,True,True,True,True,2902,496,1044,620,240,280,1796,200,0,0,0,0,0,0,0,0,WPT Ready,0,0,False,0,0,0,0,0,0,75%,50%,False,0x00,False,63%,0us,0.000V,0.000V,True,False,Charge Active,v01.23.7357,False,False,0x00,0x00,0x00,0x00,0x00,0x00,0x00,200,13,0,0,0,False,1.0V,0.030,1467mV,1,False,False,v01.20.7357
26-05-31 17:48:30.921282,2902,496,1044,620,240,280,1796,200,True,True,True,True,True,True,True,True,2902,496,1044,620,240,280,1796,200,0,0,0,0,0,0,0,0,WPT Ready,0,0,False,0,0,0,0,0,0,75%,50%,False,0x00,False,63%,0us,0.000V,0.000V,True,False,Charge Active,v01.23.7357,False,False,0x00,0x00,0x00,0x00,0x00,0x00,0x00,200,13,0,0,0,False,1.0V,0.030,1467mV,1,False,False,v01.20.7357
26-05-31 17:48:31.138344,2902,496,1044,620,240,280,1796,200,True,True,True,True,True,True,True,True,2902,496,1044,620,240,280,1796,200,0,0,0,0,0,0,0,0,WPT Ready,0,0,False,0,0,0,0,0,0,75%,50%,False,0x00,False,63%,0us,0.000V,0.000V,True,False,Charge Active,v01.23.7357,False,False,0x00,0x00,0x00,0x00,0x00,0x00,0x00,200,13,0,0,0,False,1.0V,0.030,1467mV,1,False,False,v01.20.7357
26-05-31 17:48:31.317455,2902,496,1044,620,240,280,1796,200,True,True,True,True,True,True,True,True,2902,496,1044,620,240,280,1796,200,0,0,0,0,0,0,0,0,WPT Ready,0,0,False,0,0,0,0,0,0,75%,50%,False,0x00,False,63%,0us,0.000V,0.000V,True,False,Charge Active,v01.23.7357,False,False,0x00,0x00,0x00,0x00,0x00,0x00,0x00,200,13,0,0,0,False,1.0V,0.030,1467mV,1,False,False,v01.20.7357
26-05-31 17:48:31.554384,2902,496,1044,620,240,280,1796,200,True,True,True,True,True,True,True,True,2902,496,1044,620,240,280,1796,200,0,0,0,0,0,0,0,0,WPT Ready,0,0,False,0,0,0,0,0,0,75%,50%,False,0x00,False,63%,0us,0.000V,0.000V,True,False,Charge Active,v01.23.7357,False,False,0x00,0x00,0x00,0x00,0x00,0x00,0x00,200,13,0,0,0,False,1.0V,0.030,1467mV,1,False,False,v01.20.7357
26-05-31 17:48:31.735520,2902,496,1044,620,240,280,1796,200,True,True,True,True,True,True,True,True,2902,496,1044,620,240,280,1796,200,0,0,0,0,0,0,0,0,WPT Ready,0,0,False,0,0,0,0,0,0,75%,50%,False,0x00,False,63%,0us,0.000V,0.000V,True,False,Charge Active,v01.23.7357,False,False,0x00,0x00,0x00,0x00,0x00,0x00,0x00,200,13,0,0,0,False,1.0V,0.030,1467mV,1,False,False,v01.20.7357
26-05-31 17:48:32.295622,2902,496,1044,620,240,280,1796,200,True,True,True,True,True,True,True,True,2902,496,1044,620,240,280,1796,200,0,0,0,0,0,0,0,0,WPT Ready,0,0,False,0,0,0,0,0,0,75%,50%,False,0x00,False,63%,0us,0.000V,0.000V,True,False,Charge Active,v01.23.7357,False,False,0x00,0x00,0x00,0x00,0x00,0x00,0x00,200,13,0,0,0,False,1.0V,0.030,1467mV,1,False,False,v01.20.7357
26-05-31 17:48:32.353883,2902,496,1044,620,240,280,1796,200,True,True,True,True,True,True,True,True,2902,496,1044,620,240,280,1796,200,0,0,0,0,0,0,0,0,WPT Ready,0,0,False,0,0,0,0,0,0,75%,50%,False,0x00,False,63%,0us,0.000V,0.000V,True,False,Charge Active,v01.23.7357,False,False,0x00,0x00,0x00,0x00,0x00,0x00,0x00,200,13,0,0,0,False,1.0V,0.030,1467mV,1,False,False,v01.20.7357
26-05-31 17:48:32.405868,2902,496,1044,620,240,280,1796,200,True,True,True,True,True,True,True,True,2902,496,1044,620,240,280,1796,200,0,0,0,0,0,0,0,0,WPT Ready,0,0,False,0,0,0,0,0,0,75%,50%,False,0x00,False,63%,0us,0.000V,0.000V,True,False,Charge Active,v01.23.7357,False,False,0x00,0x00,0x00,0x00,0x00,0x00,0x00,200,13,0,0,0,False,1.0V,0.030,1467mV,1,False,False,v01.20.7357
26-05-31 17:48:32.539919,2902,496,1044,620,240,280,1796,200,True,True,True,True,True,True,True,True,2902,496,1044,620,240,280,1796,200,0,0,0,0,0,0,0,0,WPT Ready,0,0,False,0,0,0,0,0,0,75%,50%,False,0x00,False,63%,0us,0.000V,0.000V,True,False,Charge Active,v01.23.7357,False,False,0x00,0x00,0x00,0x00,0x00,0x00,0x00,200,13,0,0,0,False,1.0V,0.030,1467mV,1,False,False,v01.20.7357
26-05-31 17:48:32.744280,2902,496,1044,620,240,280,1796,200,True,True,True,True,True,True,True,True,2902,496,1044,620,240,280,1796,200,0,0,0,0,0,0,0,0,WPT Ready,0,0,False,0,0,0,0,0,0,75%,50%,False,0x00,False,63%,0us,0.000V,0.000V,True,False,Charge Active,v01.23.7357,False,False,0x00,0x00,0x00,0x00,0x00,0x00,0x00,200,13,0,0,0,False,1.0V,0.030,1467mV,1,False,False,v01.20.7357
26-05-31 17:48:32.924868,2902,496,1044,620,240,280,1796,200,True,True,True,True,True,True,True,True,2902,496,1044,620,240,280,1796,200,0,0,0,0,0,0,0,0,WPT Ready,0,0,False,0,0,0,0,0,0,75%,50%,False,0x00,False,63%,0us,0.000V,0.000V,True,False,Charge Active,v01.23.7357,False,False,0x00,0x00,0x00,0x00,0x00,0x00,0x00,200,13,0,0,0,False,1.0V,0.030,1467mV,1,False,False,v01.20.7357
26-05-31 17:48:33.119408,2902,496,1044,620,240,280,1796,200,True,True,True,True,True,True,True,True,2902,496,1044,620,240,280,1796,200,0,0,0,0,0,0,0,0,WPT Ready,0,0,False,0,0,0,0,0,0,75%,50%,False,0x00,False,63%,0us,0.000V,0.000V,True,False,Charge Active,v01.23.7357,False,False,0x00,0x00,0x00,0x00,0x00,0x00,0x00,200,13,0,0,0,False,1.0V,0.030,1467mV,1,False,False,v01.20.7357
26-05-31 17:48:33.332606,2902,496,1044,620,240,280,1796,200,True,True,True,True,True,True,True,True,2902,496,1044,620,240,280,1796,200,0,0,0,0,0,0,0,0,WPT Ready,0,0,False,0,0,0,0,0,0,75%,50%,False,0x00,False,63%,0us,0.000V,0.000V,True,False,Charge Active,v01.23.7357,False,False,0x00,0x00,0x00,0x00,0x00,0x00,0x00,200,13,0,0,0,False,1.0V,0.030,1467mV,1,False,False,v01.20.7357
26-05-31 17:48:33.517152,2902,496,1044,620,240,280,1796,200,True,True,True,True,True,True,True,True,2902,496,1044,620,240,280,1796,200,0,0,0,0,0,0,0,0,WPT Ready,0,0,False,0,0,0,0,0,0,75%,50%,False,0x00,False,63%,0us,0.000V,0.000V,True,False,Charge Active,v01.23.7357,False,False,0x00,0x00,0x00,0x00,0x00,0x00,0x00,200,13,0,0,0,False,1.0V,0.030,1467mV,1,False,False,v01.20.7357
26-05-31 17:48:33.802446,2902,496,1044,620,240,280,1796,200,True,True,True,True,True,True,True,True,2902,496,1044,620,240,280,1796,200,0,0,0,0,0,0,0,0,WPT Ready,0,0,False,0,0,0,0,0,0,75%,50%,False,0x00,False,63%,0us,0.000V,0.000V,True,False,Charge Active,v01.23.7357,False,False,0x00,0x00,0x00,0x00,0x00,0x00,0x00,200,13,0,0,0,False,1.0V,0.030,1467mV,1,False,False,v01.20.7357
26-05-31 17:48:33.974629,2902,496,1044,620,240,280,1796,200,True,True,True,True,True,True,True,True,2902,496,1044,620,240,280,1796,200,0,0,0,0,0,0,0,0,WPT Ready,0,0,False,0,0,0,0,0,0,75%,50%,False,0x00,False,63%,0us,0.000V,0.000V,True,False,Charge Active,v01.23.7357,False,False,0x00,0x00,0x00,0x00,0x00,0x00,0x00,200,13,0,0,0,False,1.0V,0.030,1467mV,1,False,False,v01.20.7357
26-05-31 17:48:34.115470,2902,496,1044,620,240,280,1796,200,True,True,True,True,True,True,True,True,2902,496,1044,620,240,280,1796,200,0,0,0,0,0,0,0,0,WPT Ready,0,0,False,0,0,0,0,0,0,75%,50%,False,0x00,False,63%,0us,0.000V,0.000V,True,False,Charge Active,v01.23.7357,False,False,0x00,0x00,0x00,0x00,0x00,0x00,0x00,200,13,0,0,0,False,1.0V,0.030,1467mV,1,False,False,v01.20.7357
26-05-31 17:48:34.341479,2902,496,1044,620,240,280,1796,200,True,True,True,True,True,True,True,True,2902,496,1044,620,240,280,1796,200,0,0,0,0,0,0,0,0,WPT Ready,0,0,False,0,0,0,0,0,0,75%,50%,False,0x00,False,63%,0us,0.000V,0.000V,True,False,Charge Active,v01.23.7357,False,False,0x00,0x00,0x00,0x00,0x00,0x00,0x00,200,13,0,0,0,False,1.0V,0.030,1467mV,1,False,False,v01.20.7357
26-05-31 17:48:34.603575,2902,496,1044,620,240,280,1796,200,True,True,True,True,True,True,True,True,2902,496,1044,620,240,280,1796,200,0,0,0,0,0,0,0,0,WPT Ready,0,0,False,0,0,0,0,0,0,75%,50%,False,0x00,False,63%,0us,0.000V,0.000V,True,False,Charge Active,v01.23.7357,False,False,0x00,0x00,0x00,0x00,0x00,0x00,0x00,200,13,0,0,0,False,1.0V,0.030,1467mV,1,False,False,v01.20.7357
26-05-31 17:48:34.736296,2902,496,1044,620,240,280,1796,200,True,True,True,True,True,True,True,True,2902,496,1044,620,240,280,1796,200,0,0,0,0,0,0,0,0,WPT Ready,0,0,False,0,0,0,0,0,0,75%,50%,False,0x00,False,63%,0us,0.000V,0.000V,True,False,Charge Active,v01.23.7357,False,False,0x00,0x00,0x00,0x00,0x00,0x00,0x00,200,13,0,0,0,False,1.0V,0.030,1467mV,1,False,False,v01.20.7357
26-05-31 17:48:34.939579,2902,496,1044,620,240,280,1796,200,True,True,True,True,True,True,True,True,2902,496,1044,620,240,280,1796,200,0,0,0,0,0,0,0,0,WPT Ready,0,0,False,0,0,0,0,0,0,75%,50%,False,0x00,False,63%,0us,0.000V,0.000V,True,False,Charge Active,v01.23.7357,False,False,0x00,0x00,0x00,0x00,0x00,0x00,0x00,200,13,0,0,0,False,1.0V,0.030,1467mV,1,False,False,v01.20.7357
26-05-31 17:48:35.152226,2902,496,1044,620,240,280,1796,200,True,True,True,True,True,True,True,True,2902,496,1044,620,240,280,1796,200,0,0,0,0,0,0,0,0,WPT Ready,0,0,False,0,0,0,0,0,0,75%,50%,False,0x00,False,63%,0us,0.000V,0.000V,True,False,Charge Active,v01.23.7357,False,False,0x00,0x00,0x00,0x00,0x00,0x00,0x00,200,13,0,0,0,False,1.0V,0.030,1467mV,1,False,False,v01.20.7357
26-05-31 17:48:35.322350,2902,496,1044,620,240,280,1796,200,True,True,True,True,True,True,True,True,2902,496,1044,620,240,280,1796,200,0,0,0,0,0,0,0,0,WPT Ready,0,0,False,0,0,0,0,0,0,75%,50%,False,0x00,False,63%,0us,0.000V,0.000V,True,False,Charge Active,v01.23.7357,False,False,0x00,0x00,0x00,0x00,0x00,0x00,0x00,200,13,0,0,0,False,1.0V,0.030,1467mV,1,False,False,v01.20.7357
26-05-31 17:48:35.544055,2902,496,1044,620,240,280,1796,200,True,True,True,True,True,True,True,True,2902,496,1044,620,240,280,1796,200,0,0,0,0,0,0,0,0,WPT Ready,0,0,False,0,0,0,0,0,0,75%,50%,False,0x00,False,63%,0us,0.000V,0.000V,True,False,Charge Active,v01.23.7357,False,False,0x00,0x00,0x00,0x00,0x00,0x00,0x00,200,13,0,0,0,False,1.0V,0.030,1467mV,1,False,False,v01.20.7357
26-05-31 17:48:35.730781,2902,496,1044,620,240,280,1796,200,True,True,True,True,True,True,True,True,2902,496,1044,620,240,280,1796,200,0,0,0,0,0,0,0,0,WPT Ready,0,0,False,0,0,0,0,0,0,75%,50%,False,0x00,False,63%,0us,0.000V,0.000V,True,False,Charge Active,v01.23.7357,False,False,0x00,0x00,0x00,0x00,0x00,0x00,0x00,200,13,0,0,0,False,1.0V,0.030,1467mV,1,False,False,v01.20.7357
26-05-31 17:48:35.913442,2902,496,1044,620,240,280,1796,200,True,True,True,True,True,True,True,True,2902,496,1044,620,240,280,1796,200,0,0,0,0,0,0,0,0,WPT Ready,0,0,False,0,0,0,0,0,0,75%,50%,False,0x00,False,63%,0us,0.000V,0.000V,True,False,Charge Active,v01.23.7357,False,False,0x00,0x00,0x00,0x00,0x00,0x00,0x00,200,13,0,0,0,False,1.0V,0.030,1467mV,1,False,False,v01.20.7357
26-05-31 17:48:36.170339,2902,496,1044,620,240,280,1796,200,True,True,True,True,True,True,True,True,2902,496,1044,620,240,280,1796,200,0,0,0,0,0,0,0,0,WPT Ready,0,0,False,0,0,0,0,0,0,75%,50%,False,0x00,False,63%,0us,0.000V,0.000V,True,False,Charge Active,v01.23.7357,False,False,0x00,0x00,0x00,0x00,0x00,0x00,0x00,200,13,0,0,0,False,1.0V,0.030,1467mV,1,False,False,v01.20.7357
26-05-31 17:48:36.311309,2902,496,1044,620,240,280,1796,200,True,True,True,True,True,True,True,True,2902,496,1044,620,240,280,1796,200,0,0,0,0,0,0,0,0,WPT Ready,0,0,False,0,0,0,0,0,0,75%,50%,False,0x00,False,63%,0us,0.000V,0.000V,True,False,Charge Active,v01.23.7357,False,False,0x00,0x00,0x00,0x00,0x00,0x00,0x00,200,13,0,0,0,False,1.0V,0.030,1467mV,1,False,False,v01.20.7357
26-05-31 17:48:36.510182,2902,496,1044,620,240,280,1796,200,True,True,True,True,True,True,True,True,2902,496,1044,620,240,280,1796,200,0,0,0,0,0,0,0,0,WPT Ready,0,0,False,0,0,0,0,0,0,75%,50%,False,0x00,False,63%,0us,0.000V,0.000V,True,False,Charge Active,v01.23.7357,False,False,0x00,0x00,0x00,0x00,0x00,0x00,0x00,200,13,0,0,0,False,1.0V,0.030,1467mV,1,False,False,v01.20.7357
26-05-31 17:48:36.742472,2902,496,1044,620,240,280,1796,200,True,True,True,True,True,True,True,True,2902,496,1044,620,240,280,1796,200,0,0,0,0,0,0,0,0,WPT Ready,0,0,False,0,0,0,0,0,0,75%,50%,False,0x00,False,63%,0us,0.000V,0.000V,True,False,Charge Active,v01.23.7357,False,False,0x00,0x00,0x00,0x00,0x00,0x00,0x00,200,13,0,0,0,False,1.0V,0.030,1467mV,1,False,False,v01.20.7357
26-05-31 17:48:36.924231,2902,496,1044,620,240,280,1796,200,True,True,True,True,True,True,True,True,2902,496,1044,620,240,280,1796,200,0,0,0,0,0,0,0,0,WPT Ready,0,0,False,0,0,0,0,0,0,75%,50%,False,0x00,False,63%,0us,0.000V,0.000V,True,False,Charge Active,v01.23.7357,False,False,0x00,0x00,0x00,0x00,0x00,0x00,0x00,200,13,0,0,0,False,1.0V,0.030,1467mV,1,False,False,v01.20.7357
26-05-31 17:48:37.122296,2902,496,1044,620,240,280,1796,200,True,True,True,True,True,True,True,True,2902,496,1044,620,240,280,1796,200,0,0,0,0,0,0,0,0,WPT Ready,0,0,False,0,0,0,0,0,0,75%,50%,False,0x00,False,63%,0us,0.000V,0.000V,True,False,Charge Active,v01.23.7357,False,False,0x00,0x00,0x00,0x00,0x00,0x00,0x00,200,13,0,0,0,False,1.0V,0.030,1467mV,1,False,False,v01.20.7357
26-05-31 17:48:37.347117,2902,496,1044,620,240,280,1796,200,True,True,True,True,True,True,True,True,2902,496,1044,620,240,280,1796,200,0,0,0,0,0,0,0,0,WPT Ready,0,0,False,0,0,0,0,0,0,75%,50%,False,0x00,False,63%,0us,0.000V,0.000V,True,False,Charge Active,v01.23.7357,False,False,0x00,0x00,0x00,0x00,0x00,0x00,0x00,200,13,0,0,0,False,1.0V,0.030,1467mV,1,False,False,v01.20.7357
26-05-31 17:48:37.534256,2902,496,1044,620,240,280,1796,200,True,True,True,True,True,True,True,True,2902,496,1044,620,240,280,1796,200,0,0,0,0,0,0,0,0,WPT Ready,0,0,False,0,0,0,0,0,0,75%,50%,False,0x00,False,63%,0us,0.000V,0.000V,True,False,Charge Active,v01.23.7357,False,False,0x00,0x00,0x00,0x00,0x00,0x00,0x00,200,13,0,0,0,False,1.0V,0.030,1467mV,1,False,False,v01.20.7357
26-05-31 17:48:37.738189,2902,496,1044,620,240,280,1796,200,True,True,True,True,True,True,True,True,2902,496,1044,620,240,280,1796,200,0,0,0,0,0,0,0,0,WPT Ready,0,0,False,0,0,0,0,0,0,75%,50%,False,0x00,False,63%,0us,0.000V,0.000V,True,False,Charge Active,v01.23.7357,False,False,0x00,0x00,0x00,0x00,0x00,0x00,0x00,200,13,0,0,0,False,1.0V,0.030,1467mV,1,False,False,v01.20.7357
26-05-31 17:48:37.971229,2902,496,1044,620,240,280,1796,200,True,True,True,True,True,True,True,True,2902,496,1044,620,240,280,1796,200,0,0,0,0,0,0,0,0,WPT Ready,0,0,False,0,0,0,0,0,0,75%,50%,False,0x00,False,63%,0us,0.000V,0.000V,True,False,Charge Active,v01.23.7357,False,False,0x00,0x00,0x00,0x00,0x00,0x00,0x00,200,13,0,0,0,False,1.0V,0.030,1467mV,1,False,False,v01.20.7357
26-05-31 17:48:38.150603,2902,496,1044,620,240,280,1796,200,True,True,True,True,True,True,True,True,2902,496,1044,620,240,280,1796,200,0,0,0,0,0,0,0,0,WPT Ready,0,0,False,0,0,0,0,0,0,75%,50%,False,0x00,False,63%,0us,0.000V,0.000V,True,False,Charge Active,v01.23.7357,False,False,0x00,0x00,0x00,0x00,0x00,0x00,0x00,200,13,0,0,0,False,1.0V,0.030,1467mV,1,False,False,v01.20.7357
26-05-31 17:48:38.493599,2902,496,1044,620,240,280,1796,200,True,True,True,True,True,True,True,True,2902,496,1044,620,240,280,1796,200,0,0,0,0,0,0,0,0,WPT Ready,0,0,False,0,0,0,0,0,0,75%,50%,False,0x00,False,63%,0us,0.000V,0.000V,True,False,Charge Active,v01.23.7357,False,False,0x00,0x00,0x00,0x00,0x00,0x00,0x00,200,13,0,0,0,False,1.0V,0.030,1467mV,1,False,False,v01.20.7357
26-05-31 17:48:38.549718,2902,496,1044,620,240,280,1796,200,True,True,True,True,True,True,True,True,2902,496,1044,620,240,280,1796,200,0,0,0,0,0,0,0,0,WPT Ready,0,0,False,0,0,0,0,0,0,75%,50%,False,0x00,False,63%,0us,0.000V,0.000V,True,False,Charge Active,v01.23.7357,False,False,0x00,0x00,0x00,0x00,0x00,0x00,0x00,200,13,0,0,0,False,1.0V,0.030,1467mV,1,False,False,v01.20.7357
26-05-31 17:48:38.723528,2902,496,1044,620,240,280,1796,200,True,True,True,True,True,True,True,True,2902,496,1044,620,240,280,1796,200,0,0,0,0,0,0,0,0,WPT Ready,0,0,False,0,0,0,0,0,0,75%,50%,False,0x00,False,63%,0us,0.000V,0.000V,True,False,Charge Active,v01.23.7357,False,False,0x00,0x00,0x00,0x00,0x00,0x00,0x00,200,13,0,0,0,False,1.0V,0.030,1467mV,1,False,False,v01.20.7357
26-05-31 17:48:38.911859,2902,496,1044,620,240,280,1796,200,True,True,True,True,True,True,True,True,2902,496,1044,620,240,280,1796,200,0,0,0,0,0,0,0,0,WPT Ready,0,0,False,0,0,0,0,0,0,75%,50%,False,0x00,False,63%,0us,0.000V,0.000V,True,False,Charge Active,v01.23.7357,False,False,0x00,0x00,0x00,0x00,0x00,0x00,0x00,200,13,0,0,0,False,1.0V,0.030,1467mV,1,False,False,v01.20.7357
26-05-31 17:48:39.112571,2902,496,1044,620,240,280,1796,200,True,True,True,True,True,True,True,True,2902,496,1044,620,240,280,1796,200,0,0,0,0,0,0,0,0,WPT Ready,0,0,False,0,0,0,0,0,0,75%,50%,False,0x00,False,63%,0us,0.000V,0.000V,True,False,Charge Active,v01.23.7357,False,False,0x00,0x00,0x00,0x00,0x00,0x00,0x00,200,13,0,0,0,False,1.0V,0.030,1467mV,1,False,False,v01.20.7357
26-05-31 17:48:39.321403,2902,496,1044,620,240,280,1796,200,True,True,True,True,True,True,True,True,2902,496,1044,620,240,280,1796,200,0,0,0,0,0,0,0,0,WPT Ready,0,0,False,0,0,0,0,0,0,75%,50%,False,0x00,False,63%,0us,0.000V,0.000V,True,False,Charge Active,v01.23.7357,False,False,0x00,0x00,0x00,0x00,0x00,0x00,0x00,200,13,0,0,0,False,1.0V,0.030,1467mV,1,False,False,v01.20.7357
26-05-31 17:48:39.517134,2902,496,1044,620,240,280,1796,200,True,True,True,True,True,True,True,True,2902,496,1044,620,240,280,1796,200,0,0,0,0,0,0,0,0,WPT Ready,0,0,False,0,0,0,0,0,0,75%,50%,False,0x00,False,63%,0us,0.000V,0.000V,True,False,Charge Active,v01.23.7357,False,False,0x00,0x00,0x00,0x00,0x00,0x00,0x00,200,13,0,0,0,False,1.0V,0.030,1467mV,1,False,False,v01.20.7357
26-05-31 17:48:39.713874,2902,496,1044,620,240,280,1796,200,True,True,True,True,True,True,True,True,2902,496,1044,620,240,280,1796,200,0,0,0,0,0,0,0,0,WPT Ready,0,0,False,0,0,0,0,0,0,75%,50%,False,0x00,False,63%,0us,0.000V,0.000V,True,False,Charge Active,v01.23.7357,False,False,0x00,0x00,0x00,0x00,0x00,0x00,0x00,200,13,0,0,0,False,1.0V,0.030,1467mV,1,False,False,v01.20.7357
26-05-31 17:48:40.268511,2902,496,1044,620,240,280,1796,200,True,True,True,True,True,True,True,True,2902,496,1044,620,240,280,1796,200,0,0,0,0,0,0,0,0,WPT Ready,0,0,False,0,0,0,0,0,0,75%,50%,False,0x00,False,63%,0us,0.000V,0.000V,True,False,Charge Active,v01.23.7357,False,False,0x00,0x00,0x00,0x00,0x00,0x00,0x00,200,13,0,0,0,False,1.0V,0.030,1467mV,1,False,False,v01.20.7357
26-05-31 17:48:41.823320,2902,496,1044,620,240,280,1796,200,True,True,True,True,True,True,True,True,2902,496,1044,620,240,280,1796,200,0,0,0,0,0,0,0,0,WPT Ready,0,0,False,0,0,0,0,0,0,75%,50%,False,0x00,False,63%,0us,0.000V,0.000V,True,False,Charge Active,v01.23.7357,False,False,0x00,0x00,0x00,0x00,0x00,0x00,0x00,200,13,0,0,0,False,1.0V,0.030,1467mV,1,False,False,v01.20.7357
26-05-31 17:48:42.303773,2902,496,1044,620,240,280,1796,200,True,True,True,True,True,True,True,True,2902,496,1044,620,240,280,1796,200,0,0,0,0,0,0,0,0,WPT Ready,0,0,False,0,0,0,0,0,0,75%,50%,False,0x00,False,63%,0us,0.000V,0.000V,True,False,Charge Active,v01.23.7357,False,False,0x00,0x00,0x00,0x00,0x00,0x00,0x00,200,13,0,0,0,False,1.0V,0.030,1467mV,1,False,False,v01.20.7357
26-05-31 17:48:43.086022,2902,496,1044,620,240,280,1796,200,True,True,True,True,True,True,True,True,2902,496,1044,620,240,280,1796,200,0,0,0,0,0,0,0,0,WPT Ready,0,0,False,0,0,0,0,0,0,75%,50%,False,0x00,False,63%,0us,0.000V,0.000V,True,False,Charge Active,v01.23.7357,False,False,0x00,0x00,0x00,0x00,0x00,0x00,0x00,200,13,0,0,0,False,1.0V,0.030,1467mV,1,False,False,v01.20.7357
26-05-31 17:48:43.245409,2902,496,1044,620,240,280,1796,200,True,True,True,True,True,True,True,True,2902,496,1044,620,240,280,1796,200,0,0,0,0,0,0,0,0,WPT Ready,0,0,False,0,0,0,0,0,0,75%,50%,False,0x00,False,63%,0us,0.000V,0.000V,True,False,Charge Active,v01.23.7357,False,False,0x00,0x00,0x00,0x00,0x00,0x00,0x00,200,13,0,0,0,False,1.0V,0.030,1467mV,1,False,False,v01.20.7357
26-05-31 17:48:43.275945,2902,496,1044,620,240,280,1796,200,True,True,True,True,True,True,True,True,2902,496,1044,620,240,280,1796,200,0,0,0,0,0,0,0,0,WPT Ready,0,0,False,0,0,0,0,0,0,75%,50%,False,0x00,False,63%,0us,0.000V,0.000V,True,False,Charge Active,v01.23.7357,False,False,0x00,0x00,0x00,0x00,0x00,0x00,0x00,200,13,0,0,0,False,1.0V,0.030,1467mV,1,False,False,v01.20.7357
26-05-31 17:48:43.391216,2902,496,1044,620,240,280,1796,200,True,True,True,True,True,True,True,True,2902,496,1044,620,240,280,1796,200,0,0,0,0,0,0,0,0,WPT Ready,0,0,False,0,0,0,0,0,0,75%,50%,False,0x00,False,63%,0us,0.000V,0.000V,True,False,Charge Active,v01.23.7357,False,False,0x00,0x00,0x00,0x00,0x00,0x00,0x00,200,13,0,0,0,False,1.0V,0.030,1467mV,1,False,False,v01.20.7357
26-05-31 17:48:43.710928,2902,496,1044,620,240,280,1796,200,True,True,True,True,True,True,True,True,2902,496,1044,620,240,280,1796,200,0,0,0,0,0,0,0,0,WPT Ready,0,0,False,0,0,0,0,0,0,75%,50%,False,0x00,False,63%,0us,0.000V,0.000V,True,False,Charge Active,v01.23.7357,False,False,0x00,0x00,0x00,0x00,0x00,0x00,0x00,200,13,0,0,0,False,1.0V,0.030,1467mV,1,False,False,v01.20.7357
26-05-31 17:48:44.568813,2902,496,1044,620,240,280,1796,200,True,True,True,True,True,True,True,True,2902,496,1044,620,240,280,1796,200,0,0,0,0,0,0,0,0,WPT Ready,0,0,False,0,0,0,0,0,0,75%,50%,False,0x00,False,63%,0us,0.000V,0.000V,True,False,Charge Active,v01.23.7357,False,False,0x00,0x00,0x00,0x00,0x00,0x00,0x00,200,13,0,0,0,False,1.0V,0.030,1467mV,1,False,False,v01.20.7357
26-05-31 17:48:44.660865,2902,496,1044,620,240,280,1796,200,True,True,True,True,True,True,True,True,2902,496,1044,620,240,280,1796,200,0,0,0,0,0,0,0,0,WPT Ready,0,0,False,0,0,0,0,0,0,75%,50%,False,0x00,False,63%,0us,0.000V,0.000V,True,False,Charge Active,v01.23.7357,False,False,0x00,0x00,0x00,0x00,0x00,0x00,0x00,200,13,0,0,0,False,1.0V,0.030,1467mV,1,False,False,v01.20.7357
26-05-31 17:48:45.002210,2902,496,1044,620,240,280,1796,200,True,True,True,True,True,True,True,True,2902,496,1044,620,240,280,1796,200,0,0,0,0,0,0,0,0,WPT Ready,0,0,False,0,0,0,0,0,0,75%,50%,False,0x00,False,63%,0us,0.000V,0.000V,True,False,Charge Active,v01.23.7357,False,False,0x00,0x00,0x00,0x00,0x00,0x00,0x00,200,13,0,0,0,False,1.0V,0.030,1467mV,1,False,False,v01.20.7357
26-05-31 17:48:45.857966,2902,496,1044,620,240,280,1796,200,True,True,True,True,True,True,True,True,2902,496,1044,620,240,280,1796,200,0,0,0,0,0,0,0,0,WPT Ready,0,0,False,0,0,0,0,0,0,75%,50%,False,0x00,False,63%,0us,0.000V,0.000V,True,False,Charge Active,v01.23.7357,False,False,0x00,0x00,0x00,0x00,0x00,0x00,0x00,200,13,0,0,0,False,1.0V,0.030,1467mV,1,False,False,v01.20.7357
26-05-31 17:48:45.980018,2902,496,1044,620,240,280,1796,200,True,True,True,True,True,True,True,True,2902,496,1044,620,240,280,1796,200,0,0,0,0,0,0,0,0,WPT Ready,0,0,False,0,0,0,0,0,0,75%,50%,False,0x00,False,63%,0us,0.000V,0.000V,True,False,Charge Active,v01.23.7357,False,False,0x00,0x00,0x00,0x00,0x00,0x00,0x00,200,13,0,0,0,False,1.0V,0.030,1467mV,1,False,False,v01.20.7357
26-05-31 17:48:46.006777,2902,496,1044,620,240,280,1796,200,True,True,True,True,True,True,True,True,2902,496,1044,620,240,280,1796,200,0,0,0,0,0,0,0,0,WPT Ready,0,0,False,0,0,0,0,0,0,75%,50%,False,0x00,False,63%,0us,0.000V,0.000V,True,False,Charge Active,v01.23.7357,False,False,0x00,0x00,0x00,0x00,0x00,0x00,0x00,200,13,0,0,0,False,1.0V,0.030,1467mV,1,False,False,v01.20.7357
26-05-31 17:48:46.293299,2902,496,1044,620,240,280,1796,200,True,True,True,True,True,True,True,True,2902,496,1044,620,240,280,1796,200,0,0,0,0,0,0,0,0,WPT Ready,0,0,False,0,0,0,0,0,0,75%,50%,False,0x00,False,63%,0us,0.000V,0.000V,True,False,Charge Active,v01.23.7357,False,False,0x00,0x00,0x00,0x00,0x00,0x00,0x00,200,13,0,0,0,False,1.0V,0.030,1467mV,1,False,False,v01.20.7357
26-05-31 17:48:47.221846,2902,496,1044,620,240,280,1796,200,True,True,True,True,True,True,True,True,2902,496,1044,620,240,280,1796,200,0,0,0,0,0,0,0,0,WPT Ready,0,0,False,0,0,0,0,0,0,75%,50%,False,0x00,False,63%,0us,0.000V,0.000V,True,False,Charge Active,v01.23.7357,False,False,0x00,0x00,0x00,0x00,0x00,0x00,0x00,200,13,0,0,0,False,1.0V,0.030,1467mV,1,False,False,v01.20.7357
26-05-31 17:48:47.715716,2902,496,1044,620,240,280,1796,200,True,True,True,True,True,True,True,True,2902,496,1044,620,240,280,1796,200,0,0,0,0,0,0,0,0,WPT Ready,0,0,False,0,0,0,0,0,0,75%,50%,False,0x00,False,63%,0us,0.000V,0.000V,True,False,Charge Active,v01.23.7357,False,False,0x00,0x00,0x00,0x00,0x00,0x00,0x00,200,13,0,0,0,False,1.0V,0.030,1467mV,1,False,False,v01.20.7357
26-05-31 17:48:48.538873,2902,496,1044,620,240,280,1796,200,True,True,True,True,True,True,True,True,2902,496,1044,620,240,280,1796,200,0,0,0,0,0,0,0,0,WPT Ready,0,0,False,0,0,0,0,0,0,75%,50%,False,0x00,False,63%,0us,0.000V,0.000V,True,False,Charge Active,v01.23.7357,False,False,0x00,0x00,0x00,0x00,0x00,0x00,0x00,200,13,0,0,0,False,1.0V,0.030,1467mV,1,False,False,v01.20.7357
26-05-31 17:48:48.714506,2902,496,1044,620,240,280,1796,200,True,True,True,True,True,True,True,True,2902,496,1044,620,240,280,1796,200,0,0,0,0,0,0,0,0,WPT Ready,0,0,False,0,0,0,0,0,0,75%,50%,False,0x00,False,63%,0us,0.000V,0.000V,True,False,Charge Active,v01.23.7357,False,False,0x00,0x00,0x00,0x00,0x00,0x00,0x00,200,13,0,0,0,False,1.0V,0.030,1467mV,1,False,False,v01.20.7357
26-05-31 17:48:49.028162,2902,496,1044,620,240,280,1796,200,True,True,True,True,True,True,True,True,2902,496,1044,620,240,280,1796,200,0,0,0,0,0,0,0,0,WPT Ready,0,0,False,0,0,0,0,0,0,75%,50%,False,0x00,False,63%,0us,0.000V,0.000V,True,False,Charge Active,v01.23.7357,False,False,0x00,0x00,0x00,0x00,0x00,0x00,0x00,200,13,0,0,0,False,1.0V,0.030,1467mV,1,False,False,v01.20.7357
26-05-31 17:48:50.487418,2902,496,1044,620,240,280,1796,200,True,True,True,True,True,True,True,True,2902,496,1044,620,240,280,1796,200,0,0,0,0,0,0,0,0,WPT Ready,0,0,False,0,0,0,0,0,0,75%,50%,False,0x00,False,63%,0us,0.000V,0.000V,True,False,Charge Active,v01.23.7357,False,False,0x00,0x00,0x00,0x00,0x00,0x00,0x00,200,13,0,0,0,False,1.0V,0.030,1467mV,1,False,False,v01.20.7357
26-05-31 17:48:51.490105,2902,496,1044,620,240,280,1796,200,True,True,True,True,True,True,True,True,2902,496,1044,620,240,280,1796,200,0,0,0,0,0,0,0,0,WPT Ready,0,0,False,0,0,0,0,0,0,75%,50%,False,0x00,False,63%,0us,0.000V,0.000V,True,False,Charge Active,v01.23.7357,False,False,0x00,0x00,0x00,0x00,0x00,0x00,0x00,200,13,0,0,0,False,1.0V,0.030,1467mV,1,False,False,v01.20.7357
26-05-31 17:48:51.953316,2902,496,1044,620,240,280,1796,200,True,True,True,True,True,True,True,True,2902,496,1044,620,240,280,1796,200,0,0,0,0,0,0,0,0,WPT Ready,0,0,False,0,0,0,0,0,0,75%,50%,False,0x00,False,63%,0us,0.000V,0.000V,True,False,Charge Active,v01.23.7357,False,False,0x00,0x00,0x00,0x00,0x00,0x00,0x00,200,13,0,0,0,False,1.0V,0.030,1467mV,1,False,False,v01.20.7357
26-05-31 17:48:52.974372,2902,496,1044,620,240,280,1796,200,True,True,True,True,True,True,True,True,2902,496,1044,620,240,280,1796,200,0,0,0,0,0,0,0,0,WPT Ready,0,0,False,0,0,0,0,0,0,75%,50%,False,0x00,False,63%,0us,0.000V,0.000V,True,False,Charge Active,v01.23.7357,False,False,0x00,0x00,0x00,0x00,0x00,0x00,0x00,200,13,0,0,0,False,1.0V,0.030,1467mV,1,False,False,v01.20.7357
26-05-31 17:48:54.428491,2902,496,1044,620,240,280,1796,200,True,True,True,True,True,True,True,True,2902,496,1044,620,240,280,1796,200,0,0,0,0,0,0,0,0,WPT Ready,0,0,False,0,0,0,0,0,0,75%,50%,False,0x00,False,63%,0us,0.000V,0.000V,True,False,Charge Active,v01.23.7357,False,False,0x00,0x00,0x00,0x00,0x00,0x00,0x00,200,13,0,0,0,False,1.0V,0.030,1467mV,1,False,False,v01.20.7357
26-05-31 17:48:54.900851,2902,496,1044,620,240,280,1796,200,True,True,True,True,True,True,True,True,2902,496,1044,620,240,280,1796,200,0,0,0,0,0,0,0,0,WPT Ready,0,0,False,0,0,0,0,0,0,75%,50%,False,0x00,False,63%,0us,0.000V,0.000V,True,False,Charge Active,v01.23.7357,False,False,0x00,0x00,0x00,0x00,0x00,0x00,0x00,200,13,0,0,0,False,1.0V,0.030,1467mV,1,False,False,v01.20.7357
26-05-31 17:48:55.960117,2902,496,1044,620,240,280,1796,200,True,True,True,True,True,True,True,True,2902,496,1044,620,240,280,1796,200,0,0,0,0,0,0,0,0,WPT Ready,0,0,False,0,0,0,0,0,0,75%,50%,False,0x00,False,63%,0us,0.000V,0.000V,True,False,Charge Active,v01.23.7357,False,False,0x00,0x00,0x00,0x00,0x00,0x00,0x00,200,13,0,0,0,False,1.0V,0.030,1467mV,1,False,False,v01.20.7357
26-05-31 17:48:56.406965,2902,496,1044,620,240,280,1796,200,True,True,True,True,True,True,True,True,2902,496,1044,620,240,280,1796,200,0,0,0,0,0,0,0,0,WPT Ready,0,0,False,0,0,0,0,0,0,75%,50%,False,0x00,False,63%,0us,0.000V,0.000V,True,False,Charge Active,v01.23.7357,False,False,0x00,0x00,0x00,0x00,0x00,0x00,0x00,200,13,0,0,0,False,1.0V,0.030,1467mV,1,False,False,v01.20.7357
26-05-31 17:48:57.550230,2902,496,1044,620,240,280,1796,200,True,True,True,True,True,True,True,True,2902,496,1044,620,240,280,1796,200,0,0,0,0,0,0,0,0,WPT Ready,0,0,False,0,0,0,0,0,0,75%,50%,False,0x00,False,63%,0us,0.000V,0.000V,True,False,Charge Active,v01.23.7357,False,False,0x00,0x00,0x00,0x00,0x00,0x00,0x00,200,13,0,0,0,False,1.0V,0.030,1467mV,1,False,False,v01.20.7357
26-05-31 17:48:58.012450,2902,496,1044,620,240,280,1796,200,True,True,True,True,True,True,True,True,2902,496,1044,620,240,280,1796,200,0,0,0,0,0,0,0,0,WPT Ready,0,0,False,0,0,0,0,0,0,75%,50%,False,0x00,False,63%,0us,0.000V,0.000V,True,False,Charge Active,v01.23.7357,False,False,0x00,0x00,0x00,0x00,0x00,0x00,0x00,200,13,0,0,0,False,1.0V,0.030,1467mV,1,False,False,v01.20.7357
26-05-31 17:48:59.647412,2902,496,1044,620,240,280,1796,200,True,True,True,True,True,True,True,True,2902,496,1044,620,240,280,1796,200,0,0,0,0,0,0,0,0,WPT Ready,0,0,False,0,0,0,0,0,0,75%,50%,False,0x00,False,63%,0us,0.000V,0.000V,True,False,Charge Active,v01.23.7357,False,False,0x00,0x00,0x00,0x00,0x00,0x00,0x00,200,13,0,0,0,False,1.0V,0.030,1467mV,1,False,False,v01.20.7357
26-05-31 17:49:00.762467,2902,496,1044,620,240,280,1796,200,True,True,True,True,True,True,True,True,2902,496,1044,620,240,280,1796,200,0,0,0,0,0,0,0,0,WPT Ready,0,0,False,0,0,0,0,0,0,75%,50%,False,0x00,False,63%,0us,0.000V,0.000V,True,False,Charge Active,v01.23.7357,False,False,0x00,0x00,0x00,0x00,0x00,0x00,0x00,200,13,0,0,0,False,1.0V,0.030,1467mV,1,False,False,v01.20.7357
26-05-31 17:49:01.249145,2902,496,1044,620,240,280,1796,200,True,True,True,True,True,True,True,True,2902,496,1044,620,240,280,1796,200,0,0,0,0,0,0,0,0,WPT Ready,0,0,False,0,0,0,0,0,0,75%,50%,False,0x00,False,63%,0us,0.000V,0.000V,True,False,Charge Active,v01.23.7357,False,False,0x00,0x00,0x00,0x00,0x00,0x00,0x00,200,13,0,0,0,False,1.0V,0.030,1467mV,1,False,False,v01.20.7357
26-05-31 17:49:02.408684,2902,496,1044,620,240,280,1796,200,True,True,True,True,True,True,True,True,2902,496,1044,620,240,280,1796,200,0,0,0,0,0,0,0,0,WPT Ready,0,0,False,0,0,0,0,0,0,75%,50%,False,0x00,False,63%,0us,0.000V,0.000V,True,False,Charge Active,v01.23.7357,False,False,0x00,0x00,0x00,0x00,0x00,0x00,0x00,200,13,0,0,0,False,1.0V,0.030,1467mV,1,False,False,v01.20.7357
26-05-31 17:49:02.887191,2902,496,1044,620,240,280,1796,200,True,True,True,True,True,True,True,True,2902,496,1044,620,240,280,1796,200,0,0,0,0,0,0,0,0,WPT Ready,0,0,False,0,0,0,0,0,0,75%,50%,False,0x00,False,63%,0us,0.000V,0.000V,True,False,Charge Active,v01.23.7357,False,False,0x00,0x00,0x00,0x00,0x00,0x00,0x00,200,13,0,0,0,False,1.0V,0.030,1467mV,1,False,False,v01.20.7357
26-05-31 17:49:04.017136,2902,496,1044,620,240,280,1796,200,True,True,True,True,True,True,True,True,2902,496,1044,620,240,280,1796,200,0,0,0,0,0,0,0,0,WPT Ready,0,0,False,0,0,0,0,0,0,75%,50%,False,0x00,False,63%,0us,0.000V,0.000V,True,False,Charge Active,v01.23.7357,False,False,0x00,0x00,0x00,0x00,0x00,0x00,0x00,200,13,0,0,0,False,1.0V,0.030,1467mV,1,False,False,v01.20.7357
26-05-31 17:49:04.480596,2902,496,1044,620,240,280,1796,200,True,True,True,True,True,True,True,True,2902,496,1044,620,240,280,1796,200,0,0,0,0,0,0,0,0,WPT Ready,0,0,False,0,0,0,0,0,0,75%,50%,False,0x00,False,63%,0us,0.000V,0.000V,True,False,Charge Active,v01.23.7357,False,False,0x00,0x00,0x00,0x00,0x00,0x00,0x00,200,13,0,0,0,False,1.0V,0.030,1467mV,1,False,False,v01.20.7357
26-05-31 17:49:05.960421,2902,496,1044,620,240,280,1796,200,True,True,True,True,True,True,True,True,2902,496,1044,620,240,280,1796,200,0,0,0,0,0,0,0,0,WPT Ready,0,0,False,0,0,0,0,0,0,75%,50%,False,0x00,False,63%,0us,0.000V,0.000V,True,False,Charge Active,v01.23.7357,False,False,0x00,0x00,0x00,0x00,0x00,0x00,0x00,200,13,0,0,0,False,1.0V,0.030,1467mV,1,False,False,v01.20.7357
26-05-31 17:49:07.024351,2902,496,1044,620,240,280,1796,200,True,True,True,True,True,True,True,True,2902,496,1044,620,240,280,1796,200,0,0,0,0,0,0,0,0,WPT Ready,0,0,False,0,0,0,0,0,0,75%,50%,False,0x00,False,63%,0us,0.000V,0.000V,True,False,Charge Active,v01.23.7357,False,False,0x00,0x00,0x00,0x00,0x00,0x00,0x00,200,13,0,0,0,False,1.0V,0.030,1467mV,1,False,False,v01.20.7357
26-05-31 17:49:07.495076,2902,496,1044,620,240,280,1796,200,True,True,True,True,True,True,True,True,2902,496,1044,620,240,280,1796,200,0,0,0,0,0,0,0,0,WPT Ready,0,0,False,0,0,0,0,0,0,75%,50%,False,0x00,False,63%,0us,0.000V,0.000V,True,False,Charge Active,v01.23.7357,False,False,0x00,0x00,0x00,0x00,0x00,0x00,0x00,200,13,0,0,0,False,1.0V,0.030,1467mV,1,False,False,v01.20.7357
26-05-31 17:49:08.521573,2902,496,1044,620,240,280,1796,200,True,True,True,True,True,True,True,True,2902,496,1044,620,240,280,1796,200,0,0,0,0,0,0,0,0,WPT Ready,0,0,False,0,0,0,0,0,0,75%,50%,False,0x00,False,63%,0us,0.000V,0.000V,True,False,Charge Active,v01.23.7357,False,False,0x00,0x00,0x00,0x00,0x00,0x00,0x00,200,13,0,0,0,False,1.0V,0.030,1467mV,1,False,False,v01.20.7357
26-05-31 17:49:08.956773,2902,496,1044,620,240,280,1796,200,True,True,True,True,True,True,True,True,2902,496,1044,620,240,280,1796,200,0,0,0,0,0,0,0,0,WPT Ready,0,0,False,0,0,0,0,0,0,75%,50%,False,0x00,False,63%,0us,0.000V,0.000V,True,False,Charge Active,v01.23.7357,False,False,0x00,0x00,0x00,0x00,0x00,0x00,0x00,200,13,0,0,0,False,1.0V,0.030,1467mV,1,False,False,v01.20.7357
26-05-31 17:49:10.037907,2902,496,1044,620,240,280,1796,200,True,True,True,True,True,True,True,True,2902,496,1044,620,240,280,1796,200,0,0,0,0,0,0,0,0,WPT Ready,0,0,False,0,0,0,0,0,0,75%,50%,False,0x00,False,63%,0us,0.000V,0.000V,True,False,Charge Active,v01.23.7357,False,False,0x00,0x00,0x00,0x00,0x00,0x00,0x00,200,13,0,0,0,False,1.0V,0.030,1467mV,1,False,False,v01.20.7357
26-05-31 17:49:11.603494,2902,496,1044,620,240,280,1796,200,True,True,True,True,True,True,True,True,2902,496,1044,620,240,280,1796,200,0,0,0,0,0,0,0,0,WPT Ready,0,0,False,0,0,0,0,0,0,75%,50%,False,0x00,False,63%,0us,0.000V,0.000V,True,False,Charge Active,v01.23.7357,False,False,0x00,0x00,0x00,0x00,0x00,0x00,0x00,200,13,0,0,0,False,1.0V,0.030,1467mV,1,False,False,v01.20.7357
26-05-31 17:49:13.546595,2902,496,1044,620,240,280,1796,200,True,True,True,True,True,True,True,True,2902,496,1044,620,240,280,1796,200,0,0,0,0,0,0,0,0,WPT Ready,0,0,False,0,0,0,0,0,0,75%,50%,False,0x00,False,63%,0us,0.000V,0.000V,True,False,Charge Active,v01.23.7357,False,False,0x00,0x00,0x00,0x00,0x00,0x00,0x00,200,13,0,0,0,False,1.0V,0.030,1467mV,1,False,False,v01.20.7357
26-05-31 17:49:14.210718,2902,496,1044,620,240,280,1796,200,True,True,True,True,True,True,True,True,2902,496,1044,620,240,280,1796,200,0,0,0,0,0,0,0,0,WPT Ready,0,0,False,0,0,0,0,0,0,75%,50%,False,0x00,False,63%,0us,0.000V,0.000V,True,False,Charge Active,v01.23.7357,False,False,0x00,0x00,0x00,0x00,0x00,0x00,0x00,200,13,0,0,0,False,1.0V,0.030,1467mV,1,False,False,v01.20.7357
26-05-31 17:49:15.584815,2902,496,1044,620,240,280,1796,200,True,True,True,True,True,True,True,True,2902,496,1044,620,240,280,1796,200,0,0,0,0,0,0,0,0,WPT Ready,0,0,False,0,0,0,0,0,0,75%,50%,False,0x00,False,63%,0us,0.000V,0.000V,True,False,Charge Active,v01.23.7357,False,False,0x00,0x00,0x00,0x00,0x00,0x00,0x00,200,13,0,0,0,False,1.0V,0.030,1467mV,1,False,False,v01.20.7357
26-05-31 17:49:16.205865,2902,496,1044,620,240,280,1796,200,True,True,True,True,True,True,True,True,2902,496,1044,620,240,280,1796,200,0,0,0,0,0,0,0,0,WPT Ready,0,0,False,0,0,0,0,0,0,75%,50%,False,0x00,False,63%,0us,0.000V,0.000V,True,False,Charge Active,v01.23.7357,False,False,0x00,0x00,0x00,0x00,0x00,0x00,0x00,200,13,0,0,0,False,1.0V,0.030,1467mV,1,False,False,v01.20.7357
26-05-31 17:49:17.623372,2902,496,1044,620,240,280,1796,200,True,True,True,True,True,True,True,True,2902,496,1044,620,240,280,1796,200,0,0,0,0,0,0,0,0,WPT Ready,0,0,False,0,0,0,0,0,0,75%,50%,False,0x00,False,63%,0us,0.000V,0.000V,True,False,Charge Active,v01.23.7357,False,False,0x00,0x00,0x00,0x00,0x00,0x00,0x00,200,13,0,0,0,False,1.0V,0.030,1467mV,1,False,False,v01.20.7357
26-05-31 17:49:18.301659,2902,496,1044,620,240,280,1796,200,True,True,True,True,True,True,True,True,2902,496,1044,620,240,280,1796,200,0,0,0,0,0,0,0,0,WPT Ready,0,0,False,0,0,0,0,0,0,75%,50%,False,0x00,False,63%,0us,0.000V,0.000V,True,False,Charge Active,v01.23.7357,False,False,0x00,0x00,0x00,0x00,0x00,0x00,0x00,200,13,0,0,0,False,1.0V,0.030,1467mV,1,False,False,v01.20.7357
26-05-31 17:49:19.734052,2902,496,1044,620,240,280,1796,200,True,True,True,True,True,True,True,True,2902,496,1044,620,240,280,1796,200,0,0,0,0,0,0,0,0,WPT Ready,0,0,False,0,0,0,0,0,0,75%,50%,False,0x00,False,63%,0us,0.000V,0.000V,True,False,Charge Active,v01.23.7357,False,False,0x00,0x00,0x00,0x00,0x00,0x00,0x00,200,13,0,0,0,False,1.0V,0.030,1467mV,1,False,False,v01.20.7357
26-05-31 17:49:21.760028,2902,496,1044,620,240,280,1796,200,True,True,True,True,True,True,True,True,2902,496,1044,620,240,280,1796,200,0,0,0,0,0,0,0,0,WPT Ready,0,0,False,0,0,0,0,0,0,75%,50%,False,0x00,False,63%,0us,0.000V,0.000V,True,False,Charge Active,v01.23.7357,False,False,0x00,0x00,0x00,0x00,0x00,0x00,0x00,200,13,0,0,0,False,1.0V,0.030,1467mV,1,False,False,v01.20.7357
26-05-31 17:49:22.376478,2902,496,1044,620,240,280,1796,200,True,True,True,True,True,True,True,True,2902,496,1044,620,240,280,1796,200,0,0,0,0,0,0,0,0,WPT Ready,0,0,False,0,0,0,0,0,0,75%,50%,False,0x00,False,63%,0us,0.000V,0.000V,True,False,Charge Active,v01.23.7357,False,False,0x00,0x00,0x00,0x00,0x00,0x00,0x00,200,13,0,0,0,False,1.0V,0.030,1467mV,1,False,False,v01.20.7357
26-05-31 17:49:23.810256,2902,496,1044,620,240,280,1796,200,True,True,True,True,True,True,True,True,2902,496,1044,620,240,280,1796,200,0,0,0,0,0,0,0,0,WPT Ready,0,0,False,0,0,0,0,0,0,75%,50%,False,0x00,False,63%,0us,0.000V,0.000V,True,False,Charge Active,v01.23.7357,False,False,0x00,0x00,0x00,0x00,0x00,0x00,0x00,200,13,0,0,0,False,1.0V,0.030,1467mV,1,False,False,v01.20.7357
26-05-31 17:49:24.471736,2902,496,1044,620,240,280,1796,200,True,True,True,True,True,True,True,True,2902,496,1044,620,240,280,1796,200,0,0,0,0,0,0,0,0,WPT Ready,0,0,False,0,0,0,0,0,0,75%,50%,False,0x00,False,63%,0us,0.000V,0.000V,True,False,Charge Active,v01.23.7357,False,False,0x00,0x00,0x00,0x00,0x00,0x00,0x00,200,13,0,0,0,False,1.0V,0.030,1467mV,1,False,False,v01.20.7357
26-05-31 17:49:25.866700,2902,496,1044,620,240,280,1796,200,True,True,True,True,True,True,True,True,2902,496,1044,620,240,280,1796,200,0,0,0,0,0,0,0,0,WPT Ready,0,0,False,0,0,0,0,0,0,75%,50%,False,0x00,False,63%,0us,0.000V,0.000V,True,False,Charge Active,v01.23.7357,False,False,0x00,0x00,0x00,0x00,0x00,0x00,0x00,200,13,0,0,0,False,1.0V,0.030,1467mV,1,False,False,v01.20.7357
26-05-31 17:49:26.453785,2902,496,1044,620,240,280,1796,200,True,True,True,True,True,True,True,True,2902,496,1044,620,240,280,1796,200,0,0,0,0,0,0,0,0,WPT Ready,0,0,False,0,0,0,0,0,0,75%,50%,False,0x00,False,63%,0us,0.000V,0.000V,True,False,Charge Active,v01.23.7357,False,False,0x00,0x00,0x00,0x00,0x00,0x00,0x00,200,13,0,0,0,False,1.0V,0.030,1467mV,1,False,False,v01.20.7357
26-05-31 17:49:27.964656,2902,496,1044,620,240,280,1796,200,True,True,True,True,True,True,True,True,2902,496,1044,620,240,280,1796,200,0,0,0,0,0,0,0,0,WPT Ready,0,0,False,0,0,0,0,0,0,75%,50%,False,0x00,False,63%,0us,0.000V,0.000V,True,False,Charge Active,v01.23.7357,False,False,0x00,0x00,0x00,0x00,0x00,0x00,0x00,200,13,0,0,0,False,1.0V,0.030,1467mV,1,False,False,v01.20.7357
26-05-31 17:49:28.160467,2902,496,1044,620,240,280,1796,200,True,True,True,True,True,True,True,True,2902,496,1044,620,240,280,1796,200,0,0,0,0,0,0,0,0,WPT Ready,0,0,False,0,0,0,0,0,0,75%,50%,False,0x00,False,63%,0us,0.000V,0.000V,True,False,Charge Active,v01.23.7357,False,False,0x00,0x00,0x00,0x00,0x00,0x00,0x00,200,13,0,0,0,False,1.0V,0.030,1467mV,1,False,False,v01.20.7357
26-05-31 17:49:28.185394,2902,496,1044,620,240,280,1796,200,True,True,True,True,True,True,True,True,2902,496,1044,620,240,280,1796,200,0,0,0,0,0,0,0,0,WPT Ready,0,0,False,0,0,0,0,0,0,75%,50%,False,0x00,False,63%,0us,0.000V,0.000V,True,False,Charge Active,v01.23.7357,False,False,0x00,0x00,0x00,0x00,0x00,0x00,0x00,200,13,0,0,0,False,1.0V,0.030,1467mV,1,False,False,v01.20.7357
26-05-31 17:49:28.231616,2902,496,1044,620,240,280,1796,200,True,True,True,True,True,True,True,True,2902,496,1044,620,240,280,1796,200,0,0,0,0,0,0,0,0,WPT Ready,0,0,False,0,0,0,0,0,0,75%,50%,False,0x00,False,63%,0us,0.000V,0.000V,True,False,Charge Active,v01.23.7357,False,False,0x00,0x00,0x00,0x00,0x00,0x00,0x00,200,13,0,0,0,False,1.0V,0.030,1467mV,1,False,False,v01.20.7357
26-05-31 17:49:28.252626,2902,496,1044,620,240,280,1796,200,True,True,True,True,True,True,True,True,2902,496,1044,620,240,280,1796,200,0,0,0,0,0,0,0,0,WPT Ready,0,0,False,0,0,0,0,0,0,75%,50%,False,0x00,False,63%,0us,0.000V,0.000V,True,False,Charge Active,v01.23.7357,False,False,0x00,0x00,0x00,0x00,0x00,0x00,0x00,200,13,0,0,0,False,1.0V,0.030,1467mV,1,False,False,v01.20.7357
26-05-31 17:49:28.313227,2902,496,1044,620,240,280,1796,200,True,True,True,True,True,True,True,True,2902,496,1044,620,240,280,1796,200,0,0,0,0,0,0,0,0,WPT Ready,0,0,False,0,0,0,0,0,0,75%,50%,False,0x00,False,63%,0us,0.000V,0.000V,True,False,Charge Active,v01.23.7357,False,False,0x00,0x00,0x00,0x00,0x00,0x00,0x00,200,13,0,0,0,False,1.0V,0.030,1467mV,1,False,False,v01.20.7357
26-05-31 17:49:28.334638,2902,496,1044,620,240,280,1796,200,True,True,True,True,True,True,True,True,2902,496,1044,620,240,280,1796,200,0,0,0,0,0,0,0,0,WPT Ready,0,0,False,0,0,0,0,0,0,75%,50%,False,0x00,False,63%,0us,0.000V,0.000V,True,False,Charge Active,v01.23.7357,False,False,0x00,0x00,0x00,0x00,0x00,0x00,0x00,200,13,0,0,0,False,1.0V,0.030,1467mV,1,False,False,v01.20.7357
26-05-31 17:49:28.388591,2902,496,1044,620,240,280,1796,200,True,True,True,True,True,True,True,True,2902,496,1044,620,240,280,1796,200,0,0,0,0,0,0,0,0,WPT Ready,0,0,False,0,0,0,0,0,0,75%,50%,False,0x00,False,63%,0us,0.000V,0.000V,True,False,Charge Active,v01.23.7357,False,False,0x00,0x00,0x00,0x00,0x00,0x00,0x00,200,13,0,0,0,False,1.0V,0.030,1467mV,1,False,False,v01.20.7357
26-05-31 17:49:28.414393,2902,496,1044,620,240,280,1796,200,True,True,True,True,True,True,True,True,2902,496,1044,620,240,280,1796,200,0,0,0,0,0,0,0,0,WPT Ready,0,0,False,0,0,0,0,0,0,75%,50%,False,0x00,False,63%,0us,0.000V,0.000V,True,False,Charge Active,v01.23.7357,False,False,0x00,0x00,0x00,0x00,0x00,0x00,0x00,200,13,0,0,0,False,1.0V,0.030,1467mV,1,False,False,v01.20.7357
26-05-31 17:49:28.493286,2902,496,1044,620,240,280,1796,200,True,True,True,True,True,True,True,True,2902,496,1044,620,240,280,1796,200,0,0,0,0,0,0,0,0,WPT Ready,0,0,False,0,0,0,0,0,0,75%,50%,False,0x00,False,63%,0us,0.000V,0.000V,True,False,Charge Active,v01.23.7357,False,False,0x00,0x00,0x00,0x00,0x00,0x00,0x00,200,13,0,0,0,False,1.0V,0.030,1467mV,1,False,False,v01.20.7357
26-05-31 17:49:28.573670,2902,496,1044,620,240,280,1796,200,True,True,True,True,True,True,True,True,2902,496,1044,620,240,280,1796,200,0,0,0,0,0,0,0,0,WPT Ready,0,0,False,0,0,0,0,0,0,75%,50%,False,0x00,False,63%,0us,0.000V,0.000V,True,False,Charge Active,v01.23.7357,False,False,0x00,0x00,0x00,0x00,0x00,0x00,0x00,200,13,0,0,0,False,1.0V,0.030,1467mV,1,False,False,v01.20.7357
26-05-31 17:49:28.593742,2902,496,1044,620,240,280,1796,200,True,True,True,True,True,True,True,True,2902,496,1044,620,240,280,1796,200,0,0,0,0,0,0,0,0,WPT Ready,0,0,False,0,0,0,0,0,0,75%,50%,False,0x00,False,63%,0us,0.000V,0.000V,True,False,Charge Active,v01.23.7357,False,False,0x00,0x00,0x00,0x00,0x00,0x00,0x00,200,13,0,0,0,False,1.0V,0.030,1467mV,1,False,False,v01.20.7357
26-05-31 17:49:28.670121,2902,496,1044,620,240,280,1796,200,True,True,True,True,True,True,True,True,2902,496,1044,620,240,280,1796,200,0,0,0,0,0,0,0,0,WPT Ready,0,0,False,0,0,0,0,0,0,75%,50%,False,0x00,False,63%,0us,0.000V,0.000V,True,False,Charge Active,v01.23.7357,False,False,0x00,0x00,0x00,0x00,0x00,0x00,0x00,200,13,0,0,0,False,1.0V,0.030,1467mV,1,False,False,v01.20.7357
26-05-31 17:49:28.690562,2902,496,1044,620,240,280,1796,200,True,True,True,True,True,True,True,True,2902,496,1044,620,240,280,1796,200,0,0,0,0,0,0,0,0,WPT Ready,0,0,False,0,0,0,0,0,0,75%,50%,False,0x00,False,63%,0us,0.000V,0.000V,True,False,Charge Active,v01.23.7357,False,False,0x00,0x00,0x00,0x00,0x00,0x00,0x00,200,13,0,0,0,False,1.0V,0.030,1467mV,1,False,False,v01.20.7357
26-05-31 17:49:28.761021,2902,496,1044,620,240,280,1796,200,True,True,True,True,True,True,True,True,2902,496,1044,620,240,280,1796,200,0,0,0,0,0,0,0,0,WPT Ready,0,0,False,0,0,0,0,0,0,75%,50%,False,0x00,False,63%,0us,0.000V,0.000V,True,False,Charge Active,v01.23.7357,False,False,0x00,0x00,0x00,0x00,0x00,0x00,0x00,200,13,0,0,0,False,1.0V,0.030,1467mV,1,False,False,v01.20.7357
26-05-31 17:49:28.781146,2902,496,1044,620,240,280,1796,200,True,True,True,True,True,True,True,True,2902,496,1044,620,240,280,1796,200,0,0,0,0,0,0,0,0,WPT Ready,0,0,False,0,0,0,0,0,0,75%,50%,False,0x00,False,63%,0us,0.000V,0.000V,True,False,Charge Active,v01.23.7357,False,False,0x00,0x00,0x00,0x00,0x00,0x00,0x00,200,13,0,0,0,False,1.0V,0.030,1467mV,1,False,False,v01.20.7357
26-05-31 17:49:28.862694,2902,496,1044,620,240,280,1796,200,True,True,True,True,True,True,True,True,2902,496,1044,620,240,280,1796,200,0,0,0,0,0,0,0,0,WPT Ready,0,0,False,0,0,0,0,0,0,75%,50%,False,0x00,False,63%,0us,0.000V,0.000V,True,False,Charge Active,v01.23.7357,False,False,0x00,0x00,0x00,0x00,0x00,0x00,0x00,200,13,0,0,0,False,1.0V,0.030,1467mV,1,False,False,v01.20.7357
26-05-31 17:49:28.913279,2902,496,1044,620,240,280,1796,200,True,True,True,True,True,True,True,True,2902,496,1044,620,240,280,1796,200,0,0,0,0,0,0,0,0,WPT Ready,0,0,False,0,0,0,0,0,0,75%,50%,False,0x00,False,63%,0us,0.000V,0.000V,True,False,Charge Active,v01.23.7357,False,False,0x00,0x00,0x00,0x00,0x00,0x00,0x00,200,13,0,0,0,False,1.0V,0.030,1467mV,1,False,False,v01.20.7357
26-05-31 17:49:28.933544,2902,496,1044,620,240,280,1796,200,True,True,True,True,True,True,True,True,2902,496,1044,620,240,280,1796,200,0,0,0,0,0,0,0,0,WPT Ready,0,0,False,0,0,0,0,0,0,75%,50%,False,0x00,False,63%,0us,0.000V,0.000V,True,False,Charge Active,v01.23.7357,False,False,0x00,0x00,0x00,0x00,0x00,0x00,0x00,200,13,0,0,0,False,1.0V,0.030,1467mV,1,False,False,v01.20.7357
26-05-31 17:49:29.001162,2902,496,1044,620,240,280,1796,200,True,True,True,True,True,True,True,True,2902,496,1044,620,240,280,1796,200,0,0,0,0,0,0,0,0,WPT Ready,0,0,False,0,0,0,0,0,0,75%,50%,False,0x00,False,63%,0us,0.000V,0.000V,True,False,Charge Active,v01.23.7357,False,False,0x00,0x00,0x00,0x00,0x00,0x00,0x00,200,13,0,0,0,False,1.0V,0.030,1467mV,1,False,False,v01.20.7357
26-05-31 17:49:29.021189,2902,496,1044,620,240,280,1796,200,True,True,True,True,True,True,True,True,2902,496,1044,620,240,280,1796,200,0,0,0,0,0,0,0,0,WPT Ready,0,0,False,0,0,0,0,0,0,75%,50%,False,0x00,False,63%,0us,0.000V,0.000V,True,False,Charge Active,v01.23.7357,False,False,0x00,0x00,0x00,0x00,0x00,0x00,0x00,200,13,0,0,0,False,1.0V,0.030,1467mV,1,False,False,v01.20.7357
26-05-31 17:49:29.076920,2902,496,1044,620,240,280,1796,200,True,True,True,True,True,True,True,True,2902,496,1044,620,240,280,1796,200,0,0,0,0,0,0,0,0,WPT Ready,0,0,False,0,0,0,0,0,0,75%,50%,False,0x00,False,63%,0us,0.000V,0.000V,True,False,Charge Active,v01.23.7357,False,False,0x00,0x00,0x00,0x00,0x00,0x00,0x00,200,13,0,0,0,False,1.0V,0.030,1467mV,1,False,False,v01.20.7357
26-05-31 17:49:29.116185,2902,496,1044,620,240,280,1796,200,True,True,True,True,True,True,True,True,2902,496,1044,620,240,280,1796,200,0,0,0,0,0,0,0,0,WPT Ready,0,0,False,0,0,0,0,0,0,75%,50%,False,0x00,False,63%,0us,0.000V,0.000V,True,False,Charge Active,v01.23.7357,False,False,0x00,0x00,0x00,0x00,0x00,0x00,0x00,200,13,0,0,0,False,1.0V,0.030,1467mV,1,False,False,v01.20.7357
26-05-31 17:49:29.158304,2902,496,1044,620,240,280,1796,200,True,True,True,True,True,True,True,True,2902,496,1044,620,240,280,1796,200,0,0,0,0,0,0,0,0,WPT Ready,0,0,False,0,0,0,0,0,0,75%,50%,False,0x00,False,63%,0us,0.000V,0.000V,True,False,Charge Active,v01.23.7357,False,False,0x00,0x00,0x00,0x00,0x00,0x00,0x00,200,13,0,0,0,False,1.0V,0.030,1467mV,1,False,False,v01.20.7357
26-05-31 17:49:29.244301,2902,496,1044,620,240,280,1796,200,True,True,True,True,True,True,True,True,2902,496,1044,620,240,280,1796,200,0,0,0,0,0,0,0,0,WPT Ready,0,0,False,0,0,0,0,0,0,75%,50%,False,0x00,False,63%,0us,0.000V,0.000V,True,False,Charge Active,v01.23.7357,False,False,0x00,0x00,0x00,0x00,0x00,0x00,0x00,200,13,0,0,0,False,1.0V,0.030,1467mV,1,False,False,v01.20.7357
26-05-31 17:49:29.264703,2902,496,1044,620,240,280,1796,200,True,True,True,True,True,True,True,True,2902,496,1044,620,240,280,1796,200,0,0,0,0,0,0,0,0,WPT Ready,0,0,False,0,0,0,0,0,0,75%,50%,False,0x00,False,63%,0us,0.000V,0.000V,True,False,Charge Active,v01.23.7357,False,False,0x00,0x00,0x00,0x00,0x00,0x00,0x00,200,13,0,0,0,False,1.0V,0.030,1467mV,1,False,False,v01.20.7357
26-05-31 17:49:29.318180,2902,496,1044,620,240,280,1796,200,True,True,True,True,True,True,True,True,2902,496,1044,620,240,280,1796,200,0,0,0,0,0,0,0,0,WPT Ready,0,0,False,0,0,0,0,0,0,75%,50%,False,0x00,False,63%,0us,0.000V,0.000V,True,False,Charge Active,v01.23.7357,False,False,0x00,0x00,0x00,0x00,0x00,0x00,0x00,200,13,0,0,0,False,1.0V,0.030,1467mV,1,False,False,v01.20.7357
26-05-31 17:49:29.349567,2902,496,1044,620,240,280,1796,200,True,True,True,True,True,True,True,True,2902,496,1044,620,240,280,1796,200,0,0,0,0,0,0,0,0,WPT Ready,0,0,False,0,0,0,0,0,0,75%,50%,False,0x00,False,63%,0us,0.000V,0.000V,True,False,Charge Active,v01.23.7357,False,False,0x00,0x00,0x00,0x00,0x00,0x00,0x00,200,13,0,0,0,False,1.0V,0.030,1467mV,1,False,False,v01.20.7357
26-05-31 17:49:29.393152,2902,496,1044,620,240,280,1796,200,True,True,True,True,True,True,True,True,2902,496,1044,620,240,280,1796,200,0,0,0,0,0,0,0,0,WPT Ready,0,0,False,0,0,0,0,0,0,75%,50%,False,0x00,False,63%,0us,0.000V,0.000V,True,False,Charge Active,v01.23.7357,False,False,0x00,0x00,0x00,0x00,0x00,0x00,0x00,200,13,0,0,0,False,1.0V,0.030,1467mV,1,False,False,v01.20.7357
26-05-31 17:49:29.413572,2902,496,1044,620,240,280,1796,200,True,True,True,True,True,True,True,True,2902,496,1044,620,240,280,1796,200,0,0,0,0,0,0,0,0,WPT Ready,0,0,False,0,0,0,0,0,0,75%,50%,False,0x00,False,63%,0us,0.000V,0.000V,True,False,Charge Active,v01.23.7357,False,False,0x00,0x00,0x00,0x00,0x00,0x00,0x00,200,13,0,0,0,False,1.0V,0.030,1467mV,1,False,False,v01.20.7357
26-05-31 17:49:29.486415,2902,496,1044,620,240,280,1796,200,True,True,True,True,True,True,True,True,2902,496,1044,620,240,280,1796,200,0,0,0,0,0,0,0,0,WPT Ready,0,0,False,0,0,0,0,0,0,75%,50%,False,0x00,False,63%,0us,0.000V,0.000V,True,False,Charge Active,v01.23.7357,False,False,0x00,0x00,0x00,0x00,0x00,0x00,0x00,200,13,0,0,0,False,1.0V,0.030,1467mV,1,False,False,v01.20.7357
26-05-31 17:49:29.506844,2902,496,1044,620,240,280,1796,200,True,True,True,True,True,True,True,True,2902,496,1044,620,240,280,1796,200,0,0,0,0,0,0,0,0,WPT Ready,0,0,False,0,0,0,0,0,0,75%,50%,False,0x00,False,63%,0us,0.000V,0.000V,True,False,Charge Active,v01.23.7357,False,False,0x00,0x00,0x00,0x00,0x00,0x00,0x00,200,13,0,0,0,False,1.0V,0.030,1467mV,1,False,False,v01.20.7357
26-05-31 17:49:29.579211,2902,496,1044,620,240,280,1796,200,True,True,True,True,True,True,True,True,2902,496,1044,620,240,280,1796,200,0,0,0,0,0,0,0,0,WPT Ready,0,0,False,0,0,0,0,0,0,75%,50%,False,0x00,False,63%,0us,0.000V,0.000V,True,False,Charge Active,v01.23.7357,False,False,0x00,0x00,0x00,0x00,0x00,0x00,0x00,200,13,0,0,0,False,1.0V,0.030,1467mV,1,False,False,v01.20.7357
26-05-31 17:49:29.622819,2902,496,1044,620,240,280,1796,200,True,True,True,True,True,True,True,True,2902,496,1044,620,240,280,1796,200,0,0,0,0,0,0,0,0,WPT Ready,0,0,False,0,0,0,0,0,0,75%,50%,False,0x00,False,63%,0us,0.000V,0.000V,True,False,Charge Active,v01.23.7357,False,False,0x00,0x00,0x00,0x00,0x00,0x00,0x00,200,13,0,0,0,False,1.0V,0.030,1467mV,1,False,False,v01.20.7357
26-05-31 17:49:29.643654,2902,496,1044,620,240,280,1796,200,True,True,True,True,True,True,True,True,2902,496,1044,620,240,280,1796,200,0,0,0,0,0,0,0,0,WPT Ready,0,0,False,0,0,0,0,0,0,75%,50%,False,0x00,False,63%,0us,0.000V,0.000V,True,False,Charge Active,v01.23.7357,False,False,0x00,0x00,0x00,0x00,0x00,0x00,0x00,200,13,0,0,0,False,1.0V,0.030,1467mV,1,False,False,v01.20.7357
26-05-31 17:49:29.716972,2902,496,1044,620,240,280,1796,200,True,True,True,True,True,True,True,True,2902,496,1044,620,240,280,1796,200,0,0,0,0,0,0,0,0,WPT Ready,0,0,False,0,0,0,0,0,0,75%,50%,False,0x00,False,63%,0us,0.000V,0.000V,True,False,Charge Active,v01.23.7357,False,False,0x00,0x00,0x00,0x00,0x00,0x00,0x00,200,13,0,0,0,False,1.0V,0.030,1467mV,1,False,False,v01.20.7357
26-05-31 17:49:29.737526,2902,496,1044,620,240,280,1796,200,True,True,True,True,True,True,True,True,2902,496,1044,620,240,280,1796,200,0,0,0,0,0,0,0,0,WPT Ready,0,0,False,0,0,0,0,0,0,75%,50%,False,0x00,False,63%,0us,0.000V,0.000V,True,False,Charge Active,v01.23.7357,False,False,0x00,0x00,0x00,0x00,0x00,0x00,0x00,200,13,0,0,0,False,1.0V,0.030,1467mV,1,False,False,v01.20.7357
26-05-31 17:49:29.788007,2902,496,1044,620,240,280,1796,200,True,True,True,True,True,True,True,True,2902,496,1044,620,240,280,1796,200,0,0,0,0,0,0,0,0,WPT Ready,0,0,False,0,0,0,0,0,0,75%,50%,False,0x00,False,63%,0us,0.000V,0.000V,True,False,Charge Active,v01.23.7357,False,False,0x00,0x00,0x00,0x00,0x00,0x00,0x00,200,13,0,0,0,False,1.0V,0.030,1467mV,1,False,False,v01.20.7357
26-05-31 17:49:29.815795,2902,496,1044,620,240,280,1796,200,True,True,True,True,True,True,True,True,2902,496,1044,620,240,280,1796,200,0,0,0,0,0,0,0,0,WPT Ready,0,0,False,0,0,0,0,0,0,75%,50%,False,0x00,False,63%,0us,0.000V,0.000V,True,False,Charge Active,v01.23.7357,False,False,0x00,0x00,0x00,0x00,0x00,0x00,0x00,200,13,0,0,0,False,1.0V,0.030,1467mV,1,False,False,v01.20.7357
26-05-31 17:49:29.860324,2902,496,1044,620,240,280,1796,200,True,True,True,True,True,True,True,True,2902,496,1044,620,240,280,1796,200,0,0,0,0,0,0,0,0,WPT Ready,0,0,False,0,0,0,0,0,0,75%,50%,False,0x00,False,63%,0us,0.000V,0.000V,True,False,Charge Active,v01.23.7357,False,False,0x00,0x00,0x00,0x00,0x00,0x00,0x00,200,13,0,0,0,False,1.0V,0.030,1467mV,1,False,False,v01.20.7357
26-05-31 17:49:29.952755,2902,496,1044,620,240,280,1796,200,True,True,True,True,True,True,True,True,2902,496,1044,620,240,280,1796,200,0,0,0,0,0,0,0,0,WPT Ready,0,0,False,0,0,0,0,0,0,75%,50%,False,0x00,False,63%,0us,0.000V,0.000V,True,False,Charge Active,v01.23.7357,False,False,0x00,0x00,0x00,0x00,0x00,0x00,0x00,200,13,0,0,0,False,1.0V,0.030,1467mV,1,False,False,v01.20.7357
26-05-31 17:49:29.972739,2902,496,1044,620,240,280,1796,200,True,True,True,True,True,True,True,True,2902,496,1044,620,240,280,1796,200,0,0,0,0,0,0,0,0,WPT Ready,0,0,False,0,0,0,0,0,0,75%,50%,False,0x00,False,63%,0us,0.000V,0.000V,True,False,Charge Active,v01.23.7357,False,False,0x00,0x00,0x00,0x00,0x00,0x00,0x00,200,13,0,0,0,False,1.0V,0.030,1467mV,1,False,False,v01.20.7357
26-05-31 17:49:30.035759,2902,496,1044,620,240,280,1796,200,True,True,True,True,True,True,True,True,2902,496,1044,620,240,280,1796,200,0,0,0,0,0,0,0,0,WPT Ready,0,0,False,0,0,0,0,0,0,75%,50%,False,0x00,False,63%,0us,0.000V,0.000V,True,False,Charge Active,v01.23.7357,False,False,0x00,0x00,0x00,0x00,0x00,0x00,0x00,200,13,0,0,0,False,1.0V,0.030,1467mV,1,False,False,v01.20.7357
26-05-31 17:49:30.068540,2902,496,1044,620,240,280,1796,200,True,True,True,True,True,True,True,True,2902,496,1044,620,240,280,1796,200,0,0,0,0,0,0,0,0,WPT Ready,0,0,False,0,0,0,0,0,0,75%,50%,False,0x00,False,63%,0us,0.000V,0.000V,True,False,Charge Active,v01.23.7357,False,False,0x00,0x00,0x00,0x00,0x00,0x00,0x00,200,13,0,0,0,False,1.0V,0.030,1467mV,1,False,False,v01.20.7357
26-05-31 17:49:30.114624,2902,496,1044,620,240,280,1796,200,True,True,True,True,True,True,True,True,2902,496,1044,620,240,280,1796,200,0,0,0,0,0,0,0,0,WPT Ready,0,0,False,0,0,0,0,0,0,75%,50%,False,0x00,False,63%,0us,0.000V,0.000V,True,False,Charge Active,v01.23.7357,False,False,0x00,0x00,0x00,0x00,0x00,0x00,0x00,200,13,0,0,0,False,1.0V,0.030,1467mV,1,False,False,v01.20.7357
26-05-31 17:49:30.136217,2902,496,1044,620,240,280,1796,200,True,True,True,True,True,True,True,True,2902,496,1044,620,240,280,1796,200,0,0,0,0,0,0,0,0,WPT Ready,0,0,False,0,0,0,0,0,0,75%,50%,False,0x00,False,63%,0us,0.000V,0.000V,True,False,Charge Active,v01.23.7357,False,False,0x00,0x00,0x00,0x00,0x00,0x00,0x00,200,13,0,0,0,False,1.0V,0.030,1467mV,1,False,False,v01.20.7357
26-05-31 17:49:30.200138,2902,496,1044,620,240,280,1796,200,True,True,True,True,True,True,True,True,2902,496,1044,620,240,280,1796,200,0,0,0,0,0,0,0,0,WPT Ready,0,0,False,0,0,0,0,0,0,75%,50%,False,0x00,False,63%,0us,0.000V,0.000V,True,False,Charge Active,v01.23.7357,False,False,0x00,0x00,0x00,0x00,0x00,0x00,0x00,200,13,0,0,0,False,1.0V,0.030,1467mV,1,False,False,v01.20.7357
26-05-31 17:49:30.269197,2902,496,1044,620,240,280,1796,200,True,True,True,True,True,True,True,True,2902,496,1044,620,240,280,1796,200,0,0,0,0,0,0,0,0,WPT Ready,0,0,False,0,0,0,0,0,0,75%,50%,False,0x00,False,63%,0us,0.000V,0.000V,True,False,Charge Active,v01.23.7357,False,False,0x00,0x00,0x00,0x00,0x00,0x00,0x00,200,13,0,0,0,False,1.0V,0.030,1467mV,1,False,False,v01.20.7357
26-05-31 17:49:30.290847,2902,496,1044,620,240,280,1796,200,True,True,True,True,True,True,True,True,2902,496,1044,620,240,280,1796,200,0,0,0,0,0,0,0,0,WPT Ready,0,0,False,0,0,0,0,0,0,75%,50%,False,0x00,False,63%,0us,0.000V,0.000V,True,False,Charge Active,v01.23.7357,False,False,0x00,0x00,0x00,0x00,0x00,0x00,0x00,200,13,0,0,0,False,1.0V,0.030,1467mV,1,False,False,v01.20.7357
26-05-31 17:49:30.340298,2902,496,1044,620,240,280,1796,200,True,True,True,True,True,True,True,True,2902,496,1044,620,240,280,1796,200,0,0,0,0,0,0,0,0,WPT Ready,0,0,False,0,0,0,0,0,0,75%,50%,False,0x00,False,63%,0us,0.000V,0.000V,True,False,Charge Active,v01.23.7357,False,False,0x00,0x00,0x00,0x00,0x00,0x00,0x00,200,13,0,0,0,False,1.0V,0.030,1467mV,1,False,False,v01.20.7357
26-05-31 17:49:30.429356,2902,496,1044,620,240,280,1796,200,True,True,True,True,True,True,True,True,2902,496,1044,620,240,280,1796,200,0,0,0,0,0,0,0,0,WPT Ready,0,0,False,0,0,0,0,0,0,75%,50%,False,0x00,False,63%,0us,0.000V,0.000V,True,False,Charge Active,v01.23.7357,False,False,0x00,0x00,0x00,0x00,0x00,0x00,0x00,200,13,0,0,0,False,1.0V,0.030,1467mV,1,False,False,v01.20.7357
26-05-31 17:49:30.449399,2902,496,1044,620,240,280,1796,200,True,True,True,True,True,True,True,True,2902,496,1044,620,240,280,1796,200,0,0,0,0,0,0,0,0,WPT Ready,0,0,False,0,0,0,0,0,0,75%,50%,False,0x00,False,63%,0us,0.000V,0.000V,True,False,Charge Active,v01.23.7357,False,False,0x00,0x00,0x00,0x00,0x00,0x00,0x00,200,13,0,0,0,False,1.0V,0.030,1467mV,1,False,False,v01.20.7357
26-05-31 17:49:30.499809,2902,496,1044,620,240,280,1796,200,True,True,True,True,True,True,True,True,2902,496,1044,620,240,280,1796,200,0,0,0,0,0,0,0,0,WPT Ready,0,0,False,0,0,0,0,0,0,75%,50%,False,0x00,False,63%,0us,0.000V,0.000V,True,False,Charge Active,v01.23.7357,False,False,0x00,0x00,0x00,0x00,0x00,0x00,0x00,200,13,0,0,0,False,1.0V,0.030,1467mV,1,False,False,v01.20.7357
26-05-31 17:49:30.541057,2902,496,1044,620,240,280,1796,200,True,True,True,True,True,True,True,True,2902,496,1044,620,240,280,1796,200,0,0,0,0,0,0,0,0,WPT Ready,0,0,False,0,0,0,0,0,0,75%,50%,False,0x00,False,63%,0us,0.000V,0.000V,True,False,Charge Active,v01.23.7357,False,False,0x00,0x00,0x00,0x00,0x00,0x00,0x00,200,13,0,0,0,False,1.0V,0.030,1467mV,1,False,False,v01.20.7357
26-05-31 17:49:30.585447,2902,496,1044,620,240,280,1796,200,True,True,True,True,True,True,True,True,2902,496,1044,620,240,280,1796,200,0,0,0,0,0,0,0,0,WPT Ready,0,0,False,0,0,0,0,0,0,75%,50%,False,0x00,False,63%,0us,0.000V,0.000V,True,False,Charge Active,v01.23.7357,False,False,0x00,0x00,0x00,0x00,0x00,0x00,0x00,200,13,0,0,0,False,1.0V,0.030,1467mV,1,False,False,v01.20.7357
26-05-31 17:49:30.605809,2902,496,1044,620,240,280,1796,200,True,True,True,True,True,True,True,True,2902,496,1044,620,240,280,1796,200,0,0,0,0,0,0,0,0,WPT Ready,0,0,False,0,0,0,0,0,0,75%,50%,False,0x00,False,63%,0us,0.000V,0.000V,True,False,Charge Active,v01.23.7357,False,False,0x00,0x00,0x00,0x00,0x00,0x00,0x00,200,13,0,0,0,False,1.0V,0.030,1467mV,1,False,False,v01.20.7357
26-05-31 17:49:30.662262,2902,496,1044,620,240,280,1796,200,True,True,True,True,True,True,True,True,2902,496,1044,620,240,280,1796,200,0,0,0,0,0,0,0,0,WPT Ready,0,0,False,0,0,0,0,0,0,75%,50%,False,0x00,False,63%,0us,0.000V,0.000V,True,False,Charge Active,v01.23.7357,False,False,0x00,0x00,0x00,0x00,0x00,0x00,0x00,200,13,0,0,0,False,1.0V,0.030,1467mV,1,False,False,v01.20.7357
26-05-31 17:49:30.734788,2902,496,1044,620,240,280,1796,200,True,True,True,True,True,True,True,True,2902,496,1044,620,240,280,1796,200,0,0,0,0,0,0,0,0,WPT Ready,0,0,False,0,0,0,0,0,0,75%,50%,False,0x00,False,63%,0us,0.000V,0.000V,True,False,Charge Active,v01.23.7357,False,False,0x00,0x00,0x00,0x00,0x00,0x00,0x00,200,13,0,0,0,False,1.0V,0.030,1467mV,1,False,False,v01.20.7357
26-05-31 17:49:30.767922,2902,496,1044,620,240,280,1796,200,True,True,True,True,True,True,True,True,2902,496,1044,620,240,280,1796,200,0,0,0,0,0,0,0,0,WPT Ready,0,0,False,0,0,0,0,0,0,75%,50%,False,0x00,False,63%,0us,0.000V,0.000V,True,False,Charge Active,v01.23.7357,False,False,0x00,0x00,0x00,0x00,0x00,0x00,0x00,200,13,0,0,0,False,1.0V,0.030,1467mV,1,False,False,v01.20.7357
26-05-31 17:49:30.812700,2902,496,1044,620,240,280,1796,200,True,True,True,True,True,True,True,True,2902,496,1044,620,240,280,1796,200,0,0,0,0,0,0,0,0,WPT Ready,0,0,False,0,0,0,0,0,0,75%,50%,False,0x00,False,63%,0us,0.000V,0.000V,True,False,Charge Active,v01.23.7357,False,False,0x00,0x00,0x00,0x00,0x00,0x00,0x00,200,13,0,0,0,False,1.0V,0.030,1467mV,1,False,False,v01.20.7357
26-05-31 17:49:30.833073,2902,496,1044,620,240,280,1796,200,True,True,True,True,True,True,True,True,2902,496,1044,620,240,280,1796,200,0,0,0,0,0,0,0,0,WPT Ready,0,0,False,0,0,0,0,0,0,75%,50%,False,0x00,False,63%,0us,0.000V,0.000V,True,False,Charge Active,v01.23.7357,False,False,0x00,0x00,0x00,0x00,0x00,0x00,0x00,200,13,0,0,0,False,1.0V,0.030,1467mV,1,False,False,v01.20.7357
26-05-31 17:49:30.896482,2902,496,1044,620,240,280,1796,200,True,True,True,True,True,True,True,True,2902,496,1044,620,240,280,1796,200,0,0,0,0,0,0,0,0,WPT Ready,0,0,False,0,0,0,0,0,0,75%,50%,False,0x00,False,63%,0us,0.000V,0.000V,True,False,Charge Active,v01.23.7357,False,False,0x00,0x00,0x00,0x00,0x00,0x00,0x00,200,13,0,0,0,False,1.0V,0.030,1467mV,1,False,False,v01.20.7357
26-05-31 17:49:30.916484,2902,496,1044,620,240,280,1796,200,True,True,True,True,True,True,True,True,2902,496,1044,620,240,280,1796,200,0,0,0,0,0,0,0,0,WPT Ready,0,0,False,0,0,0,0,0,0,75%,50%,False,0x00,False,63%,0us,0.000V,0.000V,True,False,Charge Active,v01.23.7357,False,False,0x00,0x00,0x00,0x00,0x00,0x00,0x00,200,13,0,0,0,False,1.0V,0.030,1467mV,1,False,False,v01.20.7357
26-05-31 17:49:30.968672,2902,496,1044,620,240,280,1796,200,True,True,True,True,True,True,True,True,2902,496,1044,620,240,280,1796,200,0,0,0,0,0,0,0,0,WPT Ready,0,0,False,0,0,0,0,0,0,75%,50%,False,0x00,False,63%,0us,0.000V,0.000V,True,False,Charge Active,v01.23.7357,False,False,0x00,0x00,0x00,0x00,0x00,0x00,0x00,200,13,0,0,0,False,1.0V,0.030,1467mV,1,False,False,v01.20.7357
26-05-31 17:49:31.035509,2902,496,1044,620,240,280,1796,200,True,True,True,True,True,True,True,True,2902,496,1044,620,240,280,1796,200,0,0,0,0,0,0,0,0,WPT Ready,0,0,False,0,0,0,0,0,0,75%,50%,False,0x00,False,63%,0us,0.000V,0.000V,True,False,Charge Active,v01.23.7357,False,False,0x00,0x00,0x00,0x00,0x00,0x00,0x00,200,13,0,0,0,False,1.0V,0.030,1467mV,1,False,False,v01.20.7357
26-05-31 17:49:31.056572,2902,496,1044,620,240,280,1796,200,True,True,True,True,True,True,True,True,2902,496,1044,620,240,280,1796,200,0,0,0,0,0,0,0,0,WPT Ready,0,0,False,0,0,0,0,0,0,75%,50%,False,0x00,False,63%,0us,0.000V,0.000V,True,False,Charge Active,v01.23.7357,False,False,0x00,0x00,0x00,0x00,0x00,0x00,0x00,200,13,0,0,0,False,1.0V,0.030,1467mV,1,False,False,v01.20.7357
26-05-31 17:49:31.115693,2902,496,1044,620,240,280,1796,200,True,True,True,True,True,True,True,True,2902,496,1044,620,240,280,1796,200,0,0,0,0,0,0,0,0,WPT Ready,0,0,False,0,0,0,0,0,0,75%,50%,False,0x00,False,63%,0us,0.000V,0.000V,True,False,Charge Active,v01.23.7357,False,False,0x00,0x00,0x00,0x00,0x00,0x00,0x00,200,13,0,0,0,False,1.0V,0.030,1467mV,1,False,False,v01.20.7357
26-05-31 17:49:31.141519,2902,496,1044,620,240,280,1796,200,True,True,True,True,True,True,True,True,2902,496,1044,620,240,280,1796,200,0,0,0,0,0,0,0,0,WPT Ready,0,0,False,0,0,0,0,0,0,75%,50%,False,0x00,False,63%,0us,0.000V,0.000V,True,False,Charge Active,v01.23.7357,False,False,0x00,0x00,0x00,0x00,0x00,0x00,0x00,200,13,0,0,0,False,1.0V,0.030,1467mV,1,False,False,v01.20.7357
26-05-31 17:49:31.190797,2902,496,1044,620,240,280,1796,200,True,True,True,True,True,True,True,True,2902,496,1044,620,240,280,1796,200,0,0,0,0,0,0,0,0,WPT Ready,0,0,False,0,0,0,0,0,0,75%,50%,False,0x00,False,63%,0us,0.000V,0.000V,True,False,Charge Active,v01.23.7357,False,False,0x00,0x00,0x00,0x00,0x00,0x00,0x00,200,13,0,0,0,False,1.0V,0.030,1467mV,1,False,False,v01.20.7357
26-05-31 17:49:31.210839,2902,496,1044,620,240,280,1796,200,True,True,True,True,True,True,True,True,2902,496,1044,620,240,280,1796,200,0,0,0,0,0,0,0,0,WPT Ready,0,0,False,0,0,0,0,0,0,75%,50%,False,0x00,False,63%,0us,0.000V,0.000V,True,False,Charge Active,v01.23.7357,False,False,0x00,0x00,0x00,0x00,0x00,0x00,0x00,200,13,0,0,0,False,1.0V,0.030,1467mV,1,False,False,v01.20.7357
26-05-31 17:49:31.272617,2902,496,1044,620,240,280,1796,200,True,True,True,True,True,True,True,True,2902,496,1044,620,240,280,1796,200,0,0,0,0,0,0,0,0,WPT Ready,0,0,False,0,0,0,0,0,0,75%,50%,False,0x00,False,63%,0us,0.000V,0.000V,True,False,Charge Active,v01.23.7357,False,False,0x00,0x00,0x00,0x00,0x00,0x00,0x00,200,13,0,0,0,False,1.0V,0.030,1467mV,1,False,False,v01.20.7357
26-05-31 17:49:31.292617,2902,496,1044,620,240,280,1796,200,True,True,True,True,True,True,True,True,2902,496,1044,620,240,280,1796,200,0,0,0,0,0,0,0,0,WPT Ready,0,0,False,0,0,0,0,0,0,75%,50%,False,0x00,False,63%,0us,0.000V,0.000V,True,False,Charge Active,v01.23.7357,False,False,0x00,0x00,0x00,0x00,0x00,0x00,0x00,200,13,0,0,0,False,1.0V,0.030,1467mV,1,False,False,v01.20.7357
26-05-31 17:49:31.361026,2902,496,1044,620,240,280,1796,200,True,True,True,True,True,True,True,True,2902,496,1044,620,240,280,1796,200,0,0,0,0,0,0,0,0,WPT Ready,0,0,False,0,0,0,0,0,0,75%,50%,False,0x00,False,63%,0us,0.000V,0.000V,True,False,Charge Active,v01.23.7357,False,False,0x00,0x00,0x00,0x00,0x00,0x00,0x00,200,13,0,0,0,False,1.0V,0.030,1467mV,1,False,False,v01.20.7357
26-05-31 17:49:31.412248,2902,496,1044,620,240,280,1796,200,True,True,True,True,True,True,True,True,2902,496,1044,620,240,280,1796,200,0,0,0,0,0,0,0,0,WPT Ready,0,0,False,0,0,0,0,0,0,75%,50%,False,0x00,False,63%,0us,0.000V,0.000V,True,False,Charge Active,v01.23.7357,False,False,0x00,0x00,0x00,0x00,0x00,0x00,0x00,200,13,0,0,0,False,1.0V,0.030,1467mV,1,False,False,v01.20.7357
26-05-31 17:49:31.432555,2902,496,1044,620,240,280,1796,200,True,True,True,True,True,True,True,True,2902,496,1044,620,240,280,1796,200,0,0,0,0,0,0,0,0,WPT Ready,0,0,False,0,0,0,0,0,0,75%,50%,False,0x00,False,63%,0us,0.000V,0.000V,True,False,Charge Active,v01.23.7357,False,False,0x00,0x00,0x00,0x00,0x00,0x00,0x00,200,13,0,0,0,False,1.0V,0.030,1467mV,1,False,False,v01.20.7357
26-05-31 17:49:31.878336,2902,496,1044,620,240,280,1796,200,True,True,True,True,True,True,True,True,2902,496,1044,620,240,280,1796,200,0,0,0,0,0,0,0,0,WPT Ready,0,0,False,0,0,0,0,0,0,75%,50%,False,0x00,False,63%,0us,0.000V,0.000V,True,False,Charge Active,v01.23.7357,False,False,0x00,0x00,0x00,0x00,0x00,0x00,0x00,200,13,0,0,0,False,1.0V,0.030,1467mV,1,False,False,v01.20.7357
26-05-31 17:49:31.915410,2902,496,1044,620,240,280,1796,200,True,True,True,True,True,True,True,True,2902,496,1044,620,240,280,1796,200,0,0,0,0,0,0,0,0,WPT Ready,0,0,False,0,0,0,0,0,0,75%,50%,False,0x00,False,63%,0us,0.000V,0.000V,True,False,Charge Active,v01.23.7357,False,False,0x00,0x00,0x00,0x00,0x00,0x00,0x00,200,13,0,0,0,False,1.0V,0.030,1467mV,1,False,False,v01.20.7357
26-05-31 17:49:31.953972,2902,496,1044,620,240,280,1796,200,True,True,True,True,True,True,True,True,2902,496,1044,620,240,280,1796,200,0,0,0,0,0,0,0,0,WPT Ready,0,0,False,0,0,0,0,0,0,75%,50%,False,0x00,False,63%,0us,0.000V,0.000V,True,False,Charge Active,v01.23.7357,False,False,0x00,0x00,0x00,0x00,0x00,0x00,0x00,200,13,0,0,0,False,1.0V,0.030,1467mV,1,False,False,v01.20.7357
26-05-31 17:49:31.974264,2902,496,1044,620,240,280,1796,200,True,True,True,True,True,True,True,True,2902,496,1044,620,240,280,1796,200,0,0,0,0,0,0,0,0,WPT Ready,0,0,False,0,0,0,0,0,0,75%,50%,False,0x00,False,63%,0us,0.000V,0.000V,True,False,Charge Active,v01.23.7357,False,False,0x00,0x00,0x00,0x00,0x00,0x00,0x00,200,13,0,0,0,False,1.0V,0.030,1467mV,1,False,False,v01.20.7357
26-05-31 17:49:34.042668,2902,496,1044,620,240,280,1796,200,True,True,True,True,True,True,True,True,2902,496,1044,620,240,280,1796,200,0,0,0,0,0,0,0,0,WPT Ready,0,0,False,0,0,0,0,0,0,75%,50%,False,0x00,False,63%,0us,0.000V,0.000V,True,False,Charge Active,v01.23.7357,False,False,0x00,0x00,0x00,0x00,0x00,0x00,0x00,200,13,0,0,0,False,1.0V,0.030,1467mV,1,False,False,v01.20.7357
26-05-31 17:49:34.718667,2902,496,1044,620,240,280,1796,200,True,True,True,True,True,True,True,True,2902,496,1044,620,240,280,1796,200,0,0,0,0,0,0,0,0,WPT Ready,0,0,False,0,0,0,0,0,0,75%,50%,False,0x00,False,63%,0us,0.000V,0.000V,True,False,Charge Active,v01.23.7357,False,False,0x00,0x00,0x00,0x00,0x00,0x00,0x00,200,13,0,0,0,False,1.0V,0.030,1467mV,1,False,False,v01.20.7357
26-05-31 17:49:35.733852,2902,496,1044,620,240,280,1796,200,True,True,True,True,True,True,True,True,2902,496,1044,620,240,280,1796,200,0,0,0,0,0,0,0,0,WPT Ready,0,0,False,0,0,0,0,0,0,75%,50%,False,0x00,False,63%,0us,0.000V,0.000V,True,False,Charge Active,v01.23.7357,False,False,0x00,0x00,0x00,0x00,0x00,0x00,0x00,200,13,0,0,0,False,1.0V,0.030,1467mV,1,False,False,v01.20.7357
26-05-31 17:49:36.309721,2902,496,1044,620,240,280,1796,200,True,True,True,True,True,True,True,True,2902,496,1044,620,240,280,1796,200,0,0,0,0,0,0,0,0,WPT Ready,0,0,False,0,0,0,0,0,0,75%,50%,False,0x00,False,63%,0us,0.000V,0.000V,True,False,Charge Active,v01.23.7357,False,False,0x00,0x00,0x00,0x00,0x00,0x00,0x00,200,13,0,0,0,False,1.0V,0.030,1467mV,1,False,False,v01.20.7357
26-05-31 17:49:37.431783,2902,496,1044,620,240,280,1796,200,True,True,True,True,True,True,True,True,2902,496,1044,620,240,280,1796,200,0,0,0,0,0,0,0,0,WPT Ready,0,0,False,0,0,0,0,0,0,75%,50%,False,0x00,False,63%,0us,0.000V,0.000V,True,False,Charge Active,v01.23.7357,False,False,0x00,0x00,0x00,0x00,0x00,0x00,0x00,200,13,0,0,0,False,1.0V,0.030,1467mV,1,False,False,v01.20.7357
26-05-31 17:49:38.056079,2902,496,1044,620,240,280,1796,200,True,True,True,True,True,True,True,True,2902,496,1044,620,240,280,1796,200,0,0,0,0,0,0,0,0,WPT Ready,0,0,False,0,0,0,0,0,0,75%,50%,False,0x00,False,63%,0us,0.000V,0.000V,True,False,Charge Active,v01.23.7357,False,False,0x00,0x00,0x00,0x00,0x00,0x00,0x00,200,13,0,0,0,False,1.0V,0.030,1467mV,1,False,False,v01.20.7357
26-05-31 17:49:39.222417,2902,496,1044,620,240,280,1796,200,True,True,True,True,True,True,True,True,2902,496,1044,620,240,280,1796,200,0,0,0,0,0,0,0,0,WPT Ready,0,0,False,0,0,0,0,0,0,75%,50%,False,0x00,False,63%,0us,0.000V,0.000V,True,False,Charge Active,v01.23.7357,False,False,0x00,0x00,0x00,0x00,0x00,0x00,0x00,200,13,0,0,0,False,1.0V,0.030,1467mV,1,False,False,v01.20.7357
26-05-31 17:49:39.839285,2902,496,1044,620,240,280,1796,200,True,True,True,True,True,True,True,True,2902,496,1044,620,240,280,1796,200,0,0,0,0,0,0,0,0,WPT Ready,0,0,False,0,0,0,0,0,0,75%,50%,False,0x00,False,63%,0us,0.000V,0.000V,True,False,Charge Active,v01.23.7357,False,False,0x00,0x00,0x00,0x00,0x00,0x00,0x00,200,13,0,0,0,False,1.0V,0.030,1467mV,1,False,False,v01.20.7357
26-05-31 17:49:41.728418,2902,496,1044,620,240,280,1796,200,True,True,True,True,True,True,True,True,2902,496,1044,620,240,280,1796,200,0,0,0,0,0,0,0,0,WPT Ready,0,0,False,0,0,0,0,0,0,75%,50%,False,0x00,False,63%,0us,0.000V,0.000V,True,False,Charge Active,v01.23.7357,False,False,0x00,0x00,0x00,0x00,0x00,0x00,0x00,200,13,0,0,0,False,1.0V,0.030,1467mV,1,False,False,v01.20.7357
26-05-31 17:49:43.004960,2902,496,1044,620,240,280,1796,200,True,True,True,True,True,True,True,True,2902,496,1044,620,240,280,1796,200,0,0,0,0,0,0,0,0,WPT Ready,0,0,False,0,0,0,0,0,0,75%,50%,False,0x00,False,63%,0us,0.000V,0.000V,True,False,Charge Active,v01.23.7357,False,False,0x00,0x00,0x00,0x00,0x00,0x00,0x00,200,13,0,0,0,False,1.0V,0.030,1467mV,1,False,False,v01.20.7357
26-05-31 17:49:43.837274,2902,496,1044,620,240,280,1796,200,True,True,True,True,True,True,True,True,2902,496,1044,620,240,280,1796,200,0,0,0,0,0,0,0,0,WPT Ready,0,0,False,0,0,0,0,0,0,75%,50%,False,0x00,False,63%,0us,0.000V,0.000V,True,False,Charge Active,v01.23.7357,False,False,0x00,0x00,0x00,0x00,0x00,0x00,0x00,200,13,0,0,0,False,1.0V,0.030,1467mV,1,False,False,v01.20.7357
26-05-31 17:49:45.214508,2902,496,1044,620,240,280,1796,200,True,True,True,True,True,True,True,True,2902,496,1044,620,240,280,1796,200,0,0,0,0,0,0,0,0,WPT Ready,0,0,False,0,0,0,0,0,0,75%,50%,False,0x00,False,63%,0us,0.000V,0.000V,True,False,Charge Active,v01.23.7357,False,False,0x00,0x00,0x00,0x00,0x00,0x00,0x00,200,13,0,0,0,False,1.0V,0.030,1467mV,1,False,False,v01.20.7357
26-05-31 17:49:45.836207,2902,496,1044,620,240,280,1796,200,True,True,True,True,True,True,True,True,2902,496,1044,620,240,280,1796,200,0,0,0,0,0,0,0,0,WPT Ready,0,0,False,0,0,0,0,0,0,75%,50%,False,0x00,False,63%,0us,0.000V,0.000V,True,False,Charge Active,v01.23.7357,False,False,0x00,0x00,0x00,0x00,0x00,0x00,0x00,200,13,0,0,0,False,1.0V,0.030,1467mV,1,False,False,v01.20.7357
26-05-31 17:49:47.161529,2902,496,1044,620,240,280,1796,200,True,True,True,True,True,True,True,True,2902,496,1044,620,240,280,1796,200,0,0,0,0,0,0,0,0,WPT Ready,0,0,False,0,0,0,0,0,0,75%,50%,False,0x00,False,63%,0us,0.000V,0.000V,True,False,Charge Active,v01.23.7357,False,False,0x00,0x00,0x00,0x00,0x00,0x00,0x00,200,13,0,0,0,False,1.0V,0.030,1467mV,1,False,False,v01.20.7357
26-05-31 17:49:47.797449,2902,496,1044,620,240,280,1796,200,True,True,True,True,True,True,True,True,2902,496,1044,620,240,280,1796,200,0,0,0,0,0,0,0,0,WPT Ready,0,0,False,0,0,0,0,0,0,75%,50%,False,0x00,False,63%,0us,0.000V,0.000V,True,False,Charge Active,v01.23.7357,False,False,0x00,0x00,0x00,0x00,0x00,0x00,0x00,200,13,0,0,0,False,1.0V,0.030,1467mV,1,False,False,v01.20.7357
26-05-31 17:49:49.871242,2902,496,1044,620,240,280,1796,200,True,True,True,True,True,True,True,True,2902,496,1044,620,240,280,1796,200,0,0,0,0,0,0,0,0,WPT Ready,0,0,False,0,0,0,0,0,0,75%,50%,False,0x00,False,63%,0us,0.000V,0.000V,True,False,Charge Active,v01.23.7357,False,False,0x00,0x00,0x00,0x00,0x00,0x00,0x00,200,13,0,0,0,False,1.0V,0.030,1467mV,1,False,False,v01.20.7357
26-05-31 17:49:51.430521,2902,496,1044,620,240,280,1796,200,True,True,True,True,True,True,True,True,2902,496,1044,620,240,280,1796,200,0,0,0,0,0,0,0,0,WPT Ready,0,0,False,0,0,0,0,0,0,75%,50%,False,0x00,False,63%,0us,0.000V,0.000V,True,False,Charge Active,v01.23.7357,False,False,0x00,0x00,0x00,0x00,0x00,0x00,0x00,200,13,0,0,0,False,1.0V,0.030,1467mV,1,False,False,v01.20.7357
26-05-31 17:49:52.156109,2902,496,1044,620,240,280,1796,200,True,True,True,True,True,True,True,True,2902,496,1044,620,240,280,1796,200,0,0,0,0,0,0,0,0,WPT Ready,0,0,False,0,0,0,0,0,0,75%,50%,False,0x00,False,63%,0us,0.000V,0.000V,True,False,Charge Active,v01.23.7357,False,False,0x00,0x00,0x00,0x00,0x00,0x00,0x00,200,13,0,0,0,False,1.0V,0.030,1467mV,1,False,False,v01.20.7357
26-05-31 17:49:53.656926,2902,496,1044,620,240,280,1796,200,True,True,True,True,True,True,True,True,2902,496,1044,620,240,280,1796,200,0,0,0,0,0,0,0,0,WPT Ready,0,0,False,0,0,0,0,0,0,75%,50%,False,0x00,False,63%,0us,0.000V,0.000V,True,False,Charge Active,v01.23.7357,False,False,0x00,0x00,0x00,0x00,0x00,0x00,0x00,200,13,0,0,0,False,1.0V,0.030,1467mV,1,False,False,v01.20.7357
26-05-31 17:49:54.287496,2902,496,1044,620,240,280,1796,200,True,True,True,True,True,True,True,True,2902,496,1044,620,240,280,1796,200,0,0,0,0,0,0,0,0,WPT Ready,0,0,False,0,0,0,0,0,0,75%,50%,False,0x00,False,63%,0us,0.000V,0.000V,True,False,Charge Active,v01.23.7357,False,False,0x00,0x00,0x00,0x00,0x00,0x00,0x00,200,13,0,0,0,False,1.0V,0.030,1467mV,1,False,False,v01.20.7357
26-05-31 17:49:55.720465,2902,496,1044,620,240,280,1796,200,True,True,True,True,True,True,True,True,2902,496,1044,620,240,280,1796,200,0,0,0,0,0,0,0,0,WPT Ready,0,0,False,0,0,0,0,0,0,75%,50%,False,0x00,False,63%,0us,0.000V,0.000V,True,False,Charge Active,v01.23.7357,False,False,0x00,0x00,0x00,0x00,0x00,0x00,0x00,200,13,0,0,0,False,1.0V,0.030,1467mV,1,False,False,v01.20.7357
26-05-31 17:49:56.399382,2902,496,1044,620,240,280,1796,200,True,True,True,True,True,True,True,True,2902,496,1044,620,240,280,1796,200,0,0,0,0,0,0,0,0,WPT Ready,0,0,False,0,0,0,0,0,0,75%,50%,False,0x00,False,63%,0us,0.000V,0.000V,True,False,Charge Active,v01.23.7357,False,False,0x00,0x00,0x00,0x00,0x00,0x00,0x00,200,13,0,0,0,False,1.0V,0.030,1467mV,1,False,False,v01.20.7357
26-05-31 17:49:57.799725,2902,496,1044,620,240,280,1796,200,True,True,True,True,True,True,True,True,2902,496,1044,620,240,280,1796,200,0,0,0,0,0,0,0,0,WPT Ready,0,0,False,0,0,0,0,0,0,75%,50%,False,0x00,False,63%,0us,0.000V,0.000V,True,False,Charge Active,v01.23.7357,False,False,0x00,0x00,0x00,0x00,0x00,0x00,0x00,200,13,0,0,0,False,1.0V,0.030,1467mV,1,False,False,v01.20.7357
26-05-31 17:49:58.424887,2902,496,1044,620,240,280,1796,200,True,True,True,True,True,True,True,True,2902,496,1044,620,240,280,1796,200,0,0,0,0,0,0,0,0,WPT Ready,0,0,False,0,0,0,0,0,0,75%,50%,False,0x00,False,63%,0us,0.000V,0.000V,True,False,Charge Active,v01.23.7357,False,False,0x00,0x00,0x00,0x00,0x00,0x00,0x00,200,13,0,0,0,False,1.0V,0.030,1467mV,1,False,False,v01.20.7357
26-05-31 17:50:00.741477,2902,496,1044,620,240,280,1796,200,True,True,True,True,True,True,True,True,2902,496,1044,620,240,280,1796,200,0,0,0,0,0,0,0,0,WPT Ready,0,0,False,0,0,0,0,0,0,75%,50%,False,0x00,False,63%,0us,0.000V,0.000V,True,False,Charge Active,v01.23.7357,False,False,0x00,0x00,0x00,0x00,0x00,0x00,0x00,200,13,0,0,0,False,1.0V,0.030,1467mV,1,False,False,v01.20.7357
26-05-31 17:50:02.248242,2902,496,1044,620,240,280,1796,200,True,True,True,True,True,True,True,True,2902,496,1044,620,240,280,1796,200,0,0,0,0,0,0,0,0,WPT Ready,0,0,False,0,0,0,0,0,0,75%,50%,False,0x00,False,63%,0us,0.000V,0.000V,True,False,Charge Active,v01.23.7357,False,False,0x00,0x00,0x00,0x00,0x00,0x00,0x00,200,13,0,0,0,False,1.0V,0.030,1467mV,1,False,False,v01.20.7357
26-05-31 17:50:02.926428,2902,496,1044,620,240,280,1796,200,True,True,True,True,True,True,True,True,2902,496,1044,620,240,280,1796,200,0,0,0,0,0,0,0,0,WPT Ready,0,0,False,0,0,0,0,0,0,75%,50%,False,0x00,False,63%,0us,0.000V,0.000V,True,False,Charge Active,v01.23.7357,False,False,0x00,0x00,0x00,0x00,0x00,0x00,0x00,200,13,0,0,0,False,1.0V,0.030,1467mV,1,False,False,v01.20.7357
26-05-31 17:50:04.347797,2902,496,1044,620,240,280,1796,200,True,True,True,True,True,True,True,True,2902,496,1044,620,240,280,1796,200,0,0,0,0,0,0,0,0,WPT Ready,0,0,False,0,0,0,0,0,0,75%,50%,False,0x00,False,63%,0us,0.000V,0.000V,True,False,Charge Active,v01.23.7357,False,False,0x00,0x00,0x00,0x00,0x00,0x00,0x00,200,13,0,0,0,False,1.0V,0.030,1467mV,1,False,False,v01.20.7357
26-05-31 17:50:04.947987,2902,496,1044,620,240,280,1796,200,True,True,True,True,True,True,True,True,2902,496,1044,620,240,280,1796,200,0,0,0,0,0,0,0,0,WPT Ready,0,0,False,0,0,0,0,0,0,75%,50%,False,0x00,False,63%,0us,0.000V,0.000V,True,False,Charge Active,v01.23.7357,False,False,0x00,0x00,0x00,0x00,0x00,0x00,0x00,200,13,0,0,0,False,1.0V,0.030,1467mV,1,False,False,v01.20.7357
26-05-31 17:50:06.429367,2902,496,1044,620,240,280,1796,200,True,True,True,True,True,True,True,True,2902,496,1044,620,240,280,1796,200,0,0,0,0,0,0,0,0,WPT Ready,0,0,False,0,0,0,0,0,0,75%,50%,False,0x00,False,63%,0us,0.000V,0.000V,True,False,Charge Active,v01.23.7357,False,False,0x00,0x00,0x00,0x00,0x00,0x00,0x00,200,13,0,0,0,False,1.0V,0.030,1467mV,1,False,False,v01.20.7357
26-05-31 17:50:07.261029,2902,496,1044,620,240,280,1796,200,True,True,True,True,True,True,True,True,2902,496,1044,620,240,280,1796,200,0,0,0,0,0,0,0,0,WPT Ready,0,0,False,0,0,0,0,0,0,75%,50%,False,0x00,False,63%,0us,0.000V,0.000V,True,False,Charge Active,v01.23.7357,False,False,0x00,0x00,0x00,0x00,0x00,0x00,0x00,200,13,0,0,0,False,1.0V,0.030,1467mV,1,False,False,v01.20.7357
26-05-31 17:50:08.818425,2902,496,1044,620,240,280,1796,200,True,True,True,True,True,True,True,True,2902,496,1044,620,240,280,1796,200,0,0,0,0,0,0,0,0,WPT Ready,0,0,False,0,0,0,0,0,0,75%,50%,False,0x00,False,63%,0us,0.000V,0.000V,True,False,Charge Active,v01.23.7357,False,False,0x00,0x00,0x00,0x00,0x00,0x00,0x00,200,13,0,0,0,False,1.0V,0.030,1467mV,1,False,False,v01.20.7357
26-05-31 17:50:09.642098,2902,496,1044,620,240,280,1796,200,True,True,True,True,True,True,True,True,2902,496,1044,620,240,280,1796,200,0,0,0,0,0,0,0,0,WPT Ready,0,0,False,0,0,0,0,0,0,75%,50%,False,0x00,False,63%,0us,0.000V,0.000V,True,False,Charge Active,v01.23.7357,False,False,0x00,0x00,0x00,0x00,0x00,0x00,0x00,200,13,0,0,0,False,1.0V,0.030,1467mV,1,False,False,v01.20.7357
26-05-31 17:50:11.914598,2902,496,1044,620,240,280,1796,200,True,True,True,True,True,True,True,True,2902,496,1044,620,240,280,1796,200,0,0,0,0,0,0,0,0,WPT Ready,0,0,False,0,0,0,0,0,0,75%,50%,False,0x00,False,63%,0us,0.000V,0.000V,True,False,Charge Active,v01.23.7357,False,False,0x00,0x00,0x00,0x00,0x00,0x00,0x00,200,13,0,0,0,False,1.0V,0.030,1467mV,1,False,False,v01.20.7357
26-05-31 17:50:13.424597,2902,496,1044,620,240,280,1796,200,True,True,True,True,True,True,True,True,2902,496,1044,620,240,280,1796,200,0,0,0,0,0,0,0,0,WPT Ready,0,0,False,0,0,0,0,0,0,75%,50%,False,0x00,False,63%,0us,0.000V,0.000V,True,False,Charge Active,v01.23.7357,False,False,0x00,0x00,0x00,0x00,0x00,0x00,0x00,200,13,0,0,0,False,1.0V,0.030,1467mV,1,False,False,v01.20.7357
26-05-31 17:50:14.096886,2902,496,1044,620,240,280,1796,200,True,True,True,True,True,True,True,True,2902,496,1044,620,240,280,1796,200,0,0,0,0,0,0,0,0,WPT Ready,0,0,False,0,0,0,0,0,0,75%,50%,False,0x00,False,63%,0us,0.000V,0.000V,True,False,Charge Active,v01.23.7357,False,False,0x00,0x00,0x00,0x00,0x00,0x00,0x00,200,13,0,0,0,False,1.0V,0.030,1467mV,1,False,False,v01.20.7357
26-05-31 17:50:16.335283,2902,496,1044,620,240,280,1796,200,True,True,True,True,True,True,True,True,2902,496,1044,620,240,280,1796,200,0,0,0,0,0,0,0,0,WPT Ready,0,0,False,0,0,0,0,0,0,75%,50%,False,0x00,False,63%,0us,0.000V,0.000V,True,False,Charge Active,v01.23.7357,False,False,0x00,0x00,0x00,0x00,0x00,0x00,0x00,200,13,0,0,0,False,1.0V,0.030,1467mV,1,False,False,v01.20.7357
26-05-31 17:50:18.071817,2902,496,1044,620,240,280,1796,200,True,True,True,True,True,True,True,True,2902,496,1044,620,240,280,1796,200,0,0,0,0,0,0,0,0,WPT Ready,0,0,False,0,0,0,0,0,0,75%,50%,False,0x00,False,63%,0us,0.000V,0.000V,True,False,Charge Active,v01.23.7357,False,False,0x00,0x00,0x00,0x00,0x00,0x00,0x00,200,13,0,0,0,False,1.0V,0.030,1467mV,1,False,False,v01.20.7357
26-05-31 17:50:18.837669,2902,496,1044,620,240,280,1796,200,True,True,True,True,True,True,True,True,2902,496,1044,620,240,280,1796,200,0,0,0,0,0,0,0,0,WPT Ready,0,0,False,0,0,0,0,0,0,75%,50%,False,0x00,False,63%,0us,0.000V,0.000V,True,False,Charge Active,v01.23.7357,False,False,0x00,0x00,0x00,0x00,0x00,0x00,0x00,200,13,0,0,0,False,1.0V,0.030,1467mV,1,False,False,v01.20.7357
26-05-31 17:50:20.476084,2902,496,1044,620,240,280,1796,200,True,True,True,True,True,True,True,True,2902,496,1044,620,240,280,1796,200,0,0,0,0,0,0,0,0,WPT Ready,0,0,False,0,0,0,0,0,0,75%,50%,False,0x00,False,63%,0us,0.000V,0.000V,True,False,Charge Active,v01.23.7357,False,False,0x00,0x00,0x00,0x00,0x00,0x00,0x00,200,13,0,0,0,False,1.0V,0.030,1467mV,1,False,False,v01.20.7357
26-05-31 17:50:20.929413,2902,496,1044,620,240,280,1796,200,True,True,True,True,True,True,True,True,2902,496,1044,620,240,280,1796,200,0,0,0,0,0,0,0,0,WPT Ready,0,0,False,0,0,0,0,0,0,75%,50%,False,0x00,False,63%,0us,0.000V,0.000V,True,False,Charge Active,v01.23.7357,False,False,0x00,0x00,0x00,0x00,0x00,0x00,0x00,200,13,0,0,0,False,1.0V,0.030,1467mV,1,False,False,v01.20.7357
26-05-31 17:50:22.460616,2902,496,1044,620,240,280,1796,200,True,True,True,True,True,True,True,True,2902,496,1044,620,240,280,1796,200,0,0,0,0,0,0,0,0,WPT Ready,0,0,False,0,0,0,0,0,0,75%,50%,False,0x00,False,63%,0us,0.000V,0.000V,True,False,Charge Active,v01.23.7357,False,False,0x00,0x00,0x00,0x00,0x00,0x00,0x00,200,13,0,0,0,False,1.0V,0.030,1467mV,1,False,False,v01.20.7357
26-05-31 17:50:22.525463,2902,496,1044,620,240,280,1796,200,True,True,True,True,True,True,True,True,2902,496,1044,620,240,280,1796,200,0,0,0,0,0,0,0,0,WPT Ready,0,0,False,0,0,0,0,0,0,75%,50%,False,0x00,False,63%,0us,0.000V,0.000V,True,False,Charge Active,v01.23.7357,False,False,0x00,0x00,0x00,0x00,0x00,0x00,0x00,200,13,0,0,0,False,1.0V,0.030,1467mV,1,False,False,v01.20.7357
26-05-31 17:50:22.577860,2902,496,1044,620,240,280,1796,200,True,True,True,True,True,True,True,True,2902,496,1044,620,240,280,1796,200,0,0,0,0,0,0,0,0,WPT Ready,0,0,False,0,0,0,0,0,0,75%,50%,False,0x00,False,63%,0us,0.000V,0.000V,True,False,Charge Active,v01.23.7357,False,False,0x00,0x00,0x00,0x00,0x00,0x00,0x00,200,13,0,0,0,False,1.0V,0.030,1467mV,1,False,False,v01.20.7357
26-05-31 17:50:22.655106,2902,496,1044,620,240,280,1796,200,True,True,True,True,True,True,True,True,2902,496,1044,620,240,280,1796,200,0,0,0,0,0,0,0,0,WPT Ready,0,0,False,0,0,0,0,0,0,75%,50%,False,0x00,False,63%,0us,0.000V,0.000V,True,False,Charge Active,v01.23.7357,False,False,0x00,0x00,0x00,0x00,0x00,0x00,0x00,200,13,0,0,0,False,1.0V,0.030,1467mV,1,False,False,v01.20.7357
26-05-31 17:50:22.675870,2902,496,1044,620,240,280,1796,200,True,True,True,True,True,True,True,True,2902,496,1044,620,240,280,1796,200,0,0,0,0,0,0,0,0,WPT Ready,0,0,False,0,0,0,0,0,0,75%,50%,False,0x00,False,63%,0us,0.000V,0.000V,True,False,Charge Active,v01.23.7357,False,False,0x00,0x00,0x00,0x00,0x00,0x00,0x00,200,13,0,0,0,False,1.0V,0.030,1467mV,1,False,False,v01.20.7357
26-05-31 17:50:22.720381,2902,496,1044,620,240,280,1796,200,True,True,True,True,True,True,True,True,2902,496,1044,620,240,280,1796,200,0,0,0,0,0,0,0,0,WPT Ready,0,0,False,0,0,0,0,0,0,75%,50%,False,0x00,False,63%,0us,0.000V,0.000V,True,False,Charge Active,v01.23.7357,False,False,0x00,0x00,0x00,0x00,0x00,0x00,0x00,200,13,0,0,0,False,1.0V,0.030,1467mV,1,False,False,v01.20.7357
26-05-31 17:50:22.746170,2902,496,1044,620,240,280,1796,200,True,True,True,True,True,True,True,True,2902,496,1044,620,240,280,1796,200,0,0,0,0,0,0,0,0,WPT Ready,0,0,False,0,0,0,0,0,0,75%,50%,False,0x00,False,63%,0us,0.000V,0.000V,True,False,Charge Active,v01.23.7357,False,False,0x00,0x00,0x00,0x00,0x00,0x00,0x00,200,13,0,0,0,False,1.0V,0.030,1467mV,1,False,False,v01.20.7357
26-05-31 17:50:22.793071,2902,496,1044,620,240,280,1796,200,True,True,True,True,True,True,True,True,2902,496,1044,620,240,280,1796,200,0,0,0,0,0,0,0,0,WPT Ready,0,0,False,0,0,0,0,0,0,75%,50%,False,0x00,False,63%,0us,0.000V,0.000V,True,False,Charge Active,v01.23.7357,False,False,0x00,0x00,0x00,0x00,0x00,0x00,0x00,200,13,0,0,0,False,1.0V,0.030,1467mV,1,False,False,v01.20.7357
26-05-31 17:50:22.813538,2902,496,1044,620,240,280,1796,200,True,True,True,True,True,True,True,True,2902,496,1044,620,240,280,1796,200,0,0,0,0,0,0,0,0,WPT Ready,0,0,False,0,0,0,0,0,0,75%,50%,False,0x00,False,63%,0us,0.000V,0.000V,True,False,Charge Active,v01.23.7357,False,False,0x00,0x00,0x00,0x00,0x00,0x00,0x00,200,13,0,0,0,False,1.0V,0.030,1467mV,1,False,False,v01.20.7357
26-05-31 17:50:22.872147,2902,496,1044,620,240,280,1796,200,True,True,True,True,True,True,True,True,2902,496,1044,620,240,280,1796,200,0,0,0,0,0,0,0,0,WPT Ready,0,0,False,0,0,0,0,0,0,75%,50%,False,0x00,False,63%,0us,0.000V,0.000V,True,False,Charge Active,v01.23.7357,False,False,0x00,0x00,0x00,0x00,0x00,0x00,0x00,200,13,0,0,0,False,1.0V,0.030,1467mV,1,False,False,v01.20.7357
26-05-31 17:50:22.892082,2902,496,1044,620,240,280,1796,200,True,True,True,True,True,True,True,True,2902,496,1044,620,240,280,1796,200,0,0,0,0,0,0,0,0,WPT Ready,0,0,False,0,0,0,0,0,0,75%,50%,False,0x00,False,63%,0us,0.000V,0.000V,True,False,Charge Active,v01.23.7357,False,False,0x00,0x00,0x00,0x00,0x00,0x00,0x00,200,13,0,0,0,False,1.0V,0.030,1467mV,1,False,False,v01.20.7357
26-05-31 17:50:22.941185,2902,496,1044,620,240,280,1796,200,True,True,True,True,True,True,True,True,2902,496,1044,620,240,280,1796,200,0,0,0,0,0,0,0,0,WPT Ready,0,0,False,0,0,0,0,0,0,75%,50%,False,0x00,False,63%,0us,0.000V,0.000V,True,False,Charge Active,v01.23.7357,False,False,0x00,0x00,0x00,0x00,0x00,0x00,0x00,200,13,0,0,0,False,1.0V,0.030,1467mV,1,False,False,v01.20.7357
26-05-31 17:50:23.014754,2902,496,1044,620,240,280,1796,200,True,True,True,True,True,True,True,True,2902,496,1044,620,240,280,1796,200,0,0,0,0,0,0,0,0,WPT Ready,0,0,False,0,0,0,0,0,0,75%,50%,False,0x00,False,63%,0us,0.000V,0.000V,True,False,Charge Active,v01.23.7357,False,False,0x00,0x00,0x00,0x00,0x00,0x00,0x00,200,13,0,0,0,False,1.0V,0.030,1467mV,1,False,False,v01.20.7357
26-05-31 17:50:23.034742,2902,496,1044,620,240,280,1796,200,True,True,True,True,True,True,True,True,2902,496,1044,620,240,280,1796,200,0,0,0,0,0,0,0,0,WPT Ready,0,0,False,0,0,0,0,0,0,75%,50%,False,0x00,False,63%,0us,0.000V,0.000V,True,False,Charge Active,v01.23.7357,False,False,0x00,0x00,0x00,0x00,0x00,0x00,0x00,200,13,0,0,0,False,1.0V,0.030,1467mV,1,False,False,v01.20.7357
26-05-31 17:50:23.096946,2902,496,1044,620,240,280,1796,200,True,True,True,True,True,True,True,True,2902,496,1044,620,240,280,1796,200,0,0,0,0,0,0,0,0,WPT Ready,0,0,False,0,0,0,0,0,0,75%,50%,False,0x00,False,63%,0us,0.000V,0.000V,True,False,Charge Active,v01.23.7357,False,False,0x00,0x00,0x00,0x00,0x00,0x00,0x00,200,13,0,0,0,False,1.0V,0.030,1467mV,1,False,False,v01.20.7357
26-05-31 17:50:23.116902,2902,496,1044,620,240,280,1796,200,True,True,True,True,True,True,True,True,2902,496,1044,620,240,280,1796,200,0,0,0,0,0,0,0,0,WPT Ready,0,0,False,0,0,0,0,0,0,75%,50%,False,0x00,False,63%,0us,0.000V,0.000V,True,False,Charge Active,v01.23.7357,False,False,0x00,0x00,0x00,0x00,0x00,0x00,0x00,200,13,0,0,0,False,1.0V,0.030,1467mV,1,False,False,v01.20.7357
26-05-31 17:50:23.193276,2902,496,1044,620,240,280,1796,200,True,True,True,True,True,True,True,True,2902,496,1044,620,240,280,1796,200,0,0,0,0,0,0,0,0,WPT Ready,0,0,False,0,0,0,0,0,0,75%,50%,False,0x00,False,63%,0us,0.000V,0.000V,True,False,Charge Active,v01.23.7357,False,False,0x00,0x00,0x00,0x00,0x00,0x00,0x00,200,13,0,0,0,False,1.0V,0.030,1467mV,1,False,False,v01.20.7357
26-05-31 17:50:23.237109,2902,496,1044,620,240,280,1796,200,True,True,True,True,True,True,True,True,2902,496,1044,620,240,280,1796,200,0,0,0,0,0,0,0,0,WPT Ready,0,0,False,0,0,0,0,0,0,75%,50%,False,0x00,False,63%,0us,0.000V,0.000V,True,False,Charge Active,v01.23.7357,False,False,0x00,0x00,0x00,0x00,0x00,0x00,0x00,200,13,0,0,0,False,1.0V,0.030,1467mV,1,False,False,v01.20.7357
26-05-31 17:50:23.257482,2902,496,1044,620,240,280,1796,200,True,True,True,True,True,True,True,True,2902,496,1044,620,240,280,1796,200,0,0,0,0,0,0,0,0,WPT Ready,0,0,False,0,0,0,0,0,0,75%,50%,False,0x00,False,63%,0us,0.000V,0.000V,True,False,Charge Active,v01.23.7357,False,False,0x00,0x00,0x00,0x00,0x00,0x00,0x00,200,13,0,0,0,False,1.0V,0.030,1467mV,1,False,False,v01.20.7357
26-05-31 17:50:23.324582,2902,496,1044,620,240,280,1796,200,True,True,True,True,True,True,True,True,2902,496,1044,620,240,280,1796,200,0,0,0,0,0,0,0,0,WPT Ready,0,0,False,0,0,0,0,0,0,75%,50%,False,0x00,False,63%,0us,0.000V,0.000V,True,False,Charge Active,v01.23.7357,False,False,0x00,0x00,0x00,0x00,0x00,0x00,0x00,200,13,0,0,0,False,1.0V,0.030,1467mV,1,False,False,v01.20.7357
26-05-31 17:50:23.344403,2902,496,1044,620,240,280,1796,200,True,True,True,True,True,True,True,True,2902,496,1044,620,240,280,1796,200,0,0,0,0,0,0,0,0,WPT Ready,0,0,False,0,0,0,0,0,0,75%,50%,False,0x00,False,63%,0us,0.000V,0.000V,True,False,Charge Active,v01.23.7357,False,False,0x00,0x00,0x00,0x00,0x00,0x00,0x00,200,13,0,0,0,False,1.0V,0.030,1467mV,1,False,False,v01.20.7357
26-05-31 17:50:23.396329,2902,496,1044,620,240,280,1796,200,True,True,True,True,True,True,True,True,2902,496,1044,620,240,280,1796,200,0,0,0,0,0,0,0,0,WPT Ready,0,0,False,0,0,0,0,0,0,75%,50%,False,0x00,False,63%,0us,0.000V,0.000V,True,False,Charge Active,v01.23.7357,False,False,0x00,0x00,0x00,0x00,0x00,0x00,0x00,200,13,0,0,0,False,1.0V,0.030,1467mV,1,False,False,v01.20.7357
26-05-31 17:50:23.420758,2902,496,1044,620,240,280,1796,200,True,True,True,True,True,True,True,True,2902,496,1044,620,240,280,1796,200,0,0,0,0,0,0,0,0,WPT Ready,0,0,False,0,0,0,0,0,0,75%,50%,False,0x00,False,63%,0us,0.000V,0.000V,True,False,Charge Active,v01.23.7357,False,False,0x00,0x00,0x00,0x00,0x00,0x00,0x00,200,13,0,0,0,False,1.0V,0.030,1467mV,1,False,False,v01.20.7357
26-05-31 17:50:23.463959,2902,496,1044,620,240,280,1796,200,True,True,True,True,True,True,True,True,2902,496,1044,620,240,280,1796,200,0,0,0,0,0,0,0,0,WPT Ready,0,0,False,0,0,0,0,0,0,75%,50%,False,0x00,False,63%,0us,0.000V,0.000V,True,False,Charge Active,v01.23.7357,False,False,0x00,0x00,0x00,0x00,0x00,0x00,0x00,200,13,0,0,0,False,1.0V,0.030,1467mV,1,False,False,v01.20.7357
26-05-31 17:50:23.551770,2902,496,1044,620,240,280,1796,200,True,True,True,True,True,True,True,True,2902,496,1044,620,240,280,1796,200,0,0,0,0,0,0,0,0,WPT Ready,0,0,False,0,0,0,0,0,0,75%,50%,False,0x00,False,63%,0us,0.000V,0.000V,True,False,Charge Active,v01.23.7357,False,False,0x00,0x00,0x00,0x00,0x00,0x00,0x00,200,13,0,0,0,False,1.0V,0.030,1467mV,1,False,False,v01.20.7357
26-05-31 17:50:23.580113,2902,496,1044,620,240,280,1796,200,True,True,True,True,True,True,True,True,2902,496,1044,620,240,280,1796,200,0,0,0,0,0,0,0,0,WPT Ready,0,0,False,0,0,0,0,0,0,75%,50%,False,0x00,False,63%,0us,0.000V,0.000V,True,False,Charge Active,v01.23.7357,False,False,0x00,0x00,0x00,0x00,0x00,0x00,0x00,200,13,0,0,0,False,1.0V,0.030,1467mV,1,False,False,v01.20.7357
26-05-31 17:50:23.623542,2902,496,1044,620,240,280,1796,200,True,True,True,True,True,True,True,True,2902,496,1044,620,240,280,1796,200,0,0,0,0,0,0,0,0,WPT Ready,0,0,False,0,0,0,0,0,0,75%,50%,False,0x00,False,63%,0us,0.000V,0.000V,True,False,Charge Active,v01.23.7357,False,False,0x00,0x00,0x00,0x00,0x00,0x00,0x00,200,13,0,0,0,False,1.0V,0.030,1467mV,1,False,False,v01.20.7357
26-05-31 17:50:23.650405,2902,496,1044,620,240,280,1796,200,True,True,True,True,True,True,True,True,2902,496,1044,620,240,280,1796,200,0,0,0,0,0,0,0,0,WPT Ready,0,0,False,0,0,0,0,0,0,75%,50%,False,0x00,False,63%,0us,0.000V,0.000V,True,False,Charge Active,v01.23.7357,False,False,0x00,0x00,0x00,0x00,0x00,0x00,0x00,200,13,0,0,0,False,1.0V,0.030,1467mV,1,False,False,v01.20.7357
26-05-31 17:50:23.693316,2902,496,1044,620,240,280,1796,200,True,True,True,True,True,True,True,True,2902,496,1044,620,240,280,1796,200,0,0,0,0,0,0,0,0,WPT Ready,0,0,False,0,0,0,0,0,0,75%,50%,False,0x00,False,63%,0us,0.000V,0.000V,True,False,Charge Active,v01.23.7357,False,False,0x00,0x00,0x00,0x00,0x00,0x00,0x00,200,13,0,0,0,False,1.0V,0.030,1467mV,1,False,False,v01.20.7357
26-05-31 17:50:23.713288,2902,496,1044,620,240,280,1796,200,True,True,True,True,True,True,True,True,2902,496,1044,620,240,280,1796,200,0,0,0,0,0,0,0,0,WPT Ready,0,0,False,0,0,0,0,0,0,75%,50%,False,0x00,False,63%,0us,0.000V,0.000V,True,False,Charge Active,v01.23.7357,False,False,0x00,0x00,0x00,0x00,0x00,0x00,0x00,200,13,0,0,0,False,1.0V,0.030,1467mV,1,False,False,v01.20.7357
26-05-31 17:50:23.778278,2902,496,1044,620,240,280,1796,200,True,True,True,True,True,True,True,True,2902,496,1044,620,240,280,1796,200,0,0,0,0,0,0,0,0,WPT Ready,0,0,False,0,0,0,0,0,0,75%,50%,False,0x00,False,63%,0us,0.000V,0.000V,True,False,Charge Active,v01.23.7357,False,False,0x00,0x00,0x00,0x00,0x00,0x00,0x00,200,13,0,0,0,False,1.0V,0.030,1467mV,1,False,False,v01.20.7357
26-05-31 17:50:23.798164,2902,496,1044,620,240,280,1796,200,True,True,True,True,True,True,True,True,2902,496,1044,620,240,280,1796,200,0,0,0,0,0,0,0,0,WPT Ready,0,0,False,0,0,0,0,0,0,75%,50%,False,0x00,False,63%,0us,0.000V,0.000V,True,False,Charge Active,v01.23.7357,False,False,0x00,0x00,0x00,0x00,0x00,0x00,0x00,200,13,0,0,0,False,1.0V,0.030,1467mV,1,False,False,v01.20.7357
26-05-31 17:50:23.850438,2902,496,1044,620,240,280,1796,200,True,True,True,True,True,True,True,True,2902,496,1044,620,240,280,1796,200,0,0,0,0,0,0,0,0,WPT Ready,0,0,False,0,0,0,0,0,0,75%,50%,False,0x00,False,63%,0us,0.000V,0.000V,True,False,Charge Active,v01.23.7357,False,False,0x00,0x00,0x00,0x00,0x00,0x00,0x00,200,13,0,0,0,False,1.0V,0.030,1467mV,1,False,False,v01.20.7357
26-05-31 17:50:23.918230,2902,496,1044,620,240,280,1796,200,True,True,True,True,True,True,True,True,2902,496,1044,620,240,280,1796,200,0,0,0,0,0,0,0,0,WPT Ready,0,0,False,0,0,0,0,0,0,75%,50%,False,0x00,False,63%,0us,0.000V,0.000V,True,False,Charge Active,v01.23.7357,False,False,0x00,0x00,0x00,0x00,0x00,0x00,0x00,200,13,0,0,0,False,1.0V,0.030,1467mV,1,False,False,v01.20.7357
26-05-31 17:50:23.938441,2902,496,1044,620,240,280,1796,200,True,True,True,True,True,True,True,True,2902,496,1044,620,240,280,1796,200,0,0,0,0,0,0,0,0,WPT Ready,0,0,False,0,0,0,0,0,0,75%,50%,False,0x00,False,63%,0us,0.000V,0.000V,True,False,Charge Active,v01.23.7357,False,False,0x00,0x00,0x00,0x00,0x00,0x00,0x00,200,13,0,0,0,False,1.0V,0.030,1467mV,1,False,False,v01.20.7357
26-05-31 17:50:24.013010,2902,496,1044,620,240,280,1796,200,True,True,True,True,True,True,True,True,2902,496,1044,620,240,280,1796,200,0,0,0,0,0,0,0,0,WPT Ready,0,0,False,0,0,0,0,0,0,75%,50%,False,0x00,False,63%,0us,0.000V,0.000V,True,False,Charge Active,v01.23.7357,False,False,0x00,0x00,0x00,0x00,0x00,0x00,0x00,200,13,0,0,0,False,1.0V,0.030,1467mV,1,False,False,v01.20.7357
26-05-31 17:50:24.033125,2902,496,1044,620,240,280,1796,200,True,True,True,True,True,True,True,True,2902,496,1044,620,240,280,1796,200,0,0,0,0,0,0,0,0,WPT Ready,0,0,False,0,0,0,0,0,0,75%,50%,False,0x00,False,63%,0us,0.000V,0.000V,True,False,Charge Active,v01.23.7357,False,False,0x00,0x00,0x00,0x00,0x00,0x00,0x00,200,13,0,0,0,False,1.0V,0.030,1467mV,1,False,False,v01.20.7357
26-05-31 17:50:24.085840,2902,496,1044,620,240,280,1796,200,True,True,True,True,True,True,True,True,2902,496,1044,620,240,280,1796,200,0,0,0,0,0,0,0,0,WPT Ready,0,0,False,0,0,0,0,0,0,75%,50%,False,0x00,False,63%,0us,0.000V,0.000V,True,False,Charge Active,v01.23.7357,False,False,0x00,0x00,0x00,0x00,0x00,0x00,0x00,200,13,0,0,0,False,1.0V,0.030,1467mV,1,False,False,v01.20.7357
26-05-31 17:50:24.114953,2902,496,1044,620,240,280,1796,200,True,True,True,True,True,True,True,True,2902,496,1044,620,240,280,1796,200,0,0,0,0,0,0,0,0,WPT Ready,0,0,False,0,0,0,0,0,0,75%,50%,False,0x00,False,63%,0us,0.000V,0.000V,True,False,Charge Active,v01.23.7357,False,False,0x00,0x00,0x00,0x00,0x00,0x00,0x00,200,13,0,0,0,False,1.0V,0.030,1467mV,1,False,False,v01.20.7357
26-05-31 17:50:24.156852,2902,496,1044,620,240,280,1796,200,True,True,True,True,True,True,True,True,2902,496,1044,620,240,280,1796,200,0,0,0,0,0,0,0,0,WPT Ready,0,0,False,0,0,0,0,0,0,75%,50%,False,0x00,False,63%,0us,0.000V,0.000V,True,False,Charge Active,v01.23.7357,False,False,0x00,0x00,0x00,0x00,0x00,0x00,0x00,200,13,0,0,0,False,1.0V,0.030,1467mV,1,False,False,v01.20.7357
26-05-31 17:50:24.177026,2902,496,1044,620,240,280,1796,200,True,True,True,True,True,True,True,True,2902,496,1044,620,240,280,1796,200,0,0,0,0,0,0,0,0,WPT Ready,0,0,False,0,0,0,0,0,0,75%,50%,False,0x00,False,63%,0us,0.000V,0.000V,True,False,Charge Active,v01.23.7357,False,False,0x00,0x00,0x00,0x00,0x00,0x00,0x00,200,13,0,0,0,False,1.0V,0.030,1467mV,1,False,False,v01.20.7357
26-05-31 17:50:24.245175,2902,496,1044,620,240,280,1796,200,True,True,True,True,True,True,True,True,2902,496,1044,620,240,280,1796,200,0,0,0,0,0,0,0,0,WPT Ready,0,0,False,0,0,0,0,0,0,75%,50%,False,0x00,False,63%,0us,0.000V,0.000V,True,False,Charge Active,v01.23.7357,False,False,0x00,0x00,0x00,0x00,0x00,0x00,0x00,200,13,0,0,0,False,1.0V,0.030,1467mV,1,False,False,v01.20.7357
26-05-31 17:50:24.264984,2902,496,1044,620,240,280,1796,200,True,True,True,True,True,True,True,True,2902,496,1044,620,240,280,1796,200,0,0,0,0,0,0,0,0,WPT Ready,0,0,False,0,0,0,0,0,0,75%,50%,False,0x00,False,63%,0us,0.000V,0.000V,True,False,Charge Active,v01.23.7357,False,False,0x00,0x00,0x00,0x00,0x00,0x00,0x00,200,13,0,0,0,False,1.0V,0.030,1467mV,1,False,False,v01.20.7357
26-05-31 17:50:24.334635,2902,496,1044,620,240,280,1796,200,True,True,True,True,True,True,True,True,2902,496,1044,620,240,280,1796,200,0,0,0,0,0,0,0,0,WPT Ready,0,0,False,0,0,0,0,0,0,75%,50%,False,0x00,False,63%,0us,0.000V,0.000V,True,False,Charge Active,v01.23.7357,False,False,0x00,0x00,0x00,0x00,0x00,0x00,0x00,200,13,0,0,0,False,1.0V,0.030,1467mV,1,False,False,v01.20.7357
26-05-31 17:50:24.383671,2902,496,1044,620,240,280,1796,200,True,True,True,True,True,True,True,True,2902,496,1044,620,240,280,1796,200,0,0,0,0,0,0,0,0,WPT Ready,0,0,False,0,0,0,0,0,0,75%,50%,False,0x00,False,63%,0us,0.000V,0.000V,True,False,Charge Active,v01.23.7357,False,False,0x00,0x00,0x00,0x00,0x00,0x00,0x00,200,13,0,0,0,False,1.0V,0.030,1467mV,1,False,False,v01.20.7357
26-05-31 17:50:24.403522,2902,496,1044,620,240,280,1796,200,True,True,True,True,True,True,True,True,2902,496,1044,620,240,280,1796,200,0,0,0,0,0,0,0,0,WPT Ready,0,0,False,0,0,0,0,0,0,75%,50%,False,0x00,False,63%,0us,0.000V,0.000V,True,False,Charge Active,v01.23.7357,False,False,0x00,0x00,0x00,0x00,0x00,0x00,0x00,200,13,0,0,0,False,1.0V,0.030,1467mV,1,False,False,v01.20.7357
26-05-31 17:50:24.465128,2902,496,1044,620,240,280,1796,200,True,True,True,True,True,True,True,True,2902,496,1044,620,240,280,1796,200,0,0,0,0,0,0,0,0,WPT Ready,0,0,False,0,0,0,0,0,0,75%,50%,False,0x00,False,63%,0us,0.000V,0.000V,True,False,Charge Active,v01.23.7357,False,False,0x00,0x00,0x00,0x00,0x00,0x00,0x00,200,13,0,0,0,False,1.0V,0.030,1467mV,1,False,False,v01.20.7357
26-05-31 17:50:24.536238,2902,496,1044,620,240,280,1796,200,True,True,True,True,True,True,True,True,2902,496,1044,620,240,280,1796,200,0,0,0,0,0,0,0,0,WPT Ready,0,0,False,0,0,0,0,0,0,75%,50%,False,0x00,False,63%,0us,0.000V,0.000V,True,False,Charge Active,v01.23.7357,False,False,0x00,0x00,0x00,0x00,0x00,0x00,0x00,200,13,0,0,0,False,1.0V,0.030,1467mV,1,False,False,v01.20.7357
26-05-31 17:50:24.565504,2902,496,1044,620,240,280,1796,200,True,True,True,True,True,True,True,True,2902,496,1044,620,240,280,1796,200,0,0,0,0,0,0,0,0,WPT Ready,0,0,False,0,0,0,0,0,0,75%,50%,False,0x00,False,63%,0us,0.000V,0.000V,True,False,Charge Active,v01.23.7357,False,False,0x00,0x00,0x00,0x00,0x00,0x00,0x00,200,13,0,0,0,False,1.0V,0.030,1467mV,1,False,False,v01.20.7357
26-05-31 17:50:24.611197,2902,496,1044,620,240,280,1796,200,True,True,True,True,True,True,True,True,2902,496,1044,620,240,280,1796,200,0,0,0,0,0,0,0,0,WPT Ready,0,0,False,0,0,0,0,0,0,75%,50%,False,0x00,False,63%,0us,0.000V,0.000V,True,False,Charge Active,v01.23.7357,False,False,0x00,0x00,0x00,0x00,0x00,0x00,0x00,200,13,0,0,0,False,1.0V,0.030,1467mV,1,False,False,v01.20.7357
26-05-31 17:50:24.632330,2902,496,1044,620,240,280,1796,200,True,True,True,True,True,True,True,True,2902,496,1044,620,240,280,1796,200,0,0,0,0,0,0,0,0,WPT Ready,0,0,False,0,0,0,0,0,0,75%,50%,False,0x00,False,63%,0us,0.000V,0.000V,True,False,Charge Active,v01.23.7357,False,False,0x00,0x00,0x00,0x00,0x00,0x00,0x00,200,13,0,0,0,False,1.0V,0.030,1467mV,1,False,False,v01.20.7357
26-05-31 17:50:24.698260,2902,496,1044,620,240,280,1796,200,True,True,True,True,True,True,True,True,2902,496,1044,620,240,280,1796,200,0,0,0,0,0,0,0,0,WPT Ready,0,0,False,0,0,0,0,0,0,75%,50%,False,0x00,False,63%,0us,0.000V,0.000V,True,False,Charge Active,v01.23.7357,False,False,0x00,0x00,0x00,0x00,0x00,0x00,0x00,200,13,0,0,0,False,1.0V,0.030,1467mV,1,False,False,v01.20.7357
26-05-31 17:50:24.718207,2902,496,1044,620,240,280,1796,200,True,True,True,True,True,True,True,True,2902,496,1044,620,240,280,1796,200,0,0,0,0,0,0,0,0,WPT Ready,0,0,False,0,0,0,0,0,0,75%,50%,False,0x00,False,63%,0us,0.000V,0.000V,True,False,Charge Active,v01.23.7357,False,False,0x00,0x00,0x00,0x00,0x00,0x00,0x00,200,13,0,0,0,False,1.0V,0.030,1467mV,1,False,False,v01.20.7357
26-05-31 17:50:24.768236,2902,496,1044,620,240,280,1796,200,True,True,True,True,True,True,True,True,2902,496,1044,620,240,280,1796,200,0,0,0,0,0,0,0,0,WPT Ready,0,0,False,0,0,0,0,0,0,75%,50%,False,0x00,False,63%,0us,0.000V,0.000V,True,False,Charge Active,v01.23.7357,False,False,0x00,0x00,0x00,0x00,0x00,0x00,0x00,200,13,0,0,0,False,1.0V,0.030,1467mV,1,False,False,v01.20.7357
26-05-31 17:50:24.835254,2902,496,1044,620,240,280,1796,200,True,True,True,True,True,True,True,True,2902,496,1044,620,240,280,1796,200,0,0,0,0,0,0,0,0,WPT Ready,0,0,False,0,0,0,0,0,0,75%,50%,False,0x00,False,63%,0us,0.000V,0.000V,True,False,Charge Active,v01.23.7357,False,False,0x00,0x00,0x00,0x00,0x00,0x00,0x00,200,13,0,0,0,False,1.0V,0.030,1467mV,1,False,False,v01.20.7357
26-05-31 17:50:24.855857,2902,496,1044,620,240,280,1796,200,True,True,True,True,True,True,True,True,2902,496,1044,620,240,280,1796,200,0,0,0,0,0,0,0,0,WPT Ready,0,0,False,0,0,0,0,0,0,75%,50%,False,0x00,False,63%,0us,0.000V,0.000V,True,False,Charge Active,v01.23.7357,False,False,0x00,0x00,0x00,0x00,0x00,0x00,0x00,200,13,0,0,0,False,1.0V,0.030,1467mV,1,False,False,v01.20.7357
26-05-31 17:50:24.907615,2902,496,1044,620,240,280,1796,200,True,True,True,True,True,True,True,True,2902,496,1044,620,240,280,1796,200,0,0,0,0,0,0,0,0,WPT Ready,0,0,False,0,0,0,0,0,0,75%,50%,False,0x00,False,63%,0us,0.000V,0.000V,True,False,Charge Active,v01.23.7357,False,False,0x00,0x00,0x00,0x00,0x00,0x00,0x00,200,13,0,0,0,False,1.0V,0.030,1467mV,1,False,False,v01.20.7357
26-05-31 17:50:24.937463,2902,496,1044,620,240,280,1796,200,True,True,True,True,True,True,True,True,2902,496,1044,620,240,280,1796,200,0,0,0,0,0,0,0,0,WPT Ready,0,0,False,0,0,0,0,0,0,75%,50%,False,0x00,False,63%,0us,0.000V,0.000V,True,False,Charge Active,v01.23.7357,False,False,0x00,0x00,0x00,0x00,0x00,0x00,0x00,200,13,0,0,0,False,1.0V,0.030,1467mV,1,False,False,v01.20.7357
26-05-31 17:50:24.982444,2902,496,1044,620,240,280,1796,200,True,True,True,True,True,True,True,True,2902,496,1044,620,240,280,1796,200,0,0,0,0,0,0,0,0,WPT Ready,0,0,False,0,0,0,0,0,0,75%,50%,False,0x00,False,63%,0us,0.000V,0.000V,True,False,Charge Active,v01.23.7357,False,False,0x00,0x00,0x00,0x00,0x00,0x00,0x00,200,13,0,0,0,False,1.0V,0.030,1467mV,1,False,False,v01.20.7357
26-05-31 17:50:25.002410,2902,496,1044,620,240,280,1796,200,True,True,True,True,True,True,True,True,2902,496,1044,620,240,280,1796,200,0,0,0,0,0,0,0,0,WPT Ready,0,0,False,0,0,0,0,0,0,75%,50%,False,0x00,False,63%,0us,0.000V,0.000V,True,False,Charge Active,v01.23.7357,False,False,0x00,0x00,0x00,0x00,0x00,0x00,0x00,200,13,0,0,0,False,1.0V,0.030,1467mV,1,False,False,v01.20.7357
26-05-31 17:50:25.064489,2902,496,1044,620,240,280,1796,200,True,True,True,True,True,True,True,True,2902,496,1044,620,240,280,1796,200,0,0,0,0,0,0,0,0,WPT Ready,0,0,False,0,0,0,0,0,0,75%,50%,False,0x00,False,63%,0us,0.000V,0.000V,True,False,Charge Active,v01.23.7357,False,False,0x00,0x00,0x00,0x00,0x00,0x00,0x00,200,13,0,0,0,False,1.0V,0.030,1467mV,1,False,False,v01.20.7357
26-05-31 17:50:25.084732,2902,496,1044,620,240,280,1796,200,True,True,True,True,True,True,True,True,2902,496,1044,620,240,280,1796,200,0,0,0,0,0,0,0,0,WPT Ready,0,0,False,0,0,0,0,0,0,75%,50%,False,0x00,False,63%,0us,0.000V,0.000V,True,False,Charge Active,v01.23.7357,False,False,0x00,0x00,0x00,0x00,0x00,0x00,0x00,200,13,0,0,0,False,1.0V,0.030,1467mV,1,False,False,v01.20.7357
26-05-31 17:50:25.134033,2902,496,1044,620,240,280,1796,200,True,True,True,True,True,True,True,True,2902,496,1044,620,240,280,1796,200,0,0,0,0,0,0,0,0,WPT Ready,0,0,False,0,0,0,0,0,0,75%,50%,False,0x00,False,63%,0us,0.000V,0.000V,True,False,Charge Active,v01.23.7357,False,False,0x00,0x00,0x00,0x00,0x00,0x00,0x00,200,13,0,0,0,False,1.0V,0.030,1467mV,1,False,False,v01.20.7357
26-05-31 17:50:25.160217,2902,496,1044,620,240,280,1796,200,True,True,True,True,True,True,True,True,2902,496,1044,620,240,280,1796,200,0,0,0,0,0,0,0,0,WPT Ready,0,0,False,0,0,0,0,0,0,75%,50%,False,0x00,False,63%,0us,0.000V,0.000V,True,False,Charge Active,v01.23.7357,False,False,0x00,0x00,0x00,0x00,0x00,0x00,0x00,200,13,0,0,0,False,1.0V,0.030,1467mV,1,False,False,v01.20.7357
26-05-31 17:50:25.228877,2902,496,1044,620,240,280,1796,200,True,True,True,True,True,True,True,True,2902,496,1044,620,240,280,1796,200,0,0,0,0,0,0,0,0,WPT Ready,0,0,False,0,0,0,0,0,0,75%,50%,False,0x00,False,63%,0us,0.000V,0.000V,True,False,Charge Active,v01.23.7357,False,False,0x00,0x00,0x00,0x00,0x00,0x00,0x00,200,13,0,0,0,False,1.0V,0.030,1467mV,1,False,False,v01.20.7357
26-05-31 17:50:25.309125,2902,496,1044,620,240,280,1796,200,True,True,True,True,True,True,True,True,2902,496,1044,620,240,280,1796,200,0,0,0,0,0,0,0,0,WPT Ready,0,0,False,0,0,0,0,0,0,75%,50%,False,0x00,False,63%,0us,0.000V,0.000V,True,False,Charge Active,v01.23.7357,False,False,0x00,0x00,0x00,0x00,0x00,0x00,0x00,200,13,0,0,0,False,1.0V,0.030,1467mV,1,False,False,v01.20.7357
26-05-31 17:50:25.360400,2902,496,1044,620,240,280,1796,200,True,True,True,True,True,True,True,True,2902,496,1044,620,240,280,1796,200,0,0,0,0,0,0,0,0,WPT Ready,0,0,False,0,0,0,0,0,0,75%,50%,False,0x00,False,63%,0us,0.000V,0.000V,True,False,Charge Active,v01.23.7357,False,False,0x00,0x00,0x00,0x00,0x00,0x00,0x00,200,13,0,0,0,False,1.0V,0.030,1467mV,1,False,False,v01.20.7357
26-05-31 17:50:25.432160,2902,496,1044,620,240,280,1796,200,True,True,True,True,True,True,True,True,2902,496,1044,620,240,280,1796,200,0,0,0,0,0,0,0,0,WPT Ready,0,0,False,0,0,0,0,0,0,75%,50%,False,0x00,False,63%,0us,0.000V,0.000V,True,False,Charge Active,v01.23.7357,False,False,0x00,0x00,0x00,0x00,0x00,0x00,0x00,200,13,0,0,0,False,1.0V,0.030,1467mV,1,False,False,v01.20.7357
26-05-31 17:50:25.452057,2902,496,1044,620,240,280,1796,200,True,True,True,True,True,True,True,True,2902,496,1044,620,240,280,1796,200,0,0,0,0,0,0,0,0,WPT Ready,0,0,False,0,0,0,0,0,0,75%,50%,False,0x00,False,63%,0us,0.000V,0.000V,True,False,Charge Active,v01.23.7357,False,False,0x00,0x00,0x00,0x00,0x00,0x00,0x00,200,13,0,0,0,False,1.0V,0.030,1467mV,1,False,False,v01.20.7357
26-05-31 17:50:25.547030,2902,496,1044,620,240,280,1796,200,True,True,True,True,True,True,True,True,2902,496,1044,620,240,280,1796,200,0,0,0,0,0,0,0,0,WPT Ready,0,0,False,0,0,0,0,0,0,75%,50%,False,0x00,False,63%,0us,0.000V,0.000V,True,False,Charge Active,v01.23.7357,False,False,0x00,0x00,0x00,0x00,0x00,0x00,0x00,200,13,0,0,0,False,1.0V,0.030,1467mV,1,False,False,v01.20.7357
26-05-31 17:50:25.626776,2902,496,1044,620,240,280,1796,200,True,True,True,True,True,True,True,True,2902,496,1044,620,240,280,1796,200,0,0,0,0,0,0,0,0,WPT Ready,0,0,False,0,0,0,0,0,0,75%,50%,False,0x00,False,63%,0us,0.000V,0.000V,True,False,Charge Active,v01.23.7357,False,False,0x00,0x00,0x00,0x00,0x00,0x00,0x00,200,13,0,0,0,False,1.0V,0.030,1467mV,1,False,False,v01.20.7357
26-05-31 17:50:25.680039,2902,496,1044,620,240,280,1796,200,True,True,True,True,True,True,True,True,2902,496,1044,620,240,280,1796,200,0,0,0,0,0,0,0,0,WPT Ready,0,0,False,0,0,0,0,0,0,75%,50%,False,0x00,False,63%,0us,0.000V,0.000V,True,False,Charge Active,v01.23.7357,False,False,0x00,0x00,0x00,0x00,0x00,0x00,0x00,200,13,0,0,0,False,1.0V,0.030,1467mV,1,False,False,v01.20.7357
26-05-31 17:50:25.752834,2902,496,1044,620,240,280,1796,200,True,True,True,True,True,True,True,True,2902,496,1044,620,240,280,1796,200,0,0,0,0,0,0,0,0,WPT Ready,0,0,False,0,0,0,0,0,0,75%,50%,False,0x00,False,63%,0us,0.000V,0.000V,True,False,Charge Active,v01.23.7357,False,False,0x00,0x00,0x00,0x00,0x00,0x00,0x00,200,13,0,0,0,False,1.0V,0.030,1467mV,1,False,False,v01.20.7357
26-05-31 17:50:25.822091,2902,496,1044,620,240,280,1796,200,True,True,True,True,True,True,True,True,2902,496,1044,620,240,280,1796,200,0,0,0,0,0,0,0,0,WPT Ready,0,0,False,0,0,0,0,0,0,75%,50%,False,0x00,False,63%,0us,0.000V,0.000V,True,False,Charge Active,v01.23.7357,False,False,0x00,0x00,0x00,0x00,0x00,0x00,0x00,200,13,0,0,0,False,1.0V,0.030,1467mV,1,False,False,v01.20.7357
26-05-31 17:50:25.848474,2902,496,1044,620,240,280,1796,200,True,True,True,True,True,True,True,True,2902,496,1044,620,240,280,1796,200,0,0,0,0,0,0,0,0,WPT Ready,0,0,False,0,0,0,0,0,0,75%,50%,False,0x00,False,63%,0us,0.000V,0.000V,True,False,Charge Active,v01.23.7357,False,False,0x00,0x00,0x00,0x00,0x00,0x00,0x00,200,13,0,0,0,False,1.0V,0.030,1467mV,1,False,False,v01.20.7357
26-05-31 17:50:25.916145,2902,496,1044,620,240,280,1796,200,True,True,True,True,True,True,True,True,2902,496,1044,620,240,280,1796,200,0,0,0,0,0,0,0,0,WPT Ready,0,0,False,0,0,0,0,0,0,75%,50%,False,0x00,False,63%,0us,0.000V,0.000V,True,False,Charge Active,v01.23.7357,False,False,0x00,0x00,0x00,0x00,0x00,0x00,0x00,200,13,0,0,0,False,1.0V,0.030,1467mV,1,False,False,v01.20.7357
26-05-31 17:50:25.983178,2902,496,1044,620,240,280,1796,200,True,True,True,True,True,True,True,True,2902,496,1044,620,240,280,1796,200,0,0,0,0,0,0,0,0,WPT Ready,0,0,False,0,0,0,0,0,0,75%,50%,False,0x00,False,63%,0us,0.000V,0.000V,True,False,Charge Active,v01.23.7357,False,False,0x00,0x00,0x00,0x00,0x00,0x00,0x00,200,13,0,0,0,False,1.0V,0.030,1467mV,1,False,False,v01.20.7357
26-05-31 17:50:26.056491,2902,496,1044,620,240,280,1796,200,True,True,True,True,True,True,True,True,2902,496,1044,620,240,280,1796,200,0,0,0,0,0,0,0,0,WPT Ready,0,0,False,0,0,0,0,0,0,75%,50%,False,0x00,False,63%,0us,0.000V,0.000V,True,False,Charge Active,v01.23.7357,False,False,0x00,0x00,0x00,0x00,0x00,0x00,0x00,200,13,0,0,0,False,1.0V,0.030,1467mV,1,False,False,v01.20.7357
26-05-31 17:50:26.126249,2902,496,1044,620,240,280,1796,200,True,True,True,True,True,True,True,True,2902,496,1044,620,240,280,1796,200,0,0,0,0,0,0,0,0,WPT Ready,0,0,False,0,0,0,0,0,0,75%,50%,False,0x00,False,63%,0us,0.000V,0.000V,True,False,Charge Active,v01.23.7357,False,False,0x00,0x00,0x00,0x00,0x00,0x00,0x00,200,13,0,0,0,False,1.0V,0.030,1467mV,1,False,False,v01.20.7357
26-05-31 17:50:26.146542,2902,496,1044,620,240,280,1796,200,True,True,True,True,True,True,True,True,2902,496,1044,620,240,280,1796,200,0,0,0,0,0,0,0,0,WPT Ready,0,0,False,0,0,0,0,0,0,75%,50%,False,0x00,False,63%,0us,0.000V,0.000V,True,False,Charge Active,v01.23.7357,False,False,0x00,0x00,0x00,0x00,0x00,0x00,0x00,200,13,0,0,0,False,1.0V,0.030,1467mV,1,False,False,v01.20.7357
26-05-31 17:50:26.241320,2902,496,1044,620,240,280,1796,200,True,True,True,True,True,True,True,True,2902,496,1044,620,240,280,1796,200,0,0,0,0,0,0,0,0,WPT Ready,0,0,False,0,0,0,0,0,0,75%,50%,False,0x00,False,63%,0us,0.000V,0.000V,True,False,Charge Active,v01.23.7357,False,False,0x00,0x00,0x00,0x00,0x00,0x00,0x00,200,13,0,0,0,False,1.0V,0.030,1467mV,1,False,False,v01.20.7357
26-05-31 17:50:26.292734,2902,496,1044,620,240,280,1796,200,True,True,True,True,True,True,True,True,2902,496,1044,620,240,280,1796,200,0,0,0,0,0,0,0,0,WPT Ready,0,0,False,0,0,0,0,0,0,75%,50%,False,0x00,False,63%,0us,0.000V,0.000V,True,False,Charge Active,v01.23.7357,False,False,0x00,0x00,0x00,0x00,0x00,0x00,0x00,200,13,0,0,0,False,1.0V,0.030,1467mV,1,False,False,v01.20.7357
26-05-31 17:50:26.326400,2902,496,1044,620,240,280,1796,200,True,True,True,True,True,True,True,True,2902,496,1044,620,240,280,1796,200,0,0,0,0,0,0,0,0,WPT Ready,0,0,False,0,0,0,0,0,0,75%,50%,False,0x00,False,63%,0us,0.000V,0.000V,True,False,Charge Active,v01.23.7357,False,False,0x00,0x00,0x00,0x00,0x00,0x00,0x00,200,13,0,0,0,False,1.0V,0.030,1467mV,1,False,False,v01.20.7357
26-05-31 17:50:26.386274,2902,496,1044,620,240,280,1796,200,True,True,True,True,True,True,True,True,2902,496,1044,620,240,280,1796,200,0,0,0,0,0,0,0,0,WPT Ready,0,0,False,0,0,0,0,0,0,75%,50%,False,0x00,False,63%,0us,0.000V,0.000V,True,False,Charge Active,v01.23.7357,False,False,0x00,0x00,0x00,0x00,0x00,0x00,0x00,200,13,0,0,0,False,1.0V,0.030,1467mV,1,False,False,v01.20.7357
26-05-31 17:50:26.455812,2902,496,1044,620,240,280,1796,200,True,True,True,True,True,True,True,True,2902,496,1044,620,240,280,1796,200,0,0,0,0,0,0,0,0,WPT Ready,0,0,False,0,0,0,0,0,0,75%,50%,False,0x00,False,63%,0us,0.000V,0.000V,True,False,Charge Active,v01.23.7357,False,False,0x00,0x00,0x00,0x00,0x00,0x00,0x00,200,13,0,0,0,False,1.0V,0.030,1467mV,1,False,False,v01.20.7357
26-05-31 17:50:26.531925,2902,496,1044,620,240,280,1796,200,True,True,True,True,True,True,True,True,2902,496,1044,620,240,280,1796,200,0,0,0,0,0,0,0,0,WPT Ready,0,0,False,0,0,0,0,0,0,75%,50%,False,0x00,False,63%,0us,0.000V,0.000V,True,False,Charge Active,v01.23.7357,False,False,0x00,0x00,0x00,0x00,0x00,0x00,0x00,200,13,0,0,0,False,1.0V,0.030,1467mV,1,False,False,v01.20.7357
26-05-31 17:50:26.566593,2902,496,1044,620,240,280,1796,200,True,True,True,True,True,True,True,True,2902,496,1044,620,240,280,1796,200,0,0,0,0,0,0,0,0,WPT Ready,0,0,False,0,0,0,0,0,0,75%,50%,False,0x00,False,63%,0us,0.000V,0.000V,True,False,Charge Active,v01.23.7357,False,False,0x00,0x00,0x00,0x00,0x00,0x00,0x00,200,13,0,0,0,False,1.0V,0.030,1467mV,1,False,False,v01.20.7357
26-05-31 17:50:26.610069,2902,496,1044,620,240,280,1796,200,True,True,True,True,True,True,True,True,2902,496,1044,620,240,280,1796,200,0,0,0,0,0,0,0,0,WPT Ready,0,0,False,0,0,0,0,0,0,75%,50%,False,0x00,False,63%,0us,0.000V,0.000V,True,False,Charge Active,v01.23.7357,False,False,0x00,0x00,0x00,0x00,0x00,0x00,0x00,200,13,0,0,0,False,1.0V,0.030,1467mV,1,False,False,v01.20.7357
26-05-31 17:50:26.636621,2902,496,1044,620,240,280,1796,200,True,True,True,True,True,True,True,True,2902,496,1044,620,240,280,1796,200,0,0,0,0,0,0,0,0,WPT Ready,0,0,False,0,0,0,0,0,0,75%,50%,False,0x00,False,63%,0us,0.000V,0.000V,True,False,Charge Active,v01.23.7357,False,False,0x00,0x00,0x00,0x00,0x00,0x00,0x00,200,13,0,0,0,False,1.0V,0.030,1467mV,1,False,False,v01.20.7357
26-05-31 17:50:26.697979,2902,496,1044,620,240,280,1796,200,True,True,True,True,True,True,True,True,2902,496,1044,620,240,280,1796,200,0,0,0,0,0,0,0,0,WPT Ready,0,0,False,0,0,0,0,0,0,75%,50%,False,0x00,False,63%,0us,0.000V,0.000V,True,False,Charge Active,v01.23.7357,False,False,0x00,0x00,0x00,0x00,0x00,0x00,0x00,200,13,0,0,0,False,1.0V,0.030,1467mV,1,False,False,v01.20.7357
26-05-31 17:50:26.718050,2902,496,1044,620,240,280,1796,200,True,True,True,True,True,True,True,True,2902,496,1044,620,240,280,1796,200,0,0,0,0,0,0,0,0,WPT Ready,0,0,False,0,0,0,0,0,0,75%,50%,False,0x00,False,63%,0us,0.000V,0.000V,True,False,Charge Active,v01.23.7357,False,False,0x00,0x00,0x00,0x00,0x00,0x00,0x00,200,13,0,0,0,False,1.0V,0.030,1467mV,1,False,False,v01.20.7357
26-05-31 17:50:26.766799,2902,496,1044,620,240,280,1796,200,True,True,True,True,True,True,True,True,2902,496,1044,620,240,280,1796,200,0,0,0,0,0,0,0,0,WPT Ready,0,0,False,0,0,0,0,0,0,75%,50%,False,0x00,False,63%,0us,0.000V,0.000V,True,False,Charge Active,v01.23.7357,False,False,0x00,0x00,0x00,0x00,0x00,0x00,0x00,200,13,0,0,0,False,1.0V,0.030,1467mV,1,False,False,v01.20.7357
26-05-31 17:50:26.798592,2902,496,1044,620,240,280,1796,200,True,True,True,True,True,True,True,True,2902,496,1044,620,240,280,1796,200,0,0,0,0,0,0,0,0,WPT Ready,0,0,False,0,0,0,0,0,0,75%,50%,False,0x00,False,63%,0us,0.000V,0.000V,True,False,Charge Active,v01.23.7357,False,False,0x00,0x00,0x00,0x00,0x00,0x00,0x00,200,13,0,0,0,False,1.0V,0.030,1467mV,1,False,False,v01.20.7357
26-05-31 17:50:26.838608,2902,496,1044,620,240,280,1796,200,True,True,True,True,True,True,True,True,2902,496,1044,620,240,280,1796,200,0,0,0,0,0,0,0,0,WPT Ready,0,0,False,0,0,0,0,0,0,75%,50%,False,0x00,False,63%,0us,0.000V,0.000V,True,False,Charge Active,v01.23.7357,False,False,0x00,0x00,0x00,0x00,0x00,0x00,0x00,200,13,0,0,0,False,1.0V,0.030,1467mV,1,False,False,v01.20.7357
26-05-31 17:50:26.858744,2902,496,1044,620,240,280,1796,200,True,True,True,True,True,True,True,True,2902,496,1044,620,240,280,1796,200,0,0,0,0,0,0,0,0,WPT Ready,0,0,False,0,0,0,0,0,0,75%,50%,False,0x00,False,63%,0us,0.000V,0.000V,True,False,Charge Active,v01.23.7357,False,False,0x00,0x00,0x00,0x00,0x00,0x00,0x00,200,13,0,0,0,False,1.0V,0.030,1467mV,1,False,False,v01.20.7357
26-05-31 17:50:26.930024,2902,496,1044,620,240,280,1796,200,True,True,True,True,True,True,True,True,2902,496,1044,620,240,280,1796,200,0,0,0,0,0,0,0,0,WPT Ready,0,0,False,0,0,0,0,0,0,75%,50%,False,0x00,False,63%,0us,0.000V,0.000V,True,False,Charge Active,v01.23.7357,False,False,0x00,0x00,0x00,0x00,0x00,0x00,0x00,200,13,0,0,0,False,1.0V,0.030,1467mV,1,False,False,v01.20.7357
26-05-31 17:50:27.000135,2902,496,1044,620,240,280,1796,200,True,True,True,True,True,True,True,True,2902,496,1044,620,240,280,1796,200,0,0,0,0,0,0,0,0,WPT Ready,0,0,False,0,0,0,0,0,0,75%,50%,False,0x00,False,63%,0us,0.000V,0.000V,True,False,Charge Active,v01.23.7357,False,False,0x00,0x00,0x00,0x00,0x00,0x00,0x00,200,13,0,0,0,False,1.0V,0.030,1467mV,1,False,False,v01.20.7357
26-05-31 17:50:27.030779,2902,496,1044,620,240,280,1796,200,True,True,True,True,True,True,True,True,2902,496,1044,620,240,280,1796,200,0,0,0,0,0,0,0,0,WPT Ready,0,0,False,0,0,0,0,0,0,75%,50%,False,0x00,False,63%,0us,0.000V,0.000V,True,False,Charge Active,v01.23.7357,False,False,0x00,0x00,0x00,0x00,0x00,0x00,0x00,200,13,0,0,0,False,1.0V,0.030,1467mV,1,False,False,v01.20.7357
26-05-31 17:50:27.076685,2902,496,1044,620,240,280,1796,200,True,True,True,True,True,True,True,True,2902,496,1044,620,240,280,1796,200,0,0,0,0,0,0,0,0,WPT Ready,0,0,False,0,0,0,0,0,0,75%,50%,False,0x00,False,63%,0us,0.000V,0.000V,True,False,Charge Active,v01.23.7357,False,False,0x00,0x00,0x00,0x00,0x00,0x00,0x00,200,13,0,0,0,False,1.0V,0.030,1467mV,1,False,False,v01.20.7357
26-05-31 17:50:27.096942,2902,496,1044,620,240,280,1796,200,True,True,True,True,True,True,True,True,2902,496,1044,620,240,280,1796,200,0,0,0,0,0,0,0,0,WPT Ready,0,0,False,0,0,0,0,0,0,75%,50%,False,0x00,False,63%,0us,0.000V,0.000V,True,False,Charge Active,v01.23.7357,False,False,0x00,0x00,0x00,0x00,0x00,0x00,0x00,200,13,0,0,0,False,1.0V,0.030,1467mV,1,False,False,v01.20.7357
26-05-31 17:50:27.168025,2902,496,1044,620,240,280,1796,200,True,True,True,True,True,True,True,True,2902,496,1044,620,240,280,1796,200,0,0,0,0,0,0,0,0,WPT Ready,0,0,False,0,0,0,0,0,0,75%,50%,False,0x00,False,63%,0us,0.000V,0.000V,True,False,Charge Active,v01.23.7357,False,False,0x00,0x00,0x00,0x00,0x00,0x00,0x00,200,13,0,0,0,False,1.0V,0.030,1467mV,1,False,False,v01.20.7357
26-05-31 17:50:27.188089,2902,496,1044,620,240,280,1796,200,True,True,True,True,True,True,True,True,2902,496,1044,620,240,280,1796,200,0,0,0,0,0,0,0,0,WPT Ready,0,0,False,0,0,0,0,0,0,75%,50%,False,0x00,False,63%,0us,0.000V,0.000V,True,False,Charge Active,v01.23.7357,False,False,0x00,0x00,0x00,0x00,0x00,0x00,0x00,200,13,0,0,0,False,1.0V,0.030,1467mV,1,False,False,v01.20.7357
26-05-31 17:50:27.240119,2902,496,1044,620,240,280,1796,200,True,True,True,True,True,True,True,True,2902,496,1044,620,240,280,1796,200,0,0,0,0,0,0,0,0,WPT Ready,0,0,False,0,0,0,0,0,0,75%,50%,False,0x00,False,63%,0us,0.000V,0.000V,True,False,Charge Active,v01.23.7357,False,False,0x00,0x00,0x00,0x00,0x00,0x00,0x00,200,13,0,0,0,False,1.0V,0.030,1467mV,1,False,False,v01.20.7357
26-05-31 17:50:27.314238,2902,496,1044,620,240,280,1796,200,True,True,True,True,True,True,True,True,2902,496,1044,620,240,280,1796,200,0,0,0,0,0,0,0,0,WPT Ready,0,0,False,0,0,0,0,0,0,75%,50%,False,0x00,False,63%,0us,0.000V,0.000V,True,False,Charge Active,v01.23.7357,False,False,0x00,0x00,0x00,0x00,0x00,0x00,0x00,200,13,0,0,0,False,1.0V,0.030,1467mV,1,False,False,v01.20.7357
26-05-31 17:50:27.334477,2902,496,1044,620,240,280,1796,200,True,True,True,True,True,True,True,True,2902,496,1044,620,240,280,1796,200,0,0,0,0,0,0,0,0,WPT Ready,0,0,False,0,0,0,0,0,0,75%,50%,False,0x00,False,63%,0us,0.000V,0.000V,True,False,Charge Active,v01.23.7357,False,False,0x00,0x00,0x00,0x00,0x00,0x00,0x00,200,13,0,0,0,False,1.0V,0.030,1467mV,1,False,False,v01.20.7357
26-05-31 17:50:27.402638,2902,496,1044,620,240,280,1796,200,True,True,True,True,True,True,True,True,2902,496,1044,620,240,280,1796,200,0,0,0,0,0,0,0,0,WPT Ready,0,0,False,0,0,0,0,0,0,75%,50%,False,0x00,False,63%,0us,0.000V,0.000V,True,False,Charge Active,v01.23.7357,False,False,0x00,0x00,0x00,0x00,0x00,0x00,0x00,200,13,0,0,0,False,1.0V,0.030,1467mV,1,False,False,v01.20.7357
26-05-31 17:50:27.422784,2902,496,1044,620,240,280,1796,200,True,True,True,True,True,True,True,True,2902,496,1044,620,240,280,1796,200,0,0,0,0,0,0,0,0,WPT Ready,0,0,False,0,0,0,0,0,0,75%,50%,False,0x00,False,63%,0us,0.000V,0.000V,True,False,Charge Active,v01.23.7357,False,False,0x00,0x00,0x00,0x00,0x00,0x00,0x00,200,13,0,0,0,False,1.0V,0.030,1467mV,1,False,False,v01.20.7357
26-05-31 17:50:27.471616,2902,496,1044,620,240,280,1796,200,True,True,True,True,True,True,True,True,2902,496,1044,620,240,280,1796,200,0,0,0,0,0,0,0,0,WPT Ready,0,0,False,0,0,0,0,0,0,75%,50%,False,0x00,False,63%,0us,0.000V,0.000V,True,False,Charge Active,v01.23.7357,False,False,0x00,0x00,0x00,0x00,0x00,0x00,0x00,200,13,0,0,0,False,1.0V,0.030,1467mV,1,False,False,v01.20.7357
26-05-31 17:50:27.504800,2902,496,1044,620,240,280,1796,200,True,True,True,True,True,True,True,True,2902,496,1044,620,240,280,1796,200,0,0,0,0,0,0,0,0,WPT Ready,0,0,False,0,0,0,0,0,0,75%,50%,False,0x00,False,63%,0us,0.000V,0.000V,True,False,Charge Active,v01.23.7357,False,False,0x00,0x00,0x00,0x00,0x00,0x00,0x00,200,13,0,0,0,False,1.0V,0.030,1467mV,1,False,False,v01.20.7357
26-05-31 17:50:27.550350,2902,496,1044,620,240,280,1796,200,True,True,True,True,True,True,True,True,2902,496,1044,620,240,280,1796,200,0,0,0,0,0,0,0,0,WPT Ready,0,0,False,0,0,0,0,0,0,75%,50%,False,0x00,False,63%,0us,0.000V,0.000V,True,False,Charge Active,v01.23.7357,False,False,0x00,0x00,0x00,0x00,0x00,0x00,0x00,200,13,0,0,0,False,1.0V,0.030,1467mV,1,False,False,v01.20.7357
26-05-31 17:50:27.570700,2902,496,1044,620,240,280,1796,200,True,True,True,True,True,True,True,True,2902,496,1044,620,240,280,1796,200,0,0,0,0,0,0,0,0,WPT Ready,0,0,False,0,0,0,0,0,0,75%,50%,False,0x00,False,63%,0us,0.000V,0.000V,True,False,Charge Active,v01.23.7357,False,False,0x00,0x00,0x00,0x00,0x00,0x00,0x00,200,13,0,0,0,False,1.0V,0.030,1467mV,1,False,False,v01.20.7357
26-05-31 17:50:27.656359,2902,496,1044,620,240,280,1796,200,True,True,True,True,True,True,True,True,2902,496,1044,620,240,280,1796,200,0,0,0,0,0,0,0,0,WPT Ready,0,0,False,0,0,0,0,0,0,75%,50%,False,0x00,False,63%,0us,0.000V,0.000V,True,False,Charge Active,v01.23.7357,False,False,0x00,0x00,0x00,0x00,0x00,0x00,0x00,200,13,0,0,0,False,1.0V,0.030,1467mV,1,False,False,v01.20.7357
26-05-31 17:50:27.705954,2902,496,1044,620,240,280,1796,200,True,True,True,True,True,True,True,True,2902,496,1044,620,240,280,1796,200,0,0,0,0,0,0,0,0,WPT Ready,0,0,False,0,0,0,0,0,0,75%,50%,False,0x00,False,63%,0us,0.000V,0.000V,True,False,Charge Active,v01.23.7357,False,False,0x00,0x00,0x00,0x00,0x00,0x00,0x00,200,13,0,0,0,False,1.0V,0.030,1467mV,1,False,False,v01.20.7357
26-05-31 17:50:27.739609,2902,496,1044,620,240,280,1796,200,True,True,True,True,True,True,True,True,2902,496,1044,620,240,280,1796,200,0,0,0,0,0,0,0,0,WPT Ready,0,0,False,0,0,0,0,0,0,75%,50%,False,0x00,False,63%,0us,0.000V,0.000V,True,False,Charge Active,v01.23.7357,False,False,0x00,0x00,0x00,0x00,0x00,0x00,0x00,200,13,0,0,0,False,1.0V,0.030,1467mV,1,False,False,v01.20.7357
26-05-31 17:50:27.775637,2902,496,1044,620,240,280,1796,200,True,True,True,True,True,True,True,True,2902,496,1044,620,240,280,1796,200,0,0,0,0,0,0,0,0,WPT Ready,0,0,False,0,0,0,0,0,0,75%,50%,False,0x00,False,63%,0us,0.000V,0.000V,True,False,Charge Active,v01.23.7357,False,False,0x00,0x00,0x00,0x00,0x00,0x00,0x00,200,13,0,0,0,False,1.0V,0.030,1467mV,1,False,False,v01.20.7357
26-05-31 17:50:27.795909,2902,496,1044,620,240,280,1796,200,True,True,True,True,True,True,True,True,2902,496,1044,620,240,280,1796,200,0,0,0,0,0,0,0,0,WPT Ready,0,0,False,0,0,0,0,0,0,75%,50%,False,0x00,False,63%,0us,0.000V,0.000V,True,False,Charge Active,v01.23.7357,False,False,0x00,0x00,0x00,0x00,0x00,0x00,0x00,200,13,0,0,0,False,1.0V,0.030,1467mV,1,False,False,v01.20.7357
26-05-31 17:50:27.841823,2902,496,1044,620,240,280,1796,200,True,True,True,True,True,True,True,True,2902,496,1044,620,240,280,1796,200,0,0,0,0,0,0,0,0,WPT Ready,0,0,False,0,0,0,0,0,0,75%,50%,False,0x00,False,63%,0us,0.000V,0.000V,True,False,Charge Active,v01.23.7357,False,False,0x00,0x00,0x00,0x00,0x00,0x00,0x00,200,13,0,0,0,False,1.0V,0.030,1467mV,1,False,False,v01.20.7357
26-05-31 17:50:27.872883,2902,496,1044,620,240,280,1796,200,True,True,True,True,True,True,True,True,2902,496,1044,620,240,280,1796,200,0,0,0,0,0,0,0,0,WPT Ready,0,0,False,0,0,0,0,0,0,75%,50%,False,0x00,False,63%,0us,0.000V,0.000V,True,False,Charge Active,v01.23.7357,False,False,0x00,0x00,0x00,0x00,0x00,0x00,0x00,200,13,0,0,0,False,1.0V,0.030,1467mV,1,False,False,v01.20.7357
26-05-31 17:50:27.914333,2902,496,1044,620,240,280,1796,200,True,True,True,True,True,True,True,True,2902,496,1044,620,240,280,1796,200,0,0,0,0,0,0,0,0,WPT Ready,0,0,False,0,0,0,0,0,0,75%,50%,False,0x00,False,63%,0us,0.000V,0.000V,True,False,Charge Active,v01.23.7357,False,False,0x00,0x00,0x00,0x00,0x00,0x00,0x00,200,13,0,0,0,False,1.0V,0.030,1467mV,1,False,False,v01.20.7357
26-05-31 17:50:27.934489,2902,496,1044,620,240,280,1796,200,True,True,True,True,True,True,True,True,2902,496,1044,620,240,280,1796,200,0,0,0,0,0,0,0,0,WPT Ready,0,0,False,0,0,0,0,0,0,75%,50%,False,0x00,False,63%,0us,0.000V,0.000V,True,False,Charge Active,v01.23.7357,False,False,0x00,0x00,0x00,0x00,0x00,0x00,0x00,200,13,0,0,0,False,1.0V,0.030,1467mV,1,False,False,v01.20.7357
26-05-31 17:50:28.020648,2902,496,1044,620,240,280,1796,200,True,True,True,True,True,True,True,True,2902,496,1044,620,240,280,1796,200,0,0,0,0,0,0,0,0,WPT Ready,0,0,False,0,0,0,0,0,0,75%,50%,False,0x00,False,63%,0us,0.000V,0.000V,True,False,Charge Active,v01.23.7357,False,False,0x00,0x00,0x00,0x00,0x00,0x00,0x00,200,13,0,0,0,False,1.0V,0.030,1467mV,1,False,False,v01.20.7357
26-05-31 17:50:28.070750,2902,496,1044,620,240,280,1796,200,True,True,True,True,True,True,True,True,2902,496,1044,620,240,280,1796,200,0,0,0,0,0,0,0,0,WPT Ready,0,0,False,0,0,0,0,0,0,75%,50%,False,0x00,False,63%,0us,0.000V,0.000V,True,False,Charge Active,v01.23.7357,False,False,0x00,0x00,0x00,0x00,0x00,0x00,0x00,200,13,0,0,0,False,1.0V,0.030,1467mV,1,False,False,v01.20.7357
26-05-31 17:50:28.099319,2902,496,1044,620,240,280,1796,200,True,True,True,True,True,True,True,True,2902,496,1044,620,240,280,1796,200,0,0,0,0,0,0,0,0,WPT Ready,0,0,False,0,0,0,0,0,0,75%,50%,False,0x00,False,63%,0us,0.000V,0.000V,True,False,Charge Active,v01.23.7357,False,False,0x00,0x00,0x00,0x00,0x00,0x00,0x00,200,13,0,0,0,False,1.0V,0.030,1467mV,1,False,False,v01.20.7357
26-05-31 17:50:28.144914,2902,496,1044,620,240,280,1796,200,True,True,True,True,True,True,True,True,2902,496,1044,620,240,280,1796,200,0,0,0,0,0,0,0,0,WPT Ready,0,0,False,0,0,0,0,0,0,75%,50%,False,0x00,False,63%,0us,0.000V,0.000V,True,False,Charge Active,v01.23.7357,False,False,0x00,0x00,0x00,0x00,0x00,0x00,0x00,200,13,0,0,0,False,1.0V,0.030,1467mV,1,False,False,v01.20.7357
26-05-31 17:50:28.165125,2902,496,1044,620,240,280,1796,200,True,True,True,True,True,True,True,True,2902,496,1044,620,240,280,1796,200,0,0,0,0,0,0,0,0,WPT Ready,0,0,False,0,0,0,0,0,0,75%,50%,False,0x00,False,63%,0us,0.000V,0.000V,True,False,Charge Active,v01.23.7357,False,False,0x00,0x00,0x00,0x00,0x00,0x00,0x00,200,13,0,0,0,False,1.0V,0.030,1467mV,1,False,False,v01.20.7357
26-05-31 17:50:28.224977,2902,496,1044,620,240,280,1796,200,True,True,True,True,True,True,True,True,2902,496,1044,620,240,280,1796,200,0,0,0,0,0,0,0,0,WPT Ready,0,0,False,0,0,0,0,0,0,75%,50%,False,0x00,False,63%,0us,0.000V,0.000V,True,False,Charge Active,v01.23.7357,False,False,0x00,0x00,0x00,0x00,0x00,0x00,0x00,200,13,0,0,0,False,1.0V,0.030,1467mV,1,False,False,v01.20.7357
26-05-31 17:50:28.244503,2902,496,1044,620,240,280,1796,200,True,True,True,True,True,True,True,True,2902,496,1044,620,240,280,1796,200,0,0,0,0,0,0,0,0,WPT Ready,0,0,False,0,0,0,0,0,0,75%,50%,False,0x00,False,63%,0us,0.000V,0.000V,True,False,Charge Active,v01.23.7357,False,False,0x00,0x00,0x00,0x00,0x00,0x00,0x00,200,13,0,0,0,False,1.0V,0.030,1467mV,1,False,False,v01.20.7357
26-05-31 17:50:28.287754,2902,496,1044,620,240,280,1796,200,True,True,True,True,True,True,True,True,2902,496,1044,620,240,280,1796,200,0,0,0,0,0,0,0,0,WPT Ready,0,0,False,0,0,0,0,0,0,75%,50%,False,0x00,False,63%,0us,0.000V,0.000V,True,False,Charge Active,v01.23.7357,False,False,0x00,0x00,0x00,0x00,0x00,0x00,0x00,200,13,0,0,0,False,1.0V,0.030,1467mV,1,False,False,v01.20.7357
26-05-31 17:50:28.315948,2902,496,1044,620,240,280,1796,200,True,True,True,True,True,True,True,True,2902,496,1044,620,240,280,1796,200,0,0,0,0,0,0,0,0,WPT Ready,0,0,False,0,0,0,0,0,0,75%,50%,False,0x00,False,63%,0us,0.000V,0.000V,True,False,Charge Active,v01.23.7357,False,False,0x00,0x00,0x00,0x00,0x00,0x00,0x00,200,13,0,0,0,False,1.0V,0.030,1467mV,1,False,False,v01.20.7357
26-05-31 17:50:28.373425,2902,496,1044,620,240,280,1796,200,True,True,True,True,True,True,True,True,2902,496,1044,620,240,280,1796,200,0,0,0,0,0,0,0,0,WPT Ready,0,0,False,0,0,0,0,0,0,75%,50%,False,0x00,False,63%,0us,0.000V,0.000V,True,False,Charge Active,v01.23.7357,False,False,0x00,0x00,0x00,0x00,0x00,0x00,0x00,200,13,0,0,0,False,1.0V,0.030,1467mV,1,False,False,v01.20.7357
26-05-31 17:50:28.418383,2902,496,1044,620,240,280,1796,200,True,True,True,True,True,True,True,True,2902,496,1044,620,240,280,1796,200,0,0,0,0,0,0,0,0,WPT Ready,0,0,False,0,0,0,0,0,0,75%,50%,False,0x00,False,63%,0us,0.000V,0.000V,True,False,Charge Active,v01.23.7357,False,False,0x00,0x00,0x00,0x00,0x00,0x00,0x00,200,13,0,0,0,False,1.0V,0.030,1467mV,1,False,False,v01.20.7357
26-05-31 17:50:28.442962,2902,496,1044,620,240,280,1796,200,True,True,True,True,True,True,True,True,2902,496,1044,620,240,280,1796,200,0,0,0,0,0,0,0,0,WPT Ready,0,0,False,0,0,0,0,0,0,75%,50%,False,0x00,False,63%,0us,0.000V,0.000V,True,False,Charge Active,v01.23.7357,False,False,0x00,0x00,0x00,0x00,0x00,0x00,0x00,200,13,0,0,0,False,1.0V,0.030,1467mV,1,False,False,v01.20.7357
26-05-31 17:50:28.489798,2902,496,1044,620,240,280,1796,200,True,True,True,True,True,True,True,True,2902,496,1044,620,240,280,1796,200,0,0,0,0,0,0,0,0,WPT Ready,0,0,False,0,0,0,0,0,0,75%,50%,False,0x00,False,63%,0us,0.000V,0.000V,True,False,Charge Active,v01.23.7357,False,False,0x00,0x00,0x00,0x00,0x00,0x00,0x00,200,13,0,0,0,False,1.0V,0.030,1467mV,1,False,False,v01.20.7357
26-05-31 17:50:28.578817,2902,496,1044,620,240,280,1796,200,True,True,True,True,True,True,True,True,2902,496,1044,620,240,280,1796,200,0,0,0,0,0,0,0,0,WPT Ready,0,0,False,0,0,0,0,0,0,75%,50%,False,0x00,False,63%,0us,0.000V,0.000V,True,False,Charge Active,v01.23.7357,False,False,0x00,0x00,0x00,0x00,0x00,0x00,0x00,200,13,0,0,0,False,1.0V,0.030,1467mV,1,False,False,v01.20.7357
26-05-31 17:50:28.599040,2902,496,1044,620,240,280,1796,200,True,True,True,True,True,True,True,True,2902,496,1044,620,240,280,1796,200,0,0,0,0,0,0,0,0,WPT Ready,0,0,False,0,0,0,0,0,0,75%,50%,False,0x00,False,63%,0us,0.000V,0.000V,True,False,Charge Active,v01.23.7357,False,False,0x00,0x00,0x00,0x00,0x00,0x00,0x00,200,13,0,0,0,False,1.0V,0.030,1467mV,1,False,False,v01.20.7357
26-05-31 17:50:28.650213,2902,496,1044,620,240,280,1796,200,True,True,True,True,True,True,True,True,2902,496,1044,620,240,280,1796,200,0,0,0,0,0,0,0,0,WPT Ready,0,0,False,0,0,0,0,0,0,75%,50%,False,0x00,False,63%,0us,0.000V,0.000V,True,False,Charge Active,v01.23.7357,False,False,0x00,0x00,0x00,0x00,0x00,0x00,0x00,200,13,0,0,0,False,1.0V,0.030,1467mV,1,False,False,v01.20.7357
26-05-31 17:50:28.674492,2902,496,1044,620,240,280,1796,200,True,True,True,True,True,True,True,True,2902,496,1044,620,240,280,1796,200,0,0,0,0,0,0,0,0,WPT Ready,0,0,False,0,0,0,0,0,0,75%,50%,False,0x00,False,63%,0us,0.000V,0.000V,True,False,Charge Active,v01.23.7357,False,False,0x00,0x00,0x00,0x00,0x00,0x00,0x00,200,13,0,0,0,False,1.0V,0.030,1467mV,1,False,False,v01.20.7357
26-05-31 17:50:28.724989,2902,496,1044,620,240,280,1796,200,True,True,True,True,True,True,True,True,2902,496,1044,620,240,280,1796,200,0,0,0,0,0,0,0,0,WPT Ready,0,0,False,0,0,0,0,0,0,75%,50%,False,0x00,False,63%,0us,0.000V,0.000V,True,False,Charge Active,v01.23.7357,False,False,0x00,0x00,0x00,0x00,0x00,0x00,0x00,200,13,0,0,0,False,1.0V,0.030,1467mV,1,False,False,v01.20.7357
26-05-31 17:50:28.745347,2902,496,1044,620,240,280,1796,200,True,True,True,True,True,True,True,True,2902,496,1044,620,240,280,1796,200,0,0,0,0,0,0,0,0,WPT Ready,0,0,False,0,0,0,0,0,0,75%,50%,False,0x00,False,63%,0us,0.000V,0.000V,True,False,Charge Active,v01.23.7357,False,False,0x00,0x00,0x00,0x00,0x00,0x00,0x00,200,13,0,0,0,False,1.0V,0.030,1467mV,1,False,False,v01.20.7357
26-05-31 17:50:28.796765,2902,496,1044,620,240,280,1796,200,True,True,True,True,True,True,True,True,2902,496,1044,620,240,280,1796,200,0,0,0,0,0,0,0,0,WPT Ready,0,0,False,0,0,0,0,0,0,75%,50%,False,0x00,False,63%,0us,0.000V,0.000V,True,False,Charge Active,v01.23.7357,False,False,0x00,0x00,0x00,0x00,0x00,0x00,0x00,200,13,0,0,0,False,1.0V,0.030,1467mV,1,False,False,v01.20.7357
26-05-31 17:50:28.816801,2902,496,1044,620,240,280,1796,200,True,True,True,True,True,True,True,True,2902,496,1044,620,240,280,1796,200,0,0,0,0,0,0,0,0,WPT Ready,0,0,False,0,0,0,0,0,0,75%,50%,False,0x00,False,63%,0us,0.000V,0.000V,True,False,Charge Active,v01.23.7357,False,False,0x00,0x00,0x00,0x00,0x00,0x00,0x00,200,13,0,0,0,False,1.0V,0.030,1467mV,1,False,False,v01.20.7357
26-05-31 17:50:28.888446,2902,496,1044,620,240,280,1796,200,True,True,True,True,True,True,True,True,2902,496,1044,620,240,280,1796,200,0,0,0,0,0,0,0,0,WPT Ready,0,0,False,0,0,0,0,0,0,75%,50%,False,0x00,False,63%,0us,0.000V,0.000V,True,False,Charge Active,v01.23.7357,False,False,0x00,0x00,0x00,0x00,0x00,0x00,0x00,200,13,0,0,0,False,1.0V,0.030,1467mV,1,False,False,v01.20.7357
26-05-31 17:50:28.937453,2902,496,1044,620,240,280,1796,200,True,True,True,True,True,True,True,True,2902,496,1044,620,240,280,1796,200,0,0,0,0,0,0,0,0,WPT Ready,0,0,False,0,0,0,0,0,0,75%,50%,False,0x00,False,63%,0us,0.000V,0.000V,True,False,Charge Active,v01.23.7357,False,False,0x00,0x00,0x00,0x00,0x00,0x00,0x00,200,13,0,0,0,False,1.0V,0.030,1467mV,1,False,False,v01.20.7357
26-05-31 17:50:28.957701,2902,496,1044,620,240,280,1796,200,True,True,True,True,True,True,True,True,2902,496,1044,620,240,280,1796,200,0,0,0,0,0,0,0,0,WPT Ready,0,0,False,0,0,0,0,0,0,75%,50%,False,0x00,False,63%,0us,0.000V,0.000V,True,False,Charge Active,v01.23.7357,False,False,0x00,0x00,0x00,0x00,0x00,0x00,0x00,200,13,0,0,0,False,1.0V,0.030,1467mV,1,False,False,v01.20.7357
26-05-31 17:50:29.012261,2902,496,1044,620,240,280,1796,200,True,True,True,True,True,True,True,True,2902,496,1044,620,240,280,1796,200,0,0,0,0,0,0,0,0,WPT Ready,0,0,False,0,0,0,0,0,0,75%,50%,False,0x00,False,63%,0us,0.000V,0.000V,True,False,Charge Active,v01.23.7357,False,False,0x00,0x00,0x00,0x00,0x00,0x00,0x00,200,13,0,0,0,False,1.0V,0.030,1467mV,1,False,False,v01.20.7357
26-05-31 17:50:29.045595,2902,496,1044,620,240,280,1796,200,True,True,True,True,True,True,True,True,2902,496,1044,620,240,280,1796,200,0,0,0,0,0,0,0,0,WPT Ready,0,0,False,0,0,0,0,0,0,75%,50%,False,0x00,False,63%,0us,0.000V,0.000V,True,False,Charge Active,v01.23.7357,False,False,0x00,0x00,0x00,0x00,0x00,0x00,0x00,200,13,0,0,0,False,1.0V,0.030,1467mV,1,False,False,v01.20.7357
26-05-31 17:50:29.090921,2902,496,1044,620,240,280,1796,200,True,True,True,True,True,True,True,True,2902,496,1044,620,240,280,1796,200,0,0,0,0,0,0,0,0,WPT Ready,0,0,False,0,0,0,0,0,0,75%,50%,False,0x00,False,63%,0us,0.000V,0.000V,True,False,Charge Active,v01.23.7357,False,False,0x00,0x00,0x00,0x00,0x00,0x00,0x00,200,13,0,0,0,False,1.0V,0.030,1467mV,1,False,False,v01.20.7357
26-05-31 17:50:29.161592,2902,496,1044,620,240,280,1796,200,True,True,True,True,True,True,True,True,2902,496,1044,620,240,280,1796,200,0,0,0,0,0,0,0,0,WPT Ready,0,0,False,0,0,0,0,0,0,75%,50%,False,0x00,False,63%,0us,0.000V,0.000V,True,False,Charge Active,v01.23.7357,False,False,0x00,0x00,0x00,0x00,0x00,0x00,0x00,200,13,0,0,0,False,1.0V,0.030,1467mV,1,False,False,v01.20.7357
26-05-31 17:50:29.202630,2902,496,1044,620,240,280,1796,200,True,True,True,True,True,True,True,True,2902,496,1044,620,240,280,1796,200,0,0,0,0,0,0,0,0,WPT Ready,0,0,False,0,0,0,0,0,0,75%,50%,False,0x00,False,63%,0us,0.000V,0.000V,True,False,Charge Active,v01.23.7357,False,False,0x00,0x00,0x00,0x00,0x00,0x00,0x00,200,13,0,0,0,False,1.0V,0.030,1467mV,1,False,False,v01.20.7357
26-05-31 17:50:29.222537,2902,496,1044,620,240,280,1796,200,True,True,True,True,True,True,True,True,2902,496,1044,620,240,280,1796,200,0,0,0,0,0,0,0,0,WPT Ready,0,0,False,0,0,0,0,0,0,75%,50%,False,0x00,False,63%,0us,0.000V,0.000V,True,False,Charge Active,v01.23.7357,False,False,0x00,0x00,0x00,0x00,0x00,0x00,0x00,200,13,0,0,0,False,1.0V,0.030,1467mV,1,False,False,v01.20.7357
26-05-31 17:50:29.290403,2902,496,1044,620,240,280,1796,200,True,True,True,True,True,True,True,True,2902,496,1044,620,240,280,1796,200,0,0,0,0,0,0,0,0,WPT Ready,0,0,False,0,0,0,0,0,0,75%,50%,False,0x00,False,63%,0us,0.000V,0.000V,True,False,Charge Active,v01.23.7357,False,False,0x00,0x00,0x00,0x00,0x00,0x00,0x00,200,13,0,0,0,False,1.0V,0.030,1467mV,1,False,False,v01.20.7357
26-05-31 17:50:29.344397,2902,496,1044,620,240,280,1796,200,True,True,True,True,True,True,True,True,2902,496,1044,620,240,280,1796,200,0,0,0,0,0,0,0,0,WPT Ready,0,0,False,0,0,0,0,0,0,75%,50%,False,0x00,False,63%,0us,0.000V,0.000V,True,False,Charge Active,v01.23.7357,False,False,0x00,0x00,0x00,0x00,0x00,0x00,0x00,200,13,0,0,0,False,1.0V,0.030,1467mV,1,False,False,v01.20.7357
26-05-31 17:50:29.373287,2902,496,1044,620,240,280,1796,200,True,True,True,True,True,True,True,True,2902,496,1044,620,240,280,1796,200,0,0,0,0,0,0,0,0,WPT Ready,0,0,False,0,0,0,0,0,0,75%,50%,False,0x00,False,63%,0us,0.000V,0.000V,True,False,Charge Active,v01.23.7357,False,False,0x00,0x00,0x00,0x00,0x00,0x00,0x00,200,13,0,0,0,False,1.0V,0.030,1467mV,1,False,False,v01.20.7357
26-05-31 17:50:29.419521,2902,496,1044,620,240,280,1796,200,True,True,True,True,True,True,True,True,2902,496,1044,620,240,280,1796,200,0,0,0,0,0,0,0,0,WPT Ready,0,0,False,0,0,0,0,0,0,75%,50%,False,0x00,False,63%,0us,0.000V,0.000V,True,False,Charge Active,v01.23.7357,False,False,0x00,0x00,0x00,0x00,0x00,0x00,0x00,200,13,0,0,0,False,1.0V,0.030,1467mV,1,False,False,v01.20.7357
26-05-31 17:50:29.439610,2902,496,1044,620,240,280,1796,200,True,True,True,True,True,True,True,True,2902,496,1044,620,240,280,1796,200,0,0,0,0,0,0,0,0,WPT Ready,0,0,False,0,0,0,0,0,0,75%,50%,False,0x00,False,63%,0us,0.000V,0.000V,True,False,Charge Active,v01.23.7357,False,False,0x00,0x00,0x00,0x00,0x00,0x00,0x00,200,13,0,0,0,False,1.0V,0.030,1467mV,1,False,False,v01.20.7357
26-05-31 17:50:29.507767,2902,496,1044,620,240,280,1796,200,True,True,True,True,True,True,True,True,2902,496,1044,620,240,280,1796,200,0,0,0,0,0,0,0,0,WPT Ready,0,0,False,0,0,0,0,0,0,75%,50%,False,0x00,False,63%,0us,0.000V,0.000V,True,False,Charge Active,v01.23.7357,False,False,0x00,0x00,0x00,0x00,0x00,0x00,0x00,200,13,0,0,0,False,1.0V,0.030,1467mV,1,False,False,v01.20.7357
26-05-31 17:50:29.527901,2902,496,1044,620,240,280,1796,200,True,True,True,True,True,True,True,True,2902,496,1044,620,240,280,1796,200,0,0,0,0,0,0,0,0,WPT Ready,0,0,False,0,0,0,0,0,0,75%,50%,False,0x00,False,63%,0us,0.000V,0.000V,True,False,Charge Active,v01.23.7357,False,False,0x00,0x00,0x00,0x00,0x00,0x00,0x00,200,13,0,0,0,False,1.0V,0.030,1467mV,1,False,False,v01.20.7357
26-05-31 17:50:29.582098,2902,496,1044,620,240,280,1796,200,True,True,True,True,True,True,True,True,2902,496,1044,620,240,280,1796,200,0,0,0,0,0,0,0,0,WPT Ready,0,0,False,0,0,0,0,0,0,75%,50%,False,0x00,False,63%,0us,0.000V,0.000V,True,False,Charge Active,v01.23.7357,False,False,0x00,0x00,0x00,0x00,0x00,0x00,0x00,200,13,0,0,0,False,1.0V,0.030,1467mV,1,False,False,v01.20.7357
26-05-31 17:50:29.611100,2902,496,1044,620,240,280,1796,200,True,True,True,True,True,True,True,True,2902,496,1044,620,240,280,1796,200,0,0,0,0,0,0,0,0,WPT Ready,0,0,False,0,0,0,0,0,0,75%,50%,False,0x00,False,63%,0us,0.000V,0.000V,True,False,Charge Active,v01.23.7357,False,False,0x00,0x00,0x00,0x00,0x00,0x00,0x00,200,13,0,0,0,False,1.0V,0.030,1467mV,1,False,False,v01.20.7357
26-05-31 17:50:29.659233,2902,496,1044,620,240,280,1796,200,True,True,True,True,True,True,True,True,2902,496,1044,620,240,280,1796,200,0,0,0,0,0,0,0,0,WPT Ready,0,0,False,0,0,0,0,0,0,75%,50%,False,0x00,False,63%,0us,0.000V,0.000V,True,False,Charge Active,v01.23.7357,False,False,0x00,0x00,0x00,0x00,0x00,0x00,0x00,200,13,0,0,0,False,1.0V,0.030,1467mV,1,False,False,v01.20.7357
26-05-31 17:50:29.752429,2902,496,1044,620,240,280,1796,200,True,True,True,True,True,True,True,True,2902,496,1044,620,240,280,1796,200,0,0,0,0,0,0,0,0,WPT Ready,0,0,False,0,0,0,0,0,0,75%,50%,False,0x00,False,63%,0us,0.000V,0.000V,True,False,Charge Active,v01.23.7357,False,False,0x00,0x00,0x00,0x00,0x00,0x00,0x00,200,13,0,0,0,False,1.0V,0.030,1467mV,1,False,False,v01.20.7357
26-05-31 17:50:29.772604,2902,496,1044,620,240,280,1796,200,True,True,True,True,True,True,True,True,2902,496,1044,620,240,280,1796,200,0,0,0,0,0,0,0,0,WPT Ready,0,0,False,0,0,0,0,0,0,75%,50%,False,0x00,False,63%,0us,0.000V,0.000V,True,False,Charge Active,v01.23.7357,False,False,0x00,0x00,0x00,0x00,0x00,0x00,0x00,200,13,0,0,0,False,1.0V,0.030,1467mV,1,False,False,v01.20.7357
26-05-31 17:50:29.846987,2902,496,1044,620,240,280,1796,200,True,True,True,True,True,True,True,True,2902,496,1044,620,240,280,1796,200,0,0,0,0,0,0,0,0,WPT Ready,0,0,False,0,0,0,0,0,0,75%,50%,False,0x00,False,63%,0us,0.000V,0.000V,True,False,Charge Active,v01.23.7357,False,False,0x00,0x00,0x00,0x00,0x00,0x00,0x00,200,13,0,0,0,False,1.0V,0.030,1467mV,1,False,False,v01.20.7357
26-05-31 17:50:29.923910,2902,496,1044,620,240,280,1796,200,True,True,True,True,True,True,True,True,2902,496,1044,620,240,280,1796,200,0,0,0,0,0,0,0,0,WPT Ready,0,0,False,0,0,0,0,0,0,75%,50%,False,0x00,False,63%,0us,0.000V,0.000V,True,False,Charge Active,v01.23.7357,False,False,0x00,0x00,0x00,0x00,0x00,0x00,0x00,200,13,0,0,0,False,1.0V,0.030,1467mV,1,False,False,v01.20.7357
26-05-31 17:50:32.474886,2902,496,1044,620,240,280,1796,200,True,True,True,True,True,True,True,True,2902,496,1044,620,240,280,1796,200,0,0,0,0,0,0,0,0,WPT Ready,0,0,False,0,0,0,0,0,0,75%,50%,False,0x00,False,63%,0us,0.000V,0.000V,True,False,Charge Active,v01.23.7357,False,False,0x00,0x00,0x00,0x00,0x00,0x00,0x00,200,13,0,0,0,False,1.0V,0.030,1467mV,1,False,False,v01.20.7357
26-05-31 17:50:34.745132,2902,496,1044,620,240,280,1796,200,True,True,True,True,True,True,True,True,2902,496,1044,620,240,280,1796,200,0,0,0,0,0,0,0,0,WPT Ready,0,0,False,0,0,0,0,0,0,75%,50%,False,0x00,False,63%,0us,0.000V,0.000V,True,False,Charge Active,v01.23.7357,False,False,0x00,0x00,0x00,0x00,0x00,0x00,0x00,200,13,0,0,0,False,1.0V,0.030,1467mV,1,False,False,v01.20.7357
26-05-31 17:50:35.590351,2902,496,1044,620,240,280,1796,200,True,True,True,True,True,True,True,True,2902,496,1044,620,240,280,1796,200,0,0,0,0,0,0,0,0,WPT Ready,0,0,False,0,0,0,0,0,0,75%,50%,False,0x00,False,63%,0us,0.000V,0.000V,True,False,Charge Active,v01.23.7357,False,False,0x00,0x00,0x00,0x00,0x00,0x00,0x00,200,13,0,0,0,False,1.0V,0.030,1467mV,1,False,False,v01.20.7357
26-05-31 17:50:36.915025,2902,496,1044,620,240,280,1796,200,True,True,True,True,True,True,True,True,2902,496,1044,620,240,280,1796,200,0,0,0,0,0,0,0,0,WPT Ready,0,0,False,0,0,0,0,0,0,75%,50%,False,0x00,False,63%,0us,0.000V,0.000V,True,False,Charge Active,v01.23.7357,False,False,0x00,0x00,0x00,0x00,0x00,0x00,0x00,200,13,0,0,0,False,1.0V,0.030,1467mV,1,False,False,v01.20.7357
26-05-31 17:50:37.573263,2902,496,1044,620,240,280,1796,200,True,True,True,True,True,True,True,True,2902,496,1044,620,240,280,1796,200,0,0,0,0,0,0,0,0,WPT Ready,0,0,False,0,0,0,0,0,0,75%,50%,False,0x00,False,63%,0us,0.000V,0.000V,True,False,Charge Active,v01.23.7357,False,False,0x00,0x00,0x00,0x00,0x00,0x00,0x00,200,13,0,0,0,False,1.0V,0.030,1467mV,1,False,False,v01.20.7357
26-05-31 17:50:38.789878,2902,496,1044,620,240,280,1796,200,True,True,True,True,True,True,True,True,2902,496,1044,620,240,280,1796,200,0,0,0,0,0,0,0,0,WPT Ready,0,0,False,0,0,0,0,0,0,75%,50%,False,0x00,False,63%,0us,0.000V,0.000V,True,False,Charge Active,v01.23.7357,False,False,0x00,0x00,0x00,0x00,0x00,0x00,0x00,200,13,0,0,0,False,1.0V,0.030,1467mV,1,False,False,v01.20.7357
26-05-31 17:50:39.524043,2902,496,1044,620,240,280,1796,200,True,True,True,True,True,True,True,True,2902,496,1044,620,240,280,1796,200,0,0,0,0,0,0,0,0,WPT Ready,0,0,False,0,0,0,0,0,0,75%,50%,False,0x00,False,63%,0us,0.000V,0.000V,True,False,Charge Active,v01.23.7357,False,False,0x00,0x00,0x00,0x00,0x00,0x00,0x00,200,13,0,0,0,False,1.0V,0.030,1467mV,1,False,False,v01.20.7357
26-05-31 17:50:41.420081,2902,496,1044,620,240,280,1796,200,True,True,True,True,True,True,True,True,2902,496,1044,620,240,280,1796,200,0,0,0,0,0,0,0,0,WPT Ready,0,0,False,0,0,0,0,0,0,75%,50%,False,0x00,False,63%,0us,0.000V,0.000V,True,False,Charge Active,v01.23.7357,False,False,0x00,0x00,0x00,0x00,0x00,0x00,0x00,200,13,0,0,0,False,1.0V,0.030,1467mV,1,False,False,v01.20.7357
26-05-31 17:50:42.919044,2902,496,1044,620,240,280,1796,200,True,True,True,True,True,True,True,True,2902,496,1044,620,240,280,1796,200,0,0,0,0,0,0,0,0,WPT Ready,0,0,False,0,0,0,0,0,0,75%,50%,False,0x00,False,63%,0us,0.000V,0.000V,True,False,Charge Active,v01.23.7357,False,False,0x00,0x00,0x00,0x00,0x00,0x00,0x00,200,13,0,0,0,False,1.0V,0.030,1467mV,1,False,False,v01.20.7357
26-05-31 17:50:43.705788,2902,496,1044,620,240,280,1796,200,True,True,True,True,True,True,True,True,2902,496,1044,620,240,280,1796,200,0,0,0,0,0,0,0,0,WPT Ready,0,0,False,0,0,0,0,0,0,75%,50%,False,0x00,False,63%,0us,0.000V,0.000V,True,False,Charge Active,v01.23.7357,False,False,0x00,0x00,0x00,0x00,0x00,0x00,0x00,200,13,0,0,0,False,1.0V,0.030,1467mV,1,False,False,v01.20.7357
26-05-31 17:50:45.145154,2902,496,1044,620,240,280,1796,200,True,True,True,True,True,True,True,True,2902,496,1044,620,240,280,1796,200,0,0,0,0,0,0,0,0,WPT Ready,0,0,False,0,0,0,0,0,0,75%,50%,False,0x00,False,63%,0us,0.000V,0.000V,True,False,Charge Active,v01.23.7357,False,False,0x00,0x00,0x00,0x00,0x00,0x00,0x00,200,13,0,0,0,False,1.0V,0.030,1467mV,1,False,False,v01.20.7357
26-05-31 17:50:45.778004,2902,496,1044,620,240,280,1796,200,True,True,True,True,True,True,True,True,2902,496,1044,620,240,280,1796,200,0,0,0,0,0,0,0,0,WPT Ready,0,0,False,0,0,0,0,0,0,75%,50%,False,0x00,False,63%,0us,0.000V,0.000V,True,False,Charge Active,v01.23.7357,False,False,0x00,0x00,0x00,0x00,0x00,0x00,0x00,200,13,0,0,0,False,1.0V,0.030,1467mV,1,False,False,v01.20.7357
26-05-31 17:50:47.311156,2902,496,1044,620,240,280,1796,200,True,True,True,True,True,True,True,True,2902,496,1044,620,240,280,1796,200,0,0,0,0,0,0,0,0,WPT Ready,0,0,False,0,0,0,0,0,0,75%,50%,False,0x00,False,63%,0us,0.000V,0.000V,True,False,Charge Active,v01.23.7357,False,False,0x00,0x00,0x00,0x00,0x00,0x00,0x00,200,13,0,0,0,False,1.0V,0.030,1467mV,1,False,False,v01.20.7357
26-05-31 17:50:48.099457,2902,496,1044,620,240,280,1796,200,True,True,True,True,True,True,True,True,2902,496,1044,620,240,280,1796,200,0,0,0,0,0,0,0,0,WPT Ready,0,0,False,0,0,0,0,0,0,75%,50%,False,0x00,False,63%,0us,0.000V,0.000V,True,False,Charge Active,v01.23.7357,False,False,0x00,0x00,0x00,0x00,0x00,0x00,0x00,200,13,0,0,0,False,1.0V,0.030,1467mV,1,False,False,v01.20.7357
26-05-31 17:50:49.661666,2902,496,1044,620,240,280,1796,200,True,True,True,True,True,True,True,True,2902,496,1044,620,240,280,1796,200,0,0,0,0,0,0,0,0,WPT Ready,0,0,False,0,0,0,0,0,0,75%,50%,False,0x00,False,63%,0us,0.000V,0.000V,True,False,Charge Active,v01.23.7357,False,False,0x00,0x00,0x00,0x00,0x00,0x00,0x00,200,13,0,0,0,False,1.0V,0.030,1467mV,1,False,False,v01.20.7357
26-05-31 17:50:50.421240,2902,496,1044,620,240,280,1796,200,True,True,True,True,True,True,True,True,2902,496,1044,620,240,280,1796,200,0,0,0,0,0,0,0,0,WPT Ready,0,0,False,0,0,0,0,0,0,75%,50%,False,0x00,False,63%,0us,0.000V,0.000V,True,False,Charge Active,v01.23.7357,False,False,0x00,0x00,0x00,0x00,0x00,0x00,0x00,200,13,0,0,0,False,1.0V,0.030,1467mV,1,False,False,v01.20.7357
26-05-31 17:50:52.025423,2902,496,1044,620,240,280,1796,200,True,True,True,True,True,True,True,True,2902,496,1044,620,240,280,1796,200,0,0,0,0,0,0,0,0,WPT Ready,0,0,False,0,0,0,0,0,0,75%,50%,False,0x00,False,63%,0us,0.000V,0.000V,True,False,Charge Active,v01.23.7357,False,False,0x00,0x00,0x00,0x00,0x00,0x00,0x00,200,13,0,0,0,False,1.0V,0.030,1467mV,1,False,False,v01.20.7357
26-05-31 17:50:54.607767,2902,496,1044,620,240,280,1796,200,True,True,True,True,True,True,True,True,2902,496,1044,620,240,280,1796,200,0,0,0,0,0,0,0,0,WPT Ready,0,0,False,0,0,0,0,0,0,75%,50%,False,0x00,False,63%,0us,0.000V,0.000V,True,False,Charge Active,v01.23.7357,False,False,0x00,0x00,0x00,0x00,0x00,0x00,0x00,200,13,0,0,0,False,1.0V,0.030,1467mV,1,False,False,v01.20.7357
26-05-31 17:50:55.471916,2902,496,1044,620,240,280,1796,200,True,True,True,True,True,True,True,True,2902,496,1044,620,240,280,1796,200,0,0,0,0,0,0,0,0,WPT Ready,0,0,False,0,0,0,0,0,0,75%,50%,False,0x00,False,63%,0us,0.000V,0.000V,True,False,Charge Active,v01.23.7357,False,False,0x00,0x00,0x00,0x00,0x00,0x00,0x00,200,13,0,0,0,False,1.0V,0.030,1467mV,1,False,False,v01.20.7357
26-05-31 17:50:57.281618,2902,496,1044,620,240,280,1796,200,True,True,True,True,True,True,True,True,2902,496,1044,620,240,280,1796,200,0,0,0,0,0,0,0,0,WPT Ready,0,0,False,0,0,0,0,0,0,75%,50%,False,0x00,False,63%,0us,0.000V,0.000V,True,False,Charge Active,v01.23.7357,False,False,0x00,0x00,0x00,0x00,0x00,0x00,0x00,200,13,0,0,0,False,1.0V,0.030,1467mV,1,False,False,v01.20.7357
26-05-31 17:50:58.168871,2902,496,1044,620,240,280,1796,200,True,True,True,True,True,True,True,True,2902,496,1044,620,240,280,1796,200,0,0,0,0,0,0,0,0,WPT Ready,0,0,False,0,0,0,0,0,0,75%,50%,False,0x00,False,63%,0us,0.000V,0.000V,True,False,Charge Active,v01.23.7357,False,False,0x00,0x00,0x00,0x00,0x00,0x00,0x00,200,13,0,0,0,False,1.0V,0.030,1467mV,1,False,False,v01.20.7357
26-05-31 17:51:00.769195,2902,496,1044,620,240,280,1796,200,True,True,True,True,True,True,True,True,2902,496,1044,620,240,280,1796,200,0,0,0,0,0,0,0,0,WPT Ready,0,0,False,0,0,0,0,0,0,75%,50%,False,0x00,False,63%,0us,0.000V,0.000V,True,False,Charge Active,v01.23.7357,False,False,0x00,0x00,0x00,0x00,0x00,0x00,0x00,200,13,0,0,0,False,1.0V,0.030,1467mV,1,False,False,v01.20.7357
26-05-31 17:51:02.476098,2902,496,1044,620,240,280,1796,200,True,True,True,True,True,True,True,True,2902,496,1044,620,240,280,1796,200,0,0,0,0,0,0,0,0,WPT Ready,0,0,False,0,0,0,0,0,0,75%,50%,False,0x00,False,63%,0us,0.000V,0.000V,True,False,Charge Active,v01.23.7357,False,False,0x00,0x00,0x00,0x00,0x00,0x00,0x00,200,13,0,0,0,False,1.0V,0.030,1467mV,1,False,False,v01.20.7357
26-05-31 17:51:03.284753,2902,496,1044,620,240,280,1796,200,True,True,True,True,True,True,True,True,2902,496,1044,620,240,280,1796,200,0,0,0,0,0,0,0,0,WPT Ready,0,0,False,0,0,0,0,0,0,75%,50%,False,0x00,False,63%,0us,0.000V,0.000V,True,False,Charge Active,v01.23.7357,False,False,0x00,0x00,0x00,0x00,0x00,0x00,0x00,200,13,0,0,0,False,1.0V,0.030,1467mV,1,False,False,v01.20.7357
26-05-31 17:51:05.144970,2902,496,1044,620,240,280,1796,200,True,True,True,True,True,True,True,True,2902,496,1044,620,240,280,1796,200,0,0,0,0,0,0,0,0,WPT Ready,0,0,False,0,0,0,0,0,0,75%,50%,False,0x00,False,63%,0us,0.000V,0.000V,True,False,Charge Active,v01.23.7357,False,False,0x00,0x00,0x00,0x00,0x00,0x00,0x00,200,13,0,0,0,False,1.0V,0.030,1467mV,1,False,False,v01.20.7357
26-05-31 17:51:06.085630,2902,496,1044,620,240,280,1796,200,True,True,True,True,True,True,True,True,2902,496,1044,620,240,280,1796,200,0,0,0,0,0,0,0,0,WPT Ready,0,0,False,0,0,0,0,0,0,75%,50%,False,0x00,False,63%,0us,0.000V,0.000V,True,False,Charge Active,v01.23.7357,False,False,0x00,0x00,0x00,0x00,0x00,0x00,0x00,200,13,0,0,0,False,1.0V,0.030,1467mV,1,False,False,v01.20.7357
26-05-31 17:51:07.820813,2902,496,1044,620,240,280,1796,200,True,True,True,True,True,True,True,True,2902,496,1044,620,240,280,1796,200,0,0,0,0,0,0,0,0,WPT Ready,0,0,False,0,0,0,0,0,0,75%,50%,False,0x00,False,63%,0us,0.000V,0.000V,True,False,Charge Active,v01.23.7357,False,False,0x00,0x00,0x00,0x00,0x00,0x00,0x00,200,13,0,0,0,False,1.0V,0.030,1467mV,1,False,False,v01.20.7357
26-05-31 17:51:08.651439,2902,496,1044,620,240,280,1796,200,True,True,True,True,True,True,True,True,2902,496,1044,620,240,280,1796,200,0,0,0,0,0,0,0,0,WPT Ready,0,0,False,0,0,0,0,0,0,75%,50%,False,0x00,False,63%,0us,0.000V,0.000V,True,False,Charge Active,v01.23.7357,False,False,0x00,0x00,0x00,0x00,0x00,0x00,0x00,200,13,0,0,0,False,1.0V,0.030,1467mV,1,False,False,v01.20.7357
26-05-31 17:51:10.249846,2902,496,1044,620,240,280,1796,200,True,True,True,True,True,True,True,True,2902,496,1044,620,240,280,1796,200,0,0,0,0,0,0,0,0,WPT Ready,0,0,False,0,0,0,0,0,0,75%,50%,False,0x00,False,63%,0us,0.000V,0.000V,True,False,Charge Active,v01.23.7357,False,False,0x00,0x00,0x00,0x00,0x00,0x00,0x00,200,13,0,0,0,False,1.0V,0.030,1467mV,1,False,False,v01.20.7357
26-05-31 17:51:11.081896,2902,496,1044,620,240,280,1796,200,True,True,True,True,True,True,True,True,2902,496,1044,620,240,280,1796,200,0,0,0,0,0,0,0,0,WPT Ready,0,0,False,0,0,0,0,0,0,75%,50%,False,0x00,False,63%,0us,0.000V,0.000V,True,False,Charge Active,v01.23.7357,False,False,0x00,0x00,0x00,0x00,0x00,0x00,0x00,200,13,0,0,0,False,1.0V,0.030,1467mV,1,False,False,v01.20.7357
26-05-31 17:51:13.542469,2902,496,1044,620,240,280,1796,200,True,True,True,True,True,True,True,True,2902,496,1044,620,240,280,1796,200,0,0,0,0,0,0,0,0,WPT Ready,0,0,False,0,0,0,0,0,0,75%,50%,False,0x00,False,63%,0us,0.000V,0.000V,True,False,Charge Active,v01.23.7357,False,False,0x00,0x00,0x00,0x00,0x00,0x00,0x00,200,13,0,0,0,False,1.0V,0.030,1467mV,1,False,False,v01.20.7357
26-05-31 17:51:15.291572,2902,496,1044,620,240,280,1796,200,True,True,True,True,True,True,True,True,2902,496,1044,620,240,280,1796,200,0,0,0,0,0,0,0,0,WPT Ready,0,0,False,0,0,0,0,0,0,75%,50%,False,0x00,False,63%,0us,0.000V,0.000V,True,False,Charge Active,v01.23.7357,False,False,0x00,0x00,0x00,0x00,0x00,0x00,0x00,200,13,0,0,0,False,1.0V,0.030,1467mV,1,False,False,v01.20.7357
26-05-31 17:51:16.256443,2902,496,1044,620,240,280,1796,200,True,True,True,True,True,True,True,True,2902,496,1044,620,240,280,1796,200,0,0,0,0,0,0,0,0,WPT Ready,0,0,False,0,0,0,0,0,0,75%,50%,False,0x00,False,63%,0us,0.000V,0.000V,True,False,Charge Active,v01.23.7357,False,False,0x00,0x00,0x00,0x00,0x00,0x00,0x00,200,13,0,0,0,False,1.0V,0.030,1467mV,1,False,False,v01.20.7357
26-05-31 17:51:18.031529,2902,496,1044,620,240,280,1796,200,True,True,True,True,True,True,True,True,2902,496,1044,620,240,280,1796,200,0,0,0,0,0,0,0,0,WPT Ready,0,0,False,0,0,0,0,0,0,75%,50%,False,0x00,False,63%,0us,0.000V,0.000V,True,False,Charge Active,v01.23.7357,False,False,0x00,0x00,0x00,0x00,0x00,0x00,0x00,200,13,0,0,0,False,1.0V,0.030,1467mV,1,False,False,v01.20.7357
26-05-31 17:51:18.835282,2902,496,1044,620,240,280,1796,200,True,True,True,True,True,True,True,True,2902,496,1044,620,240,280,1796,200,0,0,0,0,0,0,0,0,WPT Ready,0,0,False,0,0,0,0,0,0,75%,50%,False,0x00,False,63%,0us,0.000V,0.000V,True,False,Charge Active,v01.23.7357,False,False,0x00,0x00,0x00,0x00,0x00,0x00,0x00,200,13,0,0,0,False,1.0V,0.030,1467mV,1,False,False,v01.20.7357
26-05-31 17:51:20.501542,2902,496,1044,620,240,280,1796,200,True,True,True,True,True,True,True,True,2902,496,1044,620,240,280,1796,200,0,0,0,0,0,0,0,0,WPT Ready,0,0,False,0,0,0,0,0,0,75%,50%,False,0x00,False,63%,0us,0.000V,0.000V,True,False,Charge Active,v01.23.7357,False,False,0x00,0x00,0x00,0x00,0x00,0x00,0x00,200,13,0,0,0,False,1.0V,0.030,1467mV,1,False,False,v01.20.7357
26-05-31 17:51:20.582689,2902,496,1044,620,240,280,1796,200,True,True,True,True,True,True,True,True,2902,496,1044,620,240,280,1796,200,0,0,0,0,0,0,0,0,WPT Ready,0,0,False,0,0,0,0,0,0,75%,50%,False,0x00,False,63%,0us,0.000V,0.000V,True,False,Charge Active,v01.23.7357,False,False,0x00,0x00,0x00,0x00,0x00,0x00,0x00,200,13,0,0,0,False,1.0V,0.030,1467mV,1,False,False,v01.20.7357
26-05-31 17:51:20.635821,2902,496,1044,620,240,280,1796,200,True,True,True,True,True,True,True,True,2902,496,1044,620,240,280,1796,200,0,0,0,0,0,0,0,0,WPT Ready,0,0,False,0,0,0,0,0,0,75%,50%,False,0x00,False,63%,0us,0.000V,0.000V,True,False,Charge Active,v01.23.7357,False,False,0x00,0x00,0x00,0x00,0x00,0x00,0x00,200,13,0,0,0,False,1.0V,0.030,1467mV,1,False,False,v01.20.7357
26-05-31 17:51:20.689467,2902,496,1044,620,240,280,1796,200,True,True,True,True,True,True,True,True,2902,496,1044,620,240,280,1796,200,0,0,0,0,0,0,0,0,WPT Ready,0,0,False,0,0,0,0,0,0,75%,50%,False,0x00,False,63%,0us,0.000V,0.000V,True,False,Charge Active,v01.23.7357,False,False,0x00,0x00,0x00,0x00,0x00,0x00,0x00,200,13,0,0,0,False,1.0V,0.030,1467mV,1,False,False,v01.20.7357
26-05-31 17:51:20.759934,2902,496,1044,620,240,280,1796,200,True,True,True,True,True,True,True,True,2902,496,1044,620,240,280,1796,200,0,0,0,0,0,0,0,0,WPT Ready,0,0,False,0,0,0,0,0,0,75%,50%,False,0x00,False,63%,0us,0.000V,0.000V,True,False,Charge Active,v01.23.7357,False,False,0x00,0x00,0x00,0x00,0x00,0x00,0x00,200,13,0,0,0,False,1.0V,0.030,1467mV,1,False,False,v01.20.7357
26-05-31 17:51:20.815679,2902,496,1044,620,240,280,1796,200,True,True,True,True,True,True,True,True,2902,496,1044,620,240,280,1796,200,0,0,0,0,0,0,0,0,WPT Ready,0,0,False,0,0,0,0,0,0,75%,50%,False,0x00,False,63%,0us,0.000V,0.000V,True,False,Charge Active,v01.23.7357,False,False,0x00,0x00,0x00,0x00,0x00,0x00,0x00,200,13,0,0,0,False,1.0V,0.030,1467mV,1,False,False,v01.20.7357
26-05-31 17:51:20.836086,2902,496,1044,620,240,280,1796,200,True,True,True,True,True,True,True,True,2902,496,1044,620,240,280,1796,200,0,0,0,0,0,0,0,0,WPT Ready,0,0,False,0,0,0,0,0,0,75%,50%,False,0x00,False,63%,0us,0.000V,0.000V,True,False,Charge Active,v01.23.7357,False,False,0x00,0x00,0x00,0x00,0x00,0x00,0x00,200,13,0,0,0,False,1.0V,0.030,1467mV,1,False,False,v01.20.7357
26-05-31 17:51:20.910535,2902,496,1044,620,240,280,1796,200,True,True,True,True,True,True,True,True,2902,496,1044,620,240,280,1796,200,0,0,0,0,0,0,0,0,WPT Ready,0,0,False,0,0,0,0,0,0,75%,50%,False,0x00,False,63%,0us,0.000V,0.000V,True,False,Charge Active,v01.23.7357,False,False,0x00,0x00,0x00,0x00,0x00,0x00,0x00,200,13,0,0,0,False,1.0V,0.030,1467mV,1,False,False,v01.20.7357
26-05-31 17:51:20.963657,2902,496,1044,620,240,280,1796,200,True,True,True,True,True,True,True,True,2902,496,1044,620,240,280,1796,200,0,0,0,0,0,0,0,0,WPT Ready,0,0,False,0,0,0,0,0,0,75%,50%,False,0x00,False,63%,0us,0.000V,0.000V,True,False,Charge Active,v01.23.7357,False,False,0x00,0x00,0x00,0x00,0x00,0x00,0x00,200,13,0,0,0,False,1.0V,0.030,1467mV,1,False,False,v01.20.7357
26-05-31 17:51:20.984257,2902,496,1044,620,240,280,1796,200,True,True,True,True,True,True,True,True,2902,496,1044,620,240,280,1796,200,0,0,0,0,0,0,0,0,WPT Ready,0,0,False,0,0,0,0,0,0,75%,50%,False,0x00,False,63%,0us,0.000V,0.000V,True,False,Charge Active,v01.23.7357,False,False,0x00,0x00,0x00,0x00,0x00,0x00,0x00,200,13,0,0,0,False,1.0V,0.030,1467mV,1,False,False,v01.20.7357
26-05-31 17:51:21.051830,2902,496,1044,620,240,280,1796,200,True,True,True,True,True,True,True,True,2902,496,1044,620,240,280,1796,200,0,0,0,0,0,0,0,0,WPT Ready,0,0,False,0,0,0,0,0,0,75%,50%,False,0x00,False,63%,0us,0.000V,0.000V,True,False,Charge Active,v01.23.7357,False,False,0x00,0x00,0x00,0x00,0x00,0x00,0x00,200,13,0,0,0,False,1.0V,0.030,1467mV,1,False,False,v01.20.7357
26-05-31 17:51:21.072078,2902,496,1044,620,240,280,1796,200,True,True,True,True,True,True,True,True,2902,496,1044,620,240,280,1796,200,0,0,0,0,0,0,0,0,WPT Ready,0,0,False,0,0,0,0,0,0,75%,50%,False,0x00,False,63%,0us,0.000V,0.000V,True,False,Charge Active,v01.23.7357,False,False,0x00,0x00,0x00,0x00,0x00,0x00,0x00,200,13,0,0,0,False,1.0V,0.030,1467mV,1,False,False,v01.20.7357
26-05-31 17:51:21.152170,2902,496,1044,620,240,280,1796,200,True,True,True,True,True,True,True,True,2902,496,1044,620,240,280,1796,200,0,0,0,0,0,0,0,0,WPT Ready,0,0,False,0,0,0,0,0,0,75%,50%,False,0x00,False,63%,0us,0.000V,0.000V,True,False,Charge Active,v01.23.7357,False,False,0x00,0x00,0x00,0x00,0x00,0x00,0x00,200,13,0,0,0,False,1.0V,0.030,1467mV,1,False,False,v01.20.7357
26-05-31 17:51:21.172179,2902,496,1044,620,240,280,1796,200,True,True,True,True,True,True,True,True,2902,496,1044,620,240,280,1796,200,0,0,0,0,0,0,0,0,WPT Ready,0,0,False,0,0,0,0,0,0,75%,50%,False,0x00,False,63%,0us,0.000V,0.000V,True,False,Charge Active,v01.23.7357,False,False,0x00,0x00,0x00,0x00,0x00,0x00,0x00,200,13,0,0,0,False,1.0V,0.030,1467mV,1,False,False,v01.20.7357
26-05-31 17:51:21.249418,2902,496,1044,620,240,280,1796,200,True,True,True,True,True,True,True,True,2902,496,1044,620,240,280,1796,200,0,0,0,0,0,0,0,0,WPT Ready,0,0,False,0,0,0,0,0,0,75%,50%,False,0x00,False,63%,0us,0.000V,0.000V,True,False,Charge Active,v01.23.7357,False,False,0x00,0x00,0x00,0x00,0x00,0x00,0x00,200,13,0,0,0,False,1.0V,0.030,1467mV,1,False,False,v01.20.7357
26-05-31 17:51:21.327742,2902,496,1044,620,240,280,1796,200,True,True,True,True,True,True,True,True,2902,496,1044,620,240,280,1796,200,0,0,0,0,0,0,0,0,WPT Ready,0,0,False,0,0,0,0,0,0,75%,50%,False,0x00,False,63%,0us,0.000V,0.000V,True,False,Charge Active,v01.23.7357,False,False,0x00,0x00,0x00,0x00,0x00,0x00,0x00,200,13,0,0,0,False,1.0V,0.030,1467mV,1,False,False,v01.20.7357
26-05-31 17:51:21.362110,2902,496,1044,620,240,280,1796,200,True,True,True,True,True,True,True,True,2902,496,1044,620,240,280,1796,200,0,0,0,0,0,0,0,0,WPT Ready,0,0,False,0,0,0,0,0,0,75%,50%,False,0x00,False,63%,0us,0.000V,0.000V,True,False,Charge Active,v01.23.7357,False,False,0x00,0x00,0x00,0x00,0x00,0x00,0x00,200,13,0,0,0,False,1.0V,0.030,1467mV,1,False,False,v01.20.7357
26-05-31 17:51:21.407489,2902,496,1044,620,240,280,1796,200,True,True,True,True,True,True,True,True,2902,496,1044,620,240,280,1796,200,0,0,0,0,0,0,0,0,WPT Ready,0,0,False,0,0,0,0,0,0,75%,50%,False,0x00,False,63%,0us,0.000V,0.000V,True,False,Charge Active,v01.23.7357,False,False,0x00,0x00,0x00,0x00,0x00,0x00,0x00,200,13,0,0,0,False,1.0V,0.030,1467mV,1,False,False,v01.20.7357
26-05-31 17:51:21.427574,2902,496,1044,620,240,280,1796,200,True,True,True,True,True,True,True,True,2902,496,1044,620,240,280,1796,200,0,0,0,0,0,0,0,0,WPT Ready,0,0,False,0,0,0,0,0,0,75%,50%,False,0x00,False,63%,0us,0.000V,0.000V,True,False,Charge Active,v01.23.7357,False,False,0x00,0x00,0x00,0x00,0x00,0x00,0x00,200,13,0,0,0,False,1.0V,0.030,1467mV,1,False,False,v01.20.7357
26-05-31 17:51:21.497390,2902,496,1044,620,240,280,1796,200,True,True,True,True,True,True,True,True,2902,496,1044,620,240,280,1796,200,0,0,0,0,0,0,0,0,WPT Ready,0,0,False,0,0,0,0,0,0,75%,50%,False,0x00,False,63%,0us,0.000V,0.000V,True,False,Charge Active,v01.23.7357,False,False,0x00,0x00,0x00,0x00,0x00,0x00,0x00,200,13,0,0,0,False,1.0V,0.030,1467mV,1,False,False,v01.20.7357
26-05-31 17:51:21.517399,2902,496,1044,620,240,280,1796,200,True,True,True,True,True,True,True,True,2902,496,1044,620,240,280,1796,200,0,0,0,0,0,0,0,0,WPT Ready,0,0,False,0,0,0,0,0,0,75%,50%,False,0x00,False,63%,0us,0.000V,0.000V,True,False,Charge Active,v01.23.7357,False,False,0x00,0x00,0x00,0x00,0x00,0x00,0x00,200,13,0,0,0,False,1.0V,0.030,1467mV,1,False,False,v01.20.7357
26-05-31 17:51:21.573098,2902,496,1044,620,240,280,1796,200,True,True,True,True,True,True,True,True,2902,496,1044,620,240,280,1796,200,0,0,0,0,0,0,0,0,WPT Ready,0,0,False,0,0,0,0,0,0,75%,50%,False,0x00,False,63%,0us,0.000V,0.000V,True,False,Charge Active,v01.23.7357,False,False,0x00,0x00,0x00,0x00,0x00,0x00,0x00,200,13,0,0,0,False,1.0V,0.030,1467mV,1,False,False,v01.20.7357
26-05-31 17:51:21.602895,2902,496,1044,620,240,280,1796,200,True,True,True,True,True,True,True,True,2902,496,1044,620,240,280,1796,200,0,0,0,0,0,0,0,0,WPT Ready,0,0,False,0,0,0,0,0,0,75%,50%,False,0x00,False,63%,0us,0.000V,0.000V,True,False,Charge Active,v01.23.7357,False,False,0x00,0x00,0x00,0x00,0x00,0x00,0x00,200,13,0,0,0,False,1.0V,0.030,1467mV,1,False,False,v01.20.7357
26-05-31 17:51:21.652892,2902,496,1044,620,240,280,1796,200,True,True,True,True,True,True,True,True,2902,496,1044,620,240,280,1796,200,0,0,0,0,0,0,0,0,WPT Ready,0,0,False,0,0,0,0,0,0,75%,50%,False,0x00,False,63%,0us,0.000V,0.000V,True,False,Charge Active,v01.23.7357,False,False,0x00,0x00,0x00,0x00,0x00,0x00,0x00,200,13,0,0,0,False,1.0V,0.030,1467mV,1,False,False,v01.20.7357
26-05-31 17:51:21.672851,2902,496,1044,620,240,280,1796,200,True,True,True,True,True,True,True,True,2902,496,1044,620,240,280,1796,200,0,0,0,0,0,0,0,0,WPT Ready,0,0,False,0,0,0,0,0,0,75%,50%,False,0x00,False,63%,0us,0.000V,0.000V,True,False,Charge Active,v01.23.7357,False,False,0x00,0x00,0x00,0x00,0x00,0x00,0x00,200,13,0,0,0,False,1.0V,0.030,1467mV,1,False,False,v01.20.7357
26-05-31 17:51:21.764144,2902,496,1044,620,240,280,1796,200,True,True,True,True,True,True,True,True,2902,496,1044,620,240,280,1796,200,0,0,0,0,0,0,0,0,WPT Ready,0,0,False,0,0,0,0,0,0,75%,50%,False,0x00,False,63%,0us,0.000V,0.000V,True,False,Charge Active,v01.23.7357,False,False,0x00,0x00,0x00,0x00,0x00,0x00,0x00,200,13,0,0,0,False,1.0V,0.030,1467mV,1,False,False,v01.20.7357
26-05-31 17:51:21.839436,2902,496,1044,620,240,280,1796,200,True,True,True,True,True,True,True,True,2902,496,1044,620,240,280,1796,200,0,0,0,0,0,0,0,0,WPT Ready,0,0,False,0,0,0,0,0,0,75%,50%,False,0x00,False,63%,0us,0.000V,0.000V,True,False,Charge Active,v01.23.7357,False,False,0x00,0x00,0x00,0x00,0x00,0x00,0x00,200,13,0,0,0,False,1.0V,0.030,1467mV,1,False,False,v01.20.7357
26-05-31 17:51:21.859552,2902,496,1044,620,240,280,1796,200,True,True,True,True,True,True,True,True,2902,496,1044,620,240,280,1796,200,0,0,0,0,0,0,0,0,WPT Ready,0,0,False,0,0,0,0,0,0,75%,50%,False,0x00,False,63%,0us,0.000V,0.000V,True,False,Charge Active,v01.23.7357,False,False,0x00,0x00,0x00,0x00,0x00,0x00,0x00,200,13,0,0,0,False,1.0V,0.030,1467mV,1,False,False,v01.20.7357
26-05-31 17:51:21.915277,2902,496,1044,620,240,280,1796,200,True,True,True,True,True,True,True,True,2902,496,1044,620,240,280,1796,200,0,0,0,0,0,0,0,0,WPT Ready,0,0,False,0,0,0,0,0,0,75%,50%,False,0x00,False,63%,0us,0.000V,0.000V,True,False,Charge Active,v01.23.7357,False,False,0x00,0x00,0x00,0x00,0x00,0x00,0x00,200,13,0,0,0,False,1.0V,0.030,1467mV,1,False,False,v01.20.7357
26-05-31 17:51:21.993926,2902,496,1044,620,240,280,1796,200,True,True,True,True,True,True,True,True,2902,496,1044,620,240,280,1796,200,0,0,0,0,0,0,0,0,WPT Ready,0,0,False,0,0,0,0,0,0,75%,50%,False,0x00,False,63%,0us,0.000V,0.000V,True,False,Charge Active,v01.23.7357,False,False,0x00,0x00,0x00,0x00,0x00,0x00,0x00,200,13,0,0,0,False,1.0V,0.030,1467mV,1,False,False,v01.20.7357
26-05-31 17:51:22.014045,2902,496,1044,620,240,280,1796,200,True,True,True,True,True,True,True,True,2902,496,1044,620,240,280,1796,200,0,0,0,0,0,0,0,0,WPT Ready,0,0,False,0,0,0,0,0,0,75%,50%,False,0x00,False,63%,0us,0.000V,0.000V,True,False,Charge Active,v01.23.7357,False,False,0x00,0x00,0x00,0x00,0x00,0x00,0x00,200,13,0,0,0,False,1.0V,0.030,1467mV,1,False,False,v01.20.7357
26-05-31 17:51:22.085894,2902,496,1044,620,240,280,1796,200,True,True,True,True,True,True,True,True,2902,496,1044,620,240,280,1796,200,0,0,0,0,0,0,0,0,WPT Ready,0,0,False,0,0,0,0,0,0,75%,50%,False,0x00,False,63%,0us,0.000V,0.000V,True,False,Charge Active,v01.23.7357,False,False,0x00,0x00,0x00,0x00,0x00,0x00,0x00,200,13,0,0,0,False,1.0V,0.030,1467mV,1,False,False,v01.20.7357
26-05-31 17:51:22.105789,2902,496,1044,620,240,280,1796,200,True,True,True,True,True,True,True,True,2902,496,1044,620,240,280,1796,200,0,0,0,0,0,0,0,0,WPT Ready,0,0,False,0,0,0,0,0,0,75%,50%,False,0x00,False,63%,0us,0.000V,0.000V,True,False,Charge Active,v01.23.7357,False,False,0x00,0x00,0x00,0x00,0x00,0x00,0x00,200,13,0,0,0,False,1.0V,0.030,1467mV,1,False,False,v01.20.7357
26-05-31 17:51:22.178454,2902,496,1044,620,240,280,1796,200,True,True,True,True,True,True,True,True,2902,496,1044,620,240,280,1796,200,0,0,0,0,0,0,0,0,WPT Ready,0,0,False,0,0,0,0,0,0,75%,50%,False,0x00,False,63%,0us,0.000V,0.000V,True,False,Charge Active,v01.23.7357,False,False,0x00,0x00,0x00,0x00,0x00,0x00,0x00,200,13,0,0,0,False,1.0V,0.030,1467mV,1,False,False,v01.20.7357
26-05-31 17:51:22.198428,2902,496,1044,620,240,280,1796,200,True,True,True,True,True,True,True,True,2902,496,1044,620,240,280,1796,200,0,0,0,0,0,0,0,0,WPT Ready,0,0,False,0,0,0,0,0,0,75%,50%,False,0x00,False,63%,0us,0.000V,0.000V,True,False,Charge Active,v01.23.7357,False,False,0x00,0x00,0x00,0x00,0x00,0x00,0x00,200,13,0,0,0,False,1.0V,0.030,1467mV,1,False,False,v01.20.7357
26-05-31 17:51:22.251642,2902,496,1044,620,240,280,1796,200,True,True,True,True,True,True,True,True,2902,496,1044,620,240,280,1796,200,0,0,0,0,0,0,0,0,WPT Ready,0,0,False,0,0,0,0,0,0,75%,50%,False,0x00,False,63%,0us,0.000V,0.000V,True,False,Charge Active,v01.23.7357,False,False,0x00,0x00,0x00,0x00,0x00,0x00,0x00,200,13,0,0,0,False,1.0V,0.030,1467mV,1,False,False,v01.20.7357
26-05-31 17:51:22.281609,2902,496,1044,620,240,280,1796,200,True,True,True,True,True,True,True,True,2902,496,1044,620,240,280,1796,200,0,0,0,0,0,0,0,0,WPT Ready,0,0,False,0,0,0,0,0,0,75%,50%,False,0x00,False,63%,0us,0.000V,0.000V,True,False,Charge Active,v01.23.7357,False,False,0x00,0x00,0x00,0x00,0x00,0x00,0x00,200,13,0,0,0,False,1.0V,0.030,1467mV,1,False,False,v01.20.7357
26-05-31 17:51:22.330469,2902,496,1044,620,240,280,1796,200,True,True,True,True,True,True,True,True,2902,496,1044,620,240,280,1796,200,0,0,0,0,0,0,0,0,WPT Ready,0,0,False,0,0,0,0,0,0,75%,50%,False,0x00,False,63%,0us,0.000V,0.000V,True,False,Charge Active,v01.23.7357,False,False,0x00,0x00,0x00,0x00,0x00,0x00,0x00,200,13,0,0,0,False,1.0V,0.030,1467mV,1,False,False,v01.20.7357
26-05-31 17:51:22.417461,2902,496,1044,620,240,280,1796,200,True,True,True,True,True,True,True,True,2902,496,1044,620,240,280,1796,200,0,0,0,0,0,0,0,0,WPT Ready,0,0,False,0,0,0,0,0,0,75%,50%,False,0x00,False,63%,0us,0.000V,0.000V,True,False,Charge Active,v01.23.7357,False,False,0x00,0x00,0x00,0x00,0x00,0x00,0x00,200,13,0,0,0,False,1.0V,0.030,1467mV,1,False,False,v01.20.7357
26-05-31 17:51:22.437686,2902,496,1044,620,240,280,1796,200,True,True,True,True,True,True,True,True,2902,496,1044,620,240,280,1796,200,0,0,0,0,0,0,0,0,WPT Ready,0,0,False,0,0,0,0,0,0,75%,50%,False,0x00,False,63%,0us,0.000V,0.000V,True,False,Charge Active,v01.23.7357,False,False,0x00,0x00,0x00,0x00,0x00,0x00,0x00,200,13,0,0,0,False,1.0V,0.030,1467mV,1,False,False,v01.20.7357
26-05-31 17:51:22.494076,2902,496,1044,620,240,280,1796,200,True,True,True,True,True,True,True,True,2902,496,1044,620,240,280,1796,200,0,0,0,0,0,0,0,0,WPT Ready,0,0,False,0,0,0,0,0,0,75%,50%,False,0x00,False,63%,0us,0.000V,0.000V,True,False,Charge Active,v01.23.7357,False,False,0x00,0x00,0x00,0x00,0x00,0x00,0x00,200,13,0,0,0,False,1.0V,0.030,1467mV,1,False,False,v01.20.7357
26-05-31 17:51:22.528031,2902,496,1044,620,240,280,1796,200,True,True,True,True,True,True,True,True,2902,496,1044,620,240,280,1796,200,0,0,0,0,0,0,0,0,WPT Ready,0,0,False,0,0,0,0,0,0,75%,50%,False,0x00,False,63%,0us,0.000V,0.000V,True,False,Charge Active,v01.23.7357,False,False,0x00,0x00,0x00,0x00,0x00,0x00,0x00,200,13,0,0,0,False,1.0V,0.030,1467mV,1,False,False,v01.20.7357
26-05-31 17:51:22.574927,2902,496,1044,620,240,280,1796,200,True,True,True,True,True,True,True,True,2902,496,1044,620,240,280,1796,200,0,0,0,0,0,0,0,0,WPT Ready,0,0,False,0,0,0,0,0,0,75%,50%,False,0x00,False,63%,0us,0.000V,0.000V,True,False,Charge Active,v01.23.7357,False,False,0x00,0x00,0x00,0x00,0x00,0x00,0x00,200,13,0,0,0,False,1.0V,0.030,1467mV,1,False,False,v01.20.7357
26-05-31 17:51:22.595219,2902,496,1044,620,240,280,1796,200,True,True,True,True,True,True,True,True,2902,496,1044,620,240,280,1796,200,0,0,0,0,0,0,0,0,WPT Ready,0,0,False,0,0,0,0,0,0,75%,50%,False,0x00,False,63%,0us,0.000V,0.000V,True,False,Charge Active,v01.23.7357,False,False,0x00,0x00,0x00,0x00,0x00,0x00,0x00,200,13,0,0,0,False,1.0V,0.030,1467mV,1,False,False,v01.20.7357
26-05-31 17:51:22.665454,2902,496,1044,620,240,280,1796,200,True,True,True,True,True,True,True,True,2902,496,1044,620,240,280,1796,200,0,0,0,0,0,0,0,0,WPT Ready,0,0,False,0,0,0,0,0,0,75%,50%,False,0x00,False,63%,0us,0.000V,0.000V,True,False,Charge Active,v01.23.7357,False,False,0x00,0x00,0x00,0x00,0x00,0x00,0x00,200,13,0,0,0,False,1.0V,0.030,1467mV,1,False,False,v01.20.7357
26-05-31 17:51:22.686257,2902,496,1044,620,240,280,1796,200,True,True,True,True,True,True,True,True,2902,496,1044,620,240,280,1796,200,0,0,0,0,0,0,0,0,WPT Ready,0,0,False,0,0,0,0,0,0,75%,50%,False,0x00,False,63%,0us,0.000V,0.000V,True,False,Charge Active,v01.23.7357,False,False,0x00,0x00,0x00,0x00,0x00,0x00,0x00,200,13,0,0,0,False,1.0V,0.030,1467mV,1,False,False,v01.20.7357
26-05-31 17:51:22.744716,2902,496,1044,620,240,280,1796,200,True,True,True,True,True,True,True,True,2902,496,1044,620,240,280,1796,200,0,0,0,0,0,0,0,0,WPT Ready,0,0,False,0,0,0,0,0,0,75%,50%,False,0x00,False,63%,0us,0.000V,0.000V,True,False,Charge Active,v01.23.7357,False,False,0x00,0x00,0x00,0x00,0x00,0x00,0x00,200,13,0,0,0,False,1.0V,0.030,1467mV,1,False,False,v01.20.7357
26-05-31 17:51:22.822150,2902,496,1044,620,240,280,1796,200,True,True,True,True,True,True,True,True,2902,496,1044,620,240,280,1796,200,0,0,0,0,0,0,0,0,WPT Ready,0,0,False,0,0,0,0,0,0,75%,50%,False,0x00,False,63%,0us,0.000V,0.000V,True,False,Charge Active,v01.23.7357,False,False,0x00,0x00,0x00,0x00,0x00,0x00,0x00,200,13,0,0,0,False,1.0V,0.030,1467mV,1,False,False,v01.20.7357
26-05-31 17:51:22.842516,2902,496,1044,620,240,280,1796,200,True,True,True,True,True,True,True,True,2902,496,1044,620,240,280,1796,200,0,0,0,0,0,0,0,0,WPT Ready,0,0,False,0,0,0,0,0,0,75%,50%,False,0x00,False,63%,0us,0.000V,0.000V,True,False,Charge Active,v01.23.7357,False,False,0x00,0x00,0x00,0x00,0x00,0x00,0x00,200,13,0,0,0,False,1.0V,0.030,1467mV,1,False,False,v01.20.7357
26-05-31 17:51:22.915996,2902,496,1044,620,240,280,1796,200,True,True,True,True,True,True,True,True,2902,496,1044,620,240,280,1796,200,0,0,0,0,0,0,0,0,WPT Ready,0,0,False,0,0,0,0,0,0,75%,50%,False,0x00,False,63%,0us,0.000V,0.000V,True,False,Charge Active,v01.23.7357,False,False,0x00,0x00,0x00,0x00,0x00,0x00,0x00,200,13,0,0,0,False,1.0V,0.030,1467mV,1,False,False,v01.20.7357
26-05-31 17:51:22.937254,2902,496,1044,620,240,280,1796,200,True,True,True,True,True,True,True,True,2902,496,1044,620,240,280,1796,200,0,0,0,0,0,0,0,0,WPT Ready,0,0,False,0,0,0,0,0,0,75%,50%,False,0x00,False,63%,0us,0.000V,0.000V,True,False,Charge Active,v01.23.7357,False,False,0x00,0x00,0x00,0x00,0x00,0x00,0x00,200,13,0,0,0,False,1.0V,0.030,1467mV,1,False,False,v01.20.7357
26-05-31 17:51:23.014101,2902,496,1044,620,240,280,1796,200,True,True,True,True,True,True,True,True,2902,496,1044,620,240,280,1796,200,0,0,0,0,0,0,0,0,WPT Ready,0,0,False,0,0,0,0,0,0,75%,50%,False,0x00,False,63%,0us,0.000V,0.000V,True,False,Charge Active,v01.23.7357,False,False,0x00,0x00,0x00,0x00,0x00,0x00,0x00,200,13,0,0,0,False,1.0V,0.030,1467mV,1,False,False,v01.20.7357
26-05-31 17:51:23.034422,2902,496,1044,620,240,280,1796,200,True,True,True,True,True,True,True,True,2902,496,1044,620,240,280,1796,200,0,0,0,0,0,0,0,0,WPT Ready,0,0,False,0,0,0,0,0,0,75%,50%,False,0x00,False,63%,0us,0.000V,0.000V,True,False,Charge Active,v01.23.7357,False,False,0x00,0x00,0x00,0x00,0x00,0x00,0x00,200,13,0,0,0,False,1.0V,0.030,1467mV,1,False,False,v01.20.7357
26-05-31 17:51:23.116163,2902,496,1044,620,240,280,1796,200,True,True,True,True,True,True,True,True,2902,496,1044,620,240,280,1796,200,0,0,0,0,0,0,0,0,WPT Ready,0,0,False,0,0,0,0,0,0,75%,50%,False,0x00,False,63%,0us,0.000V,0.000V,True,False,Charge Active,v01.23.7357,False,False,0x00,0x00,0x00,0x00,0x00,0x00,0x00,200,13,0,0,0,False,1.0V,0.030,1467mV,1,False,False,v01.20.7357
26-05-31 17:51:23.168409,2902,496,1044,620,240,280,1796,200,True,True,True,True,True,True,True,True,2902,496,1044,620,240,280,1796,200,0,0,0,0,0,0,0,0,WPT Ready,0,0,False,0,0,0,0,0,0,75%,50%,False,0x00,False,63%,0us,0.000V,0.000V,True,False,Charge Active,v01.23.7357,False,False,0x00,0x00,0x00,0x00,0x00,0x00,0x00,200,13,0,0,0,False,1.0V,0.030,1467mV,1,False,False,v01.20.7357
26-05-31 17:51:23.188897,2902,496,1044,620,240,280,1796,200,True,True,True,True,True,True,True,True,2902,496,1044,620,240,280,1796,200,0,0,0,0,0,0,0,0,WPT Ready,0,0,False,0,0,0,0,0,0,75%,50%,False,0x00,False,63%,0us,0.000V,0.000V,True,False,Charge Active,v01.23.7357,False,False,0x00,0x00,0x00,0x00,0x00,0x00,0x00,200,13,0,0,0,False,1.0V,0.030,1467mV,1,False,False,v01.20.7357
26-05-31 17:51:23.257871,2902,496,1044,620,240,280,1796,200,True,True,True,True,True,True,True,True,2902,496,1044,620,240,280,1796,200,0,0,0,0,0,0,0,0,WPT Ready,0,0,False,0,0,0,0,0,0,75%,50%,False,0x00,False,63%,0us,0.000V,0.000V,True,False,Charge Active,v01.23.7357,False,False,0x00,0x00,0x00,0x00,0x00,0x00,0x00,200,13,0,0,0,False,1.0V,0.030,1467mV,1,False,False,v01.20.7357
26-05-31 17:51:23.356643,2902,496,1044,620,240,280,1796,200,True,True,True,True,True,True,True,True,2902,496,1044,620,240,280,1796,200,0,0,0,0,0,0,0,0,WPT Ready,0,0,False,0,0,0,0,0,0,75%,50%,False,0x00,False,63%,0us,0.000V,0.000V,True,False,Charge Active,v01.23.7357,False,False,0x00,0x00,0x00,0x00,0x00,0x00,0x00,200,13,0,0,0,False,1.0V,0.030,1467mV,1,False,False,v01.20.7357
26-05-31 17:51:23.410902,2902,496,1044,620,240,280,1796,200,True,True,True,True,True,True,True,True,2902,496,1044,620,240,280,1796,200,0,0,0,0,0,0,0,0,WPT Ready,0,0,False,0,0,0,0,0,0,75%,50%,False,0x00,False,63%,0us,0.000V,0.000V,True,False,Charge Active,v01.23.7357,False,False,0x00,0x00,0x00,0x00,0x00,0x00,0x00,200,13,0,0,0,False,1.0V,0.030,1467mV,1,False,False,v01.20.7357
26-05-31 17:51:23.431053,2902,496,1044,620,240,280,1796,200,True,True,True,True,True,True,True,True,2902,496,1044,620,240,280,1796,200,0,0,0,0,0,0,0,0,WPT Ready,0,0,False,0,0,0,0,0,0,75%,50%,False,0x00,False,63%,0us,0.000V,0.000V,True,False,Charge Active,v01.23.7357,False,False,0x00,0x00,0x00,0x00,0x00,0x00,0x00,200,13,0,0,0,False,1.0V,0.030,1467mV,1,False,False,v01.20.7357
26-05-31 17:51:23.502337,2902,496,1044,620,240,280,1796,200,True,True,True,True,True,True,True,True,2902,496,1044,620,240,280,1796,200,0,0,0,0,0,0,0,0,WPT Ready,0,0,False,0,0,0,0,0,0,75%,50%,False,0x00,False,63%,0us,0.000V,0.000V,True,False,Charge Active,v01.23.7357,False,False,0x00,0x00,0x00,0x00,0x00,0x00,0x00,200,13,0,0,0,False,1.0V,0.030,1467mV,1,False,False,v01.20.7357
26-05-31 17:51:23.600833,2902,496,1044,620,240,280,1796,200,True,True,True,True,True,True,True,True,2902,496,1044,620,240,280,1796,200,0,0,0,0,0,0,0,0,WPT Ready,0,0,False,0,0,0,0,0,0,75%,50%,False,0x00,False,63%,0us,0.000V,0.000V,True,False,Charge Active,v01.23.7357,False,False,0x00,0x00,0x00,0x00,0x00,0x00,0x00,200,13,0,0,0,False,1.0V,0.030,1467mV,1,False,False,v01.20.7357
26-05-31 17:51:23.628609,2902,496,1044,620,240,280,1796,200,True,True,True,True,True,True,True,True,2902,496,1044,620,240,280,1796,200,0,0,0,0,0,0,0,0,WPT Ready,0,0,False,0,0,0,0,0,0,75%,50%,False,0x00,False,63%,0us,0.000V,0.000V,True,False,Charge Active,v01.23.7357,False,False,0x00,0x00,0x00,0x00,0x00,0x00,0x00,200,13,0,0,0,False,1.0V,0.030,1467mV,1,False,False,v01.20.7357
26-05-31 17:51:23.700422,2902,496,1044,620,240,280,1796,200,True,True,True,True,True,True,True,True,2902,496,1044,620,240,280,1796,200,0,0,0,0,0,0,0,0,WPT Ready,0,0,False,0,0,0,0,0,0,75%,50%,False,0x00,False,63%,0us,0.000V,0.000V,True,False,Charge Active,v01.23.7357,False,False,0x00,0x00,0x00,0x00,0x00,0x00,0x00,200,13,0,0,0,False,1.0V,0.030,1467mV,1,False,False,v01.20.7357
26-05-31 17:51:23.720398,2902,496,1044,620,240,280,1796,200,True,True,True,True,True,True,True,True,2902,496,1044,620,240,280,1796,200,0,0,0,0,0,0,0,0,WPT Ready,0,0,False,0,0,0,0,0,0,75%,50%,False,0x00,False,63%,0us,0.000V,0.000V,True,False,Charge Active,v01.23.7357,False,False,0x00,0x00,0x00,0x00,0x00,0x00,0x00,200,13,0,0,0,False,1.0V,0.030,1467mV,1,False,False,v01.20.7357
26-05-31 17:51:23.780088,2902,496,1044,620,240,280,1796,200,True,True,True,True,True,True,True,True,2902,496,1044,620,240,280,1796,200,0,0,0,0,0,0,0,0,WPT Ready,0,0,False,0,0,0,0,0,0,75%,50%,False,0x00,False,63%,0us,0.000V,0.000V,True,False,Charge Active,v01.23.7357,False,False,0x00,0x00,0x00,0x00,0x00,0x00,0x00,200,13,0,0,0,False,1.0V,0.030,1467mV,1,False,False,v01.20.7357
26-05-31 17:51:23.811693,2902,496,1044,620,240,280,1796,200,True,True,True,True,True,True,True,True,2902,496,1044,620,240,280,1796,200,0,0,0,0,0,0,0,0,WPT Ready,0,0,False,0,0,0,0,0,0,75%,50%,False,0x00,False,63%,0us,0.000V,0.000V,True,False,Charge Active,v01.23.7357,False,False,0x00,0x00,0x00,0x00,0x00,0x00,0x00,200,13,0,0,0,False,1.0V,0.030,1467mV,1,False,False,v01.20.7357
26-05-31 17:51:23.860287,2902,496,1044,620,240,280,1796,200,True,True,True,True,True,True,True,True,2902,496,1044,620,240,280,1796,200,0,0,0,0,0,0,0,0,WPT Ready,0,0,False,0,0,0,0,0,0,75%,50%,False,0x00,False,63%,0us,0.000V,0.000V,True,False,Charge Active,v01.23.7357,False,False,0x00,0x00,0x00,0x00,0x00,0x00,0x00,200,13,0,0,0,False,1.0V,0.030,1467mV,1,False,False,v01.20.7357
26-05-31 17:51:23.880329,2902,496,1044,620,240,280,1796,200,True,True,True,True,True,True,True,True,2902,496,1044,620,240,280,1796,200,0,0,0,0,0,0,0,0,WPT Ready,0,0,False,0,0,0,0,0,0,75%,50%,False,0x00,False,63%,0us,0.000V,0.000V,True,False,Charge Active,v01.23.7357,False,False,0x00,0x00,0x00,0x00,0x00,0x00,0x00,200,13,0,0,0,False,1.0V,0.030,1467mV,1,False,False,v01.20.7357
26-05-31 17:51:23.952722,2902,496,1044,620,240,280,1796,200,True,True,True,True,True,True,True,True,2902,496,1044,620,240,280,1796,200,0,0,0,0,0,0,0,0,WPT Ready,0,0,False,0,0,0,0,0,0,75%,50%,False,0x00,False,63%,0us,0.000V,0.000V,True,False,Charge Active,v01.23.7357,False,False,0x00,0x00,0x00,0x00,0x00,0x00,0x00,200,13,0,0,0,False,1.0V,0.030,1467mV,1,False,False,v01.20.7357
26-05-31 17:51:23.972748,2902,496,1044,620,240,280,1796,200,True,True,True,True,True,True,True,True,2902,496,1044,620,240,280,1796,200,0,0,0,0,0,0,0,0,WPT Ready,0,0,False,0,0,0,0,0,0,75%,50%,False,0x00,False,63%,0us,0.000V,0.000V,True,False,Charge Active,v01.23.7357,False,False,0x00,0x00,0x00,0x00,0x00,0x00,0x00,200,13,0,0,0,False,1.0V,0.030,1467mV,1,False,False,v01.20.7357
26-05-31 17:51:24.074279,2902,496,1044,620,240,280,1796,200,True,True,True,True,True,True,True,True,2902,496,1044,620,240,280,1796,200,0,0,0,0,0,0,0,0,WPT Ready,0,0,False,0,0,0,0,0,0,75%,50%,False,0x00,False,63%,0us,0.000V,0.000V,True,False,Charge Active,v01.23.7357,False,False,0x00,0x00,0x00,0x00,0x00,0x00,0x00,200,13,0,0,0,False,1.0V,0.030,1467mV,1,False,False,v01.20.7357
26-05-31 17:51:24.153608,2902,496,1044,620,240,280,1796,200,True,True,True,True,True,True,True,True,2902,496,1044,620,240,280,1796,200,0,0,0,0,0,0,0,0,WPT Ready,0,0,False,0,0,0,0,0,0,75%,50%,False,0x00,False,63%,0us,0.000V,0.000V,True,False,Charge Active,v01.23.7357,False,False,0x00,0x00,0x00,0x00,0x00,0x00,0x00,200,13,0,0,0,False,1.0V,0.030,1467mV,1,False,False,v01.20.7357
26-05-31 17:51:24.178603,2902,496,1044,620,240,280,1796,200,True,True,True,True,True,True,True,True,2902,496,1044,620,240,280,1796,200,0,0,0,0,0,0,0,0,WPT Ready,0,0,False,0,0,0,0,0,0,75%,50%,False,0x00,False,63%,0us,0.000V,0.000V,True,False,Charge Active,v01.23.7357,False,False,0x00,0x00,0x00,0x00,0x00,0x00,0x00,200,13,0,0,0,False,1.0V,0.030,1467mV,1,False,False,v01.20.7357
26-05-31 17:51:24.255471,2902,496,1044,620,240,280,1796,200,True,True,True,True,True,True,True,True,2902,496,1044,620,240,280,1796,200,0,0,0,0,0,0,0,0,WPT Ready,0,0,False,0,0,0,0,0,0,75%,50%,False,0x00,False,63%,0us,0.000V,0.000V,True,False,Charge Active,v01.23.7357,False,False,0x00,0x00,0x00,0x00,0x00,0x00,0x00,200,13,0,0,0,False,1.0V,0.030,1467mV,1,False,False,v01.20.7357
26-05-31 17:51:24.275714,2902,496,1044,620,240,280,1796,200,True,True,True,True,True,True,True,True,2902,496,1044,620,240,280,1796,200,0,0,0,0,0,0,0,0,WPT Ready,0,0,False,0,0,0,0,0,0,75%,50%,False,0x00,False,63%,0us,0.000V,0.000V,True,False,Charge Active,v01.23.7357,False,False,0x00,0x00,0x00,0x00,0x00,0x00,0x00,200,13,0,0,0,False,1.0V,0.030,1467mV,1,False,False,v01.20.7357
26-05-31 17:51:24.353082,2902,496,1044,620,240,280,1796,200,True,True,True,True,True,True,True,True,2902,496,1044,620,240,280,1796,200,0,0,0,0,0,0,0,0,WPT Ready,0,0,False,0,0,0,0,0,0,75%,50%,False,0x00,False,63%,0us,0.000V,0.000V,True,False,Charge Active,v01.23.7357,False,False,0x00,0x00,0x00,0x00,0x00,0x00,0x00,200,13,0,0,0,False,1.0V,0.030,1467mV,1,False,False,v01.20.7357
26-05-31 17:51:24.373074,2902,496,1044,620,240,280,1796,200,True,True,True,True,True,True,True,True,2902,496,1044,620,240,280,1796,200,0,0,0,0,0,0,0,0,WPT Ready,0,0,False,0,0,0,0,0,0,75%,50%,False,0x00,False,63%,0us,0.000V,0.000V,True,False,Charge Active,v01.23.7357,False,False,0x00,0x00,0x00,0x00,0x00,0x00,0x00,200,13,0,0,0,False,1.0V,0.030,1467mV,1,False,False,v01.20.7357
26-05-31 17:51:24.448602,2902,496,1044,620,240,280,1796,200,True,True,True,True,True,True,True,True,2902,496,1044,620,240,280,1796,200,0,0,0,0,0,0,0,0,WPT Ready,0,0,False,0,0,0,0,0,0,75%,50%,False,0x00,False,63%,0us,0.000V,0.000V,True,False,Charge Active,v01.23.7357,False,False,0x00,0x00,0x00,0x00,0x00,0x00,0x00,200,13,0,0,0,False,1.0V,0.030,1467mV,1,False,False,v01.20.7357
26-05-31 17:51:24.468742,2902,496,1044,620,240,280,1796,200,True,True,True,True,True,True,True,True,2902,496,1044,620,240,280,1796,200,0,0,0,0,0,0,0,0,WPT Ready,0,0,False,0,0,0,0,0,0,75%,50%,False,0x00,False,63%,0us,0.000V,0.000V,True,False,Charge Active,v01.23.7357,False,False,0x00,0x00,0x00,0x00,0x00,0x00,0x00,200,13,0,0,0,False,1.0V,0.030,1467mV,1,False,False,v01.20.7357
26-05-31 17:51:24.525232,2902,496,1044,620,240,280,1796,200,True,True,True,True,True,True,True,True,2902,496,1044,620,240,280,1796,200,0,0,0,0,0,0,0,0,WPT Ready,0,0,False,0,0,0,0,0,0,75%,50%,False,0x00,False,63%,0us,0.000V,0.000V,True,False,Charge Active,v01.23.7357,False,False,0x00,0x00,0x00,0x00,0x00,0x00,0x00,200,13,0,0,0,False,1.0V,0.030,1467mV,1,False,False,v01.20.7357
26-05-31 17:51:24.605396,2902,496,1044,620,240,280,1796,200,True,True,True,True,True,True,True,True,2902,496,1044,620,240,280,1796,200,0,0,0,0,0,0,0,0,WPT Ready,0,0,False,0,0,0,0,0,0,75%,50%,False,0x00,False,63%,0us,0.000V,0.000V,True,False,Charge Active,v01.23.7357,False,False,0x00,0x00,0x00,0x00,0x00,0x00,0x00,200,13,0,0,0,False,1.0V,0.030,1467mV,1,False,False,v01.20.7357
26-05-31 17:51:24.628678,2902,496,1044,620,240,280,1796,200,True,True,True,True,True,True,True,True,2902,496,1044,620,240,280,1796,200,0,0,0,0,0,0,0,0,WPT Ready,0,0,False,0,0,0,0,0,0,75%,50%,False,0x00,False,63%,0us,0.000V,0.000V,True,False,Charge Active,v01.23.7357,False,False,0x00,0x00,0x00,0x00,0x00,0x00,0x00,200,13,0,0,0,False,1.0V,0.030,1467mV,1,False,False,v01.20.7357
26-05-31 17:51:24.696379,2902,496,1044,620,240,280,1796,200,True,True,True,True,True,True,True,True,2902,496,1044,620,240,280,1796,200,0,0,0,0,0,0,0,0,WPT Ready,0,0,False,0,0,0,0,0,0,75%,50%,False,0x00,False,63%,0us,0.000V,0.000V,True,False,Charge Active,v01.23.7357,False,False,0x00,0x00,0x00,0x00,0x00,0x00,0x00,200,13,0,0,0,False,1.0V,0.030,1467mV,1,False,False,v01.20.7357
26-05-31 17:51:24.716258,2902,496,1044,620,240,280,1796,200,True,True,True,True,True,True,True,True,2902,496,1044,620,240,280,1796,200,0,0,0,0,0,0,0,0,WPT Ready,0,0,False,0,0,0,0,0,0,75%,50%,False,0x00,False,63%,0us,0.000V,0.000V,True,False,Charge Active,v01.23.7357,False,False,0x00,0x00,0x00,0x00,0x00,0x00,0x00,200,13,0,0,0,False,1.0V,0.030,1467mV,1,False,False,v01.20.7357
26-05-31 17:51:24.797106,2902,496,1044,620,240,280,1796,200,True,True,True,True,True,True,True,True,2902,496,1044,620,240,280,1796,200,0,0,0,0,0,0,0,0,WPT Ready,0,0,False,0,0,0,0,0,0,75%,50%,False,0x00,False,63%,0us,0.000V,0.000V,True,False,Charge Active,v01.23.7357,False,False,0x00,0x00,0x00,0x00,0x00,0x00,0x00,200,13,0,0,0,False,1.0V,0.030,1467mV,1,False,False,v01.20.7357
26-05-31 17:51:24.851390,2902,496,1044,620,240,280,1796,200,True,True,True,True,True,True,True,True,2902,496,1044,620,240,280,1796,200,0,0,0,0,0,0,0,0,WPT Ready,0,0,False,0,0,0,0,0,0,75%,50%,False,0x00,False,63%,0us,0.000V,0.000V,True,False,Charge Active,v01.23.7357,False,False,0x00,0x00,0x00,0x00,0x00,0x00,0x00,200,13,0,0,0,False,1.0V,0.030,1467mV,1,False,False,v01.20.7357
26-05-31 17:51:24.871515,2902,496,1044,620,240,280,1796,200,True,True,True,True,True,True,True,True,2902,496,1044,620,240,280,1796,200,0,0,0,0,0,0,0,0,WPT Ready,0,0,False,0,0,0,0,0,0,75%,50%,False,0x00,False,63%,0us,0.000V,0.000V,True,False,Charge Active,v01.23.7357,False,False,0x00,0x00,0x00,0x00,0x00,0x00,0x00,200,13,0,0,0,False,1.0V,0.030,1467mV,1,False,False,v01.20.7357
26-05-31 17:51:24.940416,2902,496,1044,620,240,280,1796,200,True,True,True,True,True,True,True,True,2902,496,1044,620,240,280,1796,200,0,0,0,0,0,0,0,0,WPT Ready,0,0,False,0,0,0,0,0,0,75%,50%,False,0x00,False,63%,0us,0.000V,0.000V,True,False,Charge Active,v01.23.7357,False,False,0x00,0x00,0x00,0x00,0x00,0x00,0x00,200,13,0,0,0,False,1.0V,0.030,1467mV,1,False,False,v01.20.7357
26-05-31 17:51:24.960446,2902,496,1044,620,240,280,1796,200,True,True,True,True,True,True,True,True,2902,496,1044,620,240,280,1796,200,0,0,0,0,0,0,0,0,WPT Ready,0,0,False,0,0,0,0,0,0,75%,50%,False,0x00,False,63%,0us,0.000V,0.000V,True,False,Charge Active,v01.23.7357,False,False,0x00,0x00,0x00,0x00,0x00,0x00,0x00,200,13,0,0,0,False,1.0V,0.030,1467mV,1,False,False,v01.20.7357
26-05-31 17:51:25.017762,2902,496,1044,620,240,280,1796,200,True,True,True,True,True,True,True,True,2902,496,1044,620,240,280,1796,200,0,0,0,0,0,0,0,0,WPT Ready,0,0,False,0,0,0,0,0,0,75%,50%,False,0x00,False,63%,0us,0.000V,0.000V,True,False,Charge Active,v01.23.7357,False,False,0x00,0x00,0x00,0x00,0x00,0x00,0x00,200,13,0,0,0,False,1.0V,0.030,1467mV,1,False,False,v01.20.7357
26-05-31 17:51:25.048610,2902,496,1044,620,240,280,1796,200,True,True,True,True,True,True,True,True,2902,496,1044,620,240,280,1796,200,0,0,0,0,0,0,0,0,WPT Ready,0,0,False,0,0,0,0,0,0,75%,50%,False,0x00,False,63%,0us,0.000V,0.000V,True,False,Charge Active,v01.23.7357,False,False,0x00,0x00,0x00,0x00,0x00,0x00,0x00,200,13,0,0,0,False,1.0V,0.030,1467mV,1,False,False,v01.20.7357
26-05-31 17:51:25.095234,2902,496,1044,620,240,280,1796,200,True,True,True,True,True,True,True,True,2902,496,1044,620,240,280,1796,200,0,0,0,0,0,0,0,0,WPT Ready,0,0,False,0,0,0,0,0,0,75%,50%,False,0x00,False,63%,0us,0.000V,0.000V,True,False,Charge Active,v01.23.7357,False,False,0x00,0x00,0x00,0x00,0x00,0x00,0x00,200,13,0,0,0,False,1.0V,0.030,1467mV,1,False,False,v01.20.7357
26-05-31 17:51:25.115531,2902,496,1044,620,240,280,1796,200,True,True,True,True,True,True,True,True,2902,496,1044,620,240,280,1796,200,0,0,0,0,0,0,0,0,WPT Ready,0,0,False,0,0,0,0,0,0,75%,50%,False,0x00,False,63%,0us,0.000V,0.000V,True,False,Charge Active,v01.23.7357,False,False,0x00,0x00,0x00,0x00,0x00,0x00,0x00,200,13,0,0,0,False,1.0V,0.030,1467mV,1,False,False,v01.20.7357
26-05-31 17:51:25.207078,2902,496,1044,620,240,280,1796,200,True,True,True,True,True,True,True,True,2902,496,1044,620,240,280,1796,200,0,0,0,0,0,0,0,0,WPT Ready,0,0,False,0,0,0,0,0,0,75%,50%,False,0x00,False,63%,0us,0.000V,0.000V,True,False,Charge Active,v01.23.7357,False,False,0x00,0x00,0x00,0x00,0x00,0x00,0x00,200,13,0,0,0,False,1.0V,0.030,1467mV,1,False,False,v01.20.7357
26-05-31 17:51:25.288499,2902,496,1044,620,240,280,1796,200,True,True,True,True,True,True,True,True,2902,496,1044,620,240,280,1796,200,0,0,0,0,0,0,0,0,WPT Ready,0,0,False,0,0,0,0,0,0,75%,50%,False,0x00,False,63%,0us,0.000V,0.000V,True,False,Charge Active,v01.23.7357,False,False,0x00,0x00,0x00,0x00,0x00,0x00,0x00,200,13,0,0,0,False,1.0V,0.030,1467mV,1,False,False,v01.20.7357
26-05-31 17:51:25.341306,2902,496,1044,620,240,280,1796,200,True,True,True,True,True,True,True,True,2902,496,1044,620,240,280,1796,200,0,0,0,0,0,0,0,0,WPT Ready,0,0,False,0,0,0,0,0,0,75%,50%,False,0x00,False,63%,0us,0.000V,0.000V,True,False,Charge Active,v01.23.7357,False,False,0x00,0x00,0x00,0x00,0x00,0x00,0x00,200,13,0,0,0,False,1.0V,0.030,1467mV,1,False,False,v01.20.7357
26-05-31 17:51:25.361342,2902,496,1044,620,240,280,1796,200,True,True,True,True,True,True,True,True,2902,496,1044,620,240,280,1796,200,0,0,0,0,0,0,0,0,WPT Ready,0,0,False,0,0,0,0,0,0,75%,50%,False,0x00,False,63%,0us,0.000V,0.000V,True,False,Charge Active,v01.23.7357,False,False,0x00,0x00,0x00,0x00,0x00,0x00,0x00,200,13,0,0,0,False,1.0V,0.030,1467mV,1,False,False,v01.20.7357
26-05-31 17:51:25.430479,2902,496,1044,620,240,280,1796,200,True,True,True,True,True,True,True,True,2902,496,1044,620,240,280,1796,200,0,0,0,0,0,0,0,0,WPT Ready,0,0,False,0,0,0,0,0,0,75%,50%,False,0x00,False,63%,0us,0.000V,0.000V,True,False,Charge Active,v01.23.7357,False,False,0x00,0x00,0x00,0x00,0x00,0x00,0x00,200,13,0,0,0,False,1.0V,0.030,1467mV,1,False,False,v01.20.7357
26-05-31 17:51:25.450611,2902,496,1044,620,240,280,1796,200,True,True,True,True,True,True,True,True,2902,496,1044,620,240,280,1796,200,0,0,0,0,0,0,0,0,WPT Ready,0,0,False,0,0,0,0,0,0,75%,50%,False,0x00,False,63%,0us,0.000V,0.000V,True,False,Charge Active,v01.23.7357,False,False,0x00,0x00,0x00,0x00,0x00,0x00,0x00,200,13,0,0,0,False,1.0V,0.030,1467mV,1,False,False,v01.20.7357
26-05-31 17:51:25.532490,2902,496,1044,620,240,280,1796,200,True,True,True,True,True,True,True,True,2902,496,1044,620,240,280,1796,200,0,0,0,0,0,0,0,0,WPT Ready,0,0,False,0,0,0,0,0,0,75%,50%,False,0x00,False,63%,0us,0.000V,0.000V,True,False,Charge Active,v01.23.7357,False,False,0x00,0x00,0x00,0x00,0x00,0x00,0x00,200,13,0,0,0,False,1.0V,0.030,1467mV,1,False,False,v01.20.7357
26-05-31 17:51:25.552289,2902,496,1044,620,240,280,1796,200,True,True,True,True,True,True,True,True,2902,496,1044,620,240,280,1796,200,0,0,0,0,0,0,0,0,WPT Ready,0,0,False,0,0,0,0,0,0,75%,50%,False,0x00,False,63%,0us,0.000V,0.000V,True,False,Charge Active,v01.23.7357,False,False,0x00,0x00,0x00,0x00,0x00,0x00,0x00,200,13,0,0,0,False,1.0V,0.030,1467mV,1,False,False,v01.20.7357
26-05-31 17:51:25.632407,2902,496,1044,620,240,280,1796,200,True,True,True,True,True,True,True,True,2902,496,1044,620,240,280,1796,200,0,0,0,0,0,0,0,0,WPT Ready,0,0,False,0,0,0,0,0,0,75%,50%,False,0x00,False,63%,0us,0.000V,0.000V,True,False,Charge Active,v01.23.7357,False,False,0x00,0x00,0x00,0x00,0x00,0x00,0x00,200,13,0,0,0,False,1.0V,0.030,1467mV,1,False,False,v01.20.7357
26-05-31 17:51:25.730175,2902,496,1044,620,240,280,1796,200,True,True,True,True,True,True,True,True,2902,496,1044,620,240,280,1796,200,0,0,0,0,0,0,0,0,WPT Ready,0,0,False,0,0,0,0,0,0,75%,50%,False,0x00,False,63%,0us,0.000V,0.000V,True,False,Charge Active,v01.23.7357,False,False,0x00,0x00,0x00,0x00,0x00,0x00,0x00,200,13,0,0,0,False,1.0V,0.030,1467mV,1,False,False,v01.20.7357
26-05-31 17:51:25.750545,2902,496,1044,620,240,280,1796,200,True,True,True,True,True,True,True,True,2902,496,1044,620,240,280,1796,200,0,0,0,0,0,0,0,0,WPT Ready,0,0,False,0,0,0,0,0,0,75%,50%,False,0x00,False,63%,0us,0.000V,0.000V,True,False,Charge Active,v01.23.7357,False,False,0x00,0x00,0x00,0x00,0x00,0x00,0x00,200,13,0,0,0,False,1.0V,0.030,1467mV,1,False,False,v01.20.7357
26-05-31 17:51:25.801422,2902,496,1044,620,240,280,1796,200,True,True,True,True,True,True,True,True,2902,496,1044,620,240,280,1796,200,0,0,0,0,0,0,0,0,WPT Ready,0,0,False,0,0,0,0,0,0,75%,50%,False,0x00,False,63%,0us,0.000V,0.000V,True,False,Charge Active,v01.23.7357,False,False,0x00,0x00,0x00,0x00,0x00,0x00,0x00,200,13,0,0,0,False,1.0V,0.030,1467mV,1,False,False,v01.20.7357
26-05-31 17:51:25.834305,2902,496,1044,620,240,280,1796,200,True,True,True,True,True,True,True,True,2902,496,1044,620,240,280,1796,200,0,0,0,0,0,0,0,0,WPT Ready,0,0,False,0,0,0,0,0,0,75%,50%,False,0x00,False,63%,0us,0.000V,0.000V,True,False,Charge Active,v01.23.7357,False,False,0x00,0x00,0x00,0x00,0x00,0x00,0x00,200,13,0,0,0,False,1.0V,0.030,1467mV,1,False,False,v01.20.7357
26-05-31 17:51:25.900173,2902,496,1044,620,240,280,1796,200,True,True,True,True,True,True,True,True,2902,496,1044,620,240,280,1796,200,0,0,0,0,0,0,0,0,WPT Ready,0,0,False,0,0,0,0,0,0,75%,50%,False,0x00,False,63%,0us,0.000V,0.000V,True,False,Charge Active,v01.23.7357,False,False,0x00,0x00,0x00,0x00,0x00,0x00,0x00,200,13,0,0,0,False,1.0V,0.030,1467mV,1,False,False,v01.20.7357
26-05-31 17:51:25.964782,2902,496,1044,620,240,280,1796,200,True,True,True,True,True,True,True,True,2902,496,1044,620,240,280,1796,200,0,0,0,0,0,0,0,0,WPT Ready,0,0,False,0,0,0,0,0,0,75%,50%,False,0x00,False,63%,0us,0.000V,0.000V,True,False,Charge Active,v01.23.7357,False,False,0x00,0x00,0x00,0x00,0x00,0x00,0x00,200,13,0,0,0,False,1.0V,0.030,1467mV,1,False,False,v01.20.7357
26-05-31 17:51:25.984901,2902,496,1044,620,240,280,1796,200,True,True,True,True,True,True,True,True,2902,496,1044,620,240,280,1796,200,0,0,0,0,0,0,0,0,WPT Ready,0,0,False,0,0,0,0,0,0,75%,50%,False,0x00,False,63%,0us,0.000V,0.000V,True,False,Charge Active,v01.23.7357,False,False,0x00,0x00,0x00,0x00,0x00,0x00,0x00,200,13,0,0,0,False,1.0V,0.030,1467mV,1,False,False,v01.20.7357
26-05-31 17:51:26.036370,2902,496,1044,620,240,280,1796,200,True,True,True,True,True,True,True,True,2902,496,1044,620,240,280,1796,200,0,0,0,0,0,0,0,0,WPT Ready,0,0,False,0,0,0,0,0,0,75%,50%,False,0x00,False,63%,0us,0.000V,0.000V,True,False,Charge Active,v01.23.7357,False,False,0x00,0x00,0x00,0x00,0x00,0x00,0x00,200,13,0,0,0,False,1.0V,0.030,1467mV,1,False,False,v01.20.7357
26-05-31 17:51:26.065480,2902,496,1044,620,240,280,1796,200,True,True,True,True,True,True,True,True,2902,496,1044,620,240,280,1796,200,0,0,0,0,0,0,0,0,WPT Ready,0,0,False,0,0,0,0,0,0,75%,50%,False,0x00,False,63%,0us,0.000V,0.000V,True,False,Charge Active,v01.23.7357,False,False,0x00,0x00,0x00,0x00,0x00,0x00,0x00,200,13,0,0,0,False,1.0V,0.030,1467mV,1,False,False,v01.20.7357
26-05-31 17:51:26.104889,2902,496,1044,620,240,280,1796,200,True,True,True,True,True,True,True,True,2902,496,1044,620,240,280,1796,200,0,0,0,0,0,0,0,0,WPT Ready,0,0,False,0,0,0,0,0,0,75%,50%,False,0x00,False,63%,0us,0.000V,0.000V,True,False,Charge Active,v01.23.7357,False,False,0x00,0x00,0x00,0x00,0x00,0x00,0x00,200,13,0,0,0,False,1.0V,0.030,1467mV,1,False,False,v01.20.7357
26-05-31 17:51:26.125498,2902,496,1044,620,240,280,1796,200,True,True,True,True,True,True,True,True,2902,496,1044,620,240,280,1796,200,0,0,0,0,0,0,0,0,WPT Ready,0,0,False,0,0,0,0,0,0,75%,50%,False,0x00,False,63%,0us,0.000V,0.000V,True,False,Charge Active,v01.23.7357,False,False,0x00,0x00,0x00,0x00,0x00,0x00,0x00,200,13,0,0,0,False,1.0V,0.030,1467mV,1,False,False,v01.20.7357
26-05-31 17:51:26.198436,2902,496,1044,620,240,280,1796,200,True,True,True,True,True,True,True,True,2902,496,1044,620,240,280,1796,200,0,0,0,0,0,0,0,0,WPT Ready,0,0,False,0,0,0,0,0,0,75%,50%,False,0x00,False,63%,0us,0.000V,0.000V,True,False,Charge Active,v01.23.7357,False,False,0x00,0x00,0x00,0x00,0x00,0x00,0x00,200,13,0,0,0,False,1.0V,0.030,1467mV,1,False,False,v01.20.7357
26-05-31 17:51:26.218498,2902,496,1044,620,240,280,1796,200,True,True,True,True,True,True,True,True,2902,496,1044,620,240,280,1796,200,0,0,0,0,0,0,0,0,WPT Ready,0,0,False,0,0,0,0,0,0,75%,50%,False,0x00,False,63%,0us,0.000V,0.000V,True,False,Charge Active,v01.23.7357,False,False,0x00,0x00,0x00,0x00,0x00,0x00,0x00,200,13,0,0,0,False,1.0V,0.030,1467mV,1,False,False,v01.20.7357
26-05-31 17:51:26.271801,2902,496,1044,620,240,280,1796,200,True,True,True,True,True,True,True,True,2902,496,1044,620,240,280,1796,200,0,0,0,0,0,0,0,0,WPT Ready,0,0,False,0,0,0,0,0,0,75%,50%,False,0x00,False,63%,0us,0.000V,0.000V,True,False,Charge Active,v01.23.7357,False,False,0x00,0x00,0x00,0x00,0x00,0x00,0x00,200,13,0,0,0,False,1.0V,0.030,1467mV,1,False,False,v01.20.7357
26-05-31 17:51:26.342499,2902,496,1044,620,240,280,1796,200,True,True,True,True,True,True,True,True,2902,496,1044,620,240,280,1796,200,0,0,0,0,0,0,0,0,WPT Ready,0,0,False,0,0,0,0,0,0,75%,50%,False,0x00,False,63%,0us,0.000V,0.000V,True,False,Charge Active,v01.23.7357,False,False,0x00,0x00,0x00,0x00,0x00,0x00,0x00,200,13,0,0,0,False,1.0V,0.030,1467mV,1,False,False,v01.20.7357
26-05-31 17:51:26.362950,2902,496,1044,620,240,280,1796,200,True,True,True,True,True,True,True,True,2902,496,1044,620,240,280,1796,200,0,0,0,0,0,0,0,0,WPT Ready,0,0,False,0,0,0,0,0,0,75%,50%,False,0x00,False,63%,0us,0.000V,0.000V,True,False,Charge Active,v01.23.7357,False,False,0x00,0x00,0x00,0x00,0x00,0x00,0x00,200,13,0,0,0,False,1.0V,0.030,1467mV,1,False,False,v01.20.7357
26-05-31 17:51:26.431973,2902,496,1044,620,240,280,1796,200,True,True,True,True,True,True,True,True,2902,496,1044,620,240,280,1796,200,0,0,0,0,0,0,0,0,WPT Ready,0,0,False,0,0,0,0,0,0,75%,50%,False,0x00,False,63%,0us,0.000V,0.000V,True,False,Charge Active,v01.23.7357,False,False,0x00,0x00,0x00,0x00,0x00,0x00,0x00,200,13,0,0,0,False,1.0V,0.030,1467mV,1,False,False,v01.20.7357
26-05-31 17:51:26.452117,2902,496,1044,620,240,280,1796,200,True,True,True,True,True,True,True,True,2902,496,1044,620,240,280,1796,200,0,0,0,0,0,0,0,0,WPT Ready,0,0,False,0,0,0,0,0,0,75%,50%,False,0x00,False,63%,0us,0.000V,0.000V,True,False,Charge Active,v01.23.7357,False,False,0x00,0x00,0x00,0x00,0x00,0x00,0x00,200,13,0,0,0,False,1.0V,0.030,1467mV,1,False,False,v01.20.7357
26-05-31 17:51:26.504999,2902,496,1044,620,240,280,1796,200,True,True,True,True,True,True,True,True,2902,496,1044,620,240,280,1796,200,0,0,0,0,0,0,0,0,WPT Ready,0,0,False,0,0,0,0,0,0,75%,50%,False,0x00,False,63%,0us,0.000V,0.000V,True,False,Charge Active,v01.23.7357,False,False,0x00,0x00,0x00,0x00,0x00,0x00,0x00,200,13,0,0,0,False,1.0V,0.030,1467mV,1,False,False,v01.20.7357
26-05-31 17:51:26.536837,2902,496,1044,620,240,280,1796,200,True,True,True,True,True,True,True,True,2902,496,1044,620,240,280,1796,200,0,0,0,0,0,0,0,0,WPT Ready,0,0,False,0,0,0,0,0,0,75%,50%,False,0x00,False,63%,0us,0.000V,0.000V,True,False,Charge Active,v01.23.7357,False,False,0x00,0x00,0x00,0x00,0x00,0x00,0x00,200,13,0,0,0,False,1.0V,0.030,1467mV,1,False,False,v01.20.7357
26-05-31 17:51:26.573786,2902,496,1044,620,240,280,1796,200,True,True,True,True,True,True,True,True,2902,496,1044,620,240,280,1796,200,0,0,0,0,0,0,0,0,WPT Ready,0,0,False,0,0,0,0,0,0,75%,50%,False,0x00,False,63%,0us,0.000V,0.000V,True,False,Charge Active,v01.23.7357,False,False,0x00,0x00,0x00,0x00,0x00,0x00,0x00,200,13,0,0,0,False,1.0V,0.030,1467mV,1,False,False,v01.20.7357
26-05-31 17:51:26.594496,2902,496,1044,620,240,280,1796,200,True,True,True,True,True,True,True,True,2902,496,1044,620,240,280,1796,200,0,0,0,0,0,0,0,0,WPT Ready,0,0,False,0,0,0,0,0,0,75%,50%,False,0x00,False,63%,0us,0.000V,0.000V,True,False,Charge Active,v01.23.7357,False,False,0x00,0x00,0x00,0x00,0x00,0x00,0x00,200,13,0,0,0,False,1.0V,0.030,1467mV,1,False,False,v01.20.7357
26-05-31 17:51:26.646737,2902,496,1044,620,240,280,1796,200,True,True,True,True,True,True,True,True,2902,496,1044,620,240,280,1796,200,0,0,0,0,0,0,0,0,WPT Ready,0,0,False,0,0,0,0,0,0,75%,50%,False,0x00,False,63%,0us,0.000V,0.000V,True,False,Charge Active,v01.23.7357,False,False,0x00,0x00,0x00,0x00,0x00,0x00,0x00,200,13,0,0,0,False,1.0V,0.030,1467mV,1,False,False,v01.20.7357
26-05-31 17:51:26.675482,2902,496,1044,620,240,280,1796,200,True,True,True,True,True,True,True,True,2902,496,1044,620,240,280,1796,200,0,0,0,0,0,0,0,0,WPT Ready,0,0,False,0,0,0,0,0,0,75%,50%,False,0x00,False,63%,0us,0.000V,0.000V,True,False,Charge Active,v01.23.7357,False,False,0x00,0x00,0x00,0x00,0x00,0x00,0x00,200,13,0,0,0,False,1.0V,0.030,1467mV,1,False,False,v01.20.7357
26-05-31 17:51:26.758074,2902,496,1044,620,240,280,1796,200,True,True,True,True,True,True,True,True,2902,496,1044,620,240,280,1796,200,0,0,0,0,0,0,0,0,WPT Ready,0,0,False,0,0,0,0,0,0,75%,50%,False,0x00,False,63%,0us,0.000V,0.000V,True,False,Charge Active,v01.23.7357,False,False,0x00,0x00,0x00,0x00,0x00,0x00,0x00,200,13,0,0,0,False,1.0V,0.030,1467mV,1,False,False,v01.20.7357
26-05-31 17:51:26.821487,2902,496,1044,620,240,280,1796,200,True,True,True,True,True,True,True,True,2902,496,1044,620,240,280,1796,200,0,0,0,0,0,0,0,0,WPT Ready,0,0,False,0,0,0,0,0,0,75%,50%,False,0x00,False,63%,0us,0.000V,0.000V,True,False,Charge Active,v01.23.7357,False,False,0x00,0x00,0x00,0x00,0x00,0x00,0x00,200,13,0,0,0,False,1.0V,0.030,1467mV,1,False,False,v01.20.7357
26-05-31 17:51:26.841592,2902,496,1044,620,240,280,1796,200,True,True,True,True,True,True,True,True,2902,496,1044,620,240,280,1796,200,0,0,0,0,0,0,0,0,WPT Ready,0,0,False,0,0,0,0,0,0,75%,50%,False,0x00,False,63%,0us,0.000V,0.000V,True,False,Charge Active,v01.23.7357,False,False,0x00,0x00,0x00,0x00,0x00,0x00,0x00,200,13,0,0,0,False,1.0V,0.030,1467mV,1,False,False,v01.20.7357
26-05-31 17:51:26.895178,2902,496,1044,620,240,280,1796,200,True,True,True,True,True,True,True,True,2902,496,1044,620,240,280,1796,200,0,0,0,0,0,0,0,0,WPT Ready,0,0,False,0,0,0,0,0,0,75%,50%,False,0x00,False,63%,0us,0.000V,0.000V,True,False,Charge Active,v01.23.7357,False,False,0x00,0x00,0x00,0x00,0x00,0x00,0x00,200,13,0,0,0,False,1.0V,0.030,1467mV,1,False,False,v01.20.7357
26-05-31 17:51:26.929207,2902,496,1044,620,240,280,1796,200,True,True,True,True,True,True,True,True,2902,496,1044,620,240,280,1796,200,0,0,0,0,0,0,0,0,WPT Ready,0,0,False,0,0,0,0,0,0,75%,50%,False,0x00,False,63%,0us,0.000V,0.000V,True,False,Charge Active,v01.23.7357,False,False,0x00,0x00,0x00,0x00,0x00,0x00,0x00,200,13,0,0,0,False,1.0V,0.030,1467mV,1,False,False,v01.20.7357
26-05-31 17:51:26.966716,2902,496,1044,620,240,280,1796,200,True,True,True,True,True,True,True,True,2902,496,1044,620,240,280,1796,200,0,0,0,0,0,0,0,0,WPT Ready,0,0,False,0,0,0,0,0,0,75%,50%,False,0x00,False,63%,0us,0.000V,0.000V,True,False,Charge Active,v01.23.7357,False,False,0x00,0x00,0x00,0x00,0x00,0x00,0x00,200,13,0,0,0,False,1.0V,0.030,1467mV,1,False,False,v01.20.7357
26-05-31 17:51:26.994678,2902,496,1044,620,240,280,1796,200,True,True,True,True,True,True,True,True,2902,496,1044,620,240,280,1796,200,0,0,0,0,0,0,0,0,WPT Ready,0,0,False,0,0,0,0,0,0,75%,50%,False,0x00,False,63%,0us,0.000V,0.000V,True,False,Charge Active,v01.23.7357,False,False,0x00,0x00,0x00,0x00,0x00,0x00,0x00,200,13,0,0,0,False,1.0V,0.030,1467mV,1,False,False,v01.20.7357
26-05-31 17:51:27.070930,2902,496,1044,620,240,280,1796,200,True,True,True,True,True,True,True,True,2902,496,1044,620,240,280,1796,200,0,0,0,0,0,0,0,0,WPT Ready,0,0,False,0,0,0,0,0,0,75%,50%,False,0x00,False,63%,0us,0.000V,0.000V,True,False,Charge Active,v01.23.7357,False,False,0x00,0x00,0x00,0x00,0x00,0x00,0x00,200,13,0,0,0,False,1.0V,0.030,1467mV,1,False,False,v01.20.7357
26-05-31 17:51:27.124826,2902,496,1044,620,240,280,1796,200,True,True,True,True,True,True,True,True,2902,496,1044,620,240,280,1796,200,0,0,0,0,0,0,0,0,WPT Ready,0,0,False,0,0,0,0,0,0,75%,50%,False,0x00,False,63%,0us,0.000V,0.000V,True,False,Charge Active,v01.23.7357,False,False,0x00,0x00,0x00,0x00,0x00,0x00,0x00,200,13,0,0,0,False,1.0V,0.030,1467mV,1,False,False,v01.20.7357
26-05-31 17:51:27.200089,2902,496,1044,620,240,280,1796,200,True,True,True,True,True,True,True,True,2902,496,1044,620,240,280,1796,200,0,0,0,0,0,0,0,0,WPT Ready,0,0,False,0,0,0,0,0,0,75%,50%,False,0x00,False,63%,0us,0.000V,0.000V,True,False,Charge Active,v01.23.7357,False,False,0x00,0x00,0x00,0x00,0x00,0x00,0x00,200,13,0,0,0,False,1.0V,0.030,1467mV,1,False,False,v01.20.7357
26-05-31 17:51:27.275589,2902,496,1044,620,240,280,1796,200,True,True,True,True,True,True,True,True,2902,496,1044,620,240,280,1796,200,0,0,0,0,0,0,0,0,WPT Ready,0,0,False,0,0,0,0,0,0,75%,50%,False,0x00,False,63%,0us,0.000V,0.000V,True,False,Charge Active,v01.23.7357,False,False,0x00,0x00,0x00,0x00,0x00,0x00,0x00,200,13,0,0,0,False,1.0V,0.030,1467mV,1,False,False,v01.20.7357
26-05-31 17:51:27.296348,2902,496,1044,620,240,280,1796,200,True,True,True,True,True,True,True,True,2902,496,1044,620,240,280,1796,200,0,0,0,0,0,0,0,0,WPT Ready,0,0,False,0,0,0,0,0,0,75%,50%,False,0x00,False,63%,0us,0.000V,0.000V,True,False,Charge Active,v01.23.7357,False,False,0x00,0x00,0x00,0x00,0x00,0x00,0x00,200,13,0,0,0,False,1.0V,0.030,1467mV,1,False,False,v01.20.7357
26-05-31 17:51:27.372486,2902,496,1044,620,240,280,1796,200,True,True,True,True,True,True,True,True,2902,496,1044,620,240,280,1796,200,0,0,0,0,0,0,0,0,WPT Ready,0,0,False,0,0,0,0,0,0,75%,50%,False,0x00,False,63%,0us,0.000V,0.000V,True,False,Charge Active,v01.23.7357,False,False,0x00,0x00,0x00,0x00,0x00,0x00,0x00,200,13,0,0,0,False,1.0V,0.030,1467mV,1,False,False,v01.20.7357
26-05-31 17:51:27.446868,2902,496,1044,620,240,280,1796,200,True,True,True,True,True,True,True,True,2902,496,1044,620,240,280,1796,200,0,0,0,0,0,0,0,0,WPT Ready,0,0,False,0,0,0,0,0,0,75%,50%,False,0x00,False,63%,0us,0.000V,0.000V,True,False,Charge Active,v01.23.7357,False,False,0x00,0x00,0x00,0x00,0x00,0x00,0x00,200,13,0,0,0,False,1.0V,0.030,1467mV,1,False,False,v01.20.7357
26-05-31 17:51:27.517548,2902,496,1044,620,240,280,1796,200,True,True,True,True,True,True,True,True,2902,496,1044,620,240,280,1796,200,0,0,0,0,0,0,0,0,WPT Ready,0,0,False,0,0,0,0,0,0,75%,50%,False,0x00,False,63%,0us,0.000V,0.000V,True,False,Charge Active,v01.23.7357,False,False,0x00,0x00,0x00,0x00,0x00,0x00,0x00,200,13,0,0,0,False,1.0V,0.030,1467mV,1,False,False,v01.20.7357
26-05-31 17:51:27.615314,2902,496,1044,620,240,280,1796,200,True,True,True,True,True,True,True,True,2902,496,1044,620,240,280,1796,200,0,0,0,0,0,0,0,0,WPT Ready,0,0,False,0,0,0,0,0,0,75%,50%,False,0x00,False,63%,0us,0.000V,0.000V,True,False,Charge Active,v01.23.7357,False,False,0x00,0x00,0x00,0x00,0x00,0x00,0x00,200,13,0,0,0,False,1.0V,0.030,1467mV,1,False,False,v01.20.7357
26-05-31 17:51:27.635392,2902,496,1044,620,240,280,1796,200,True,True,True,True,True,True,True,True,2902,496,1044,620,240,280,1796,200,0,0,0,0,0,0,0,0,WPT Ready,0,0,False,0,0,0,0,0,0,75%,50%,False,0x00,False,63%,0us,0.000V,0.000V,True,False,Charge Active,v01.23.7357,False,False,0x00,0x00,0x00,0x00,0x00,0x00,0x00,200,13,0,0,0,False,1.0V,0.030,1467mV,1,False,False,v01.20.7357
26-05-31 17:51:27.719080,2902,496,1044,620,240,280,1796,200,True,True,True,True,True,True,True,True,2902,496,1044,620,240,280,1796,200,0,0,0,0,0,0,0,0,WPT Ready,0,0,False,0,0,0,0,0,0,75%,50%,False,0x00,False,63%,0us,0.000V,0.000V,True,False,Charge Active,v01.23.7357,False,False,0x00,0x00,0x00,0x00,0x00,0x00,0x00,200,13,0,0,0,False,1.0V,0.030,1467mV,1,False,False,v01.20.7357
26-05-31 17:51:27.790514,2902,496,1044,620,240,280,1796,200,True,True,True,True,True,True,True,True,2902,496,1044,620,240,280,1796,200,0,0,0,0,0,0,0,0,WPT Ready,0,0,False,0,0,0,0,0,0,75%,50%,False,0x00,False,63%,0us,0.000V,0.000V,True,False,Charge Active,v01.23.7357,False,False,0x00,0x00,0x00,0x00,0x00,0x00,0x00,200,13,0,0,0,False,1.0V,0.030,1467mV,1,False,False,v01.20.7357
26-05-31 17:51:27.857009,2902,496,1044,620,240,280,1796,200,True,True,True,True,True,True,True,True,2902,496,1044,620,240,280,1796,200,0,0,0,0,0,0,0,0,WPT Ready,0,0,False,0,0,0,0,0,0,75%,50%,False,0x00,False,63%,0us,0.000V,0.000V,True,False,Charge Active,v01.23.7357,False,False,0x00,0x00,0x00,0x00,0x00,0x00,0x00,200,13,0,0,0,False,1.0V,0.030,1467mV,1,False,False,v01.20.7357
26-05-31 17:51:27.935613,2902,496,1044,620,240,280,1796,200,True,True,True,True,True,True,True,True,2902,496,1044,620,240,280,1796,200,0,0,0,0,0,0,0,0,WPT Ready,0,0,False,0,0,0,0,0,0,75%,50%,False,0x00,False,63%,0us,0.000V,0.000V,True,False,Charge Active,v01.23.7357,False,False,0x00,0x00,0x00,0x00,0x00,0x00,0x00,200,13,0,0,0,False,1.0V,0.030,1467mV,1,False,False,v01.20.7357
26-05-31 17:51:28.013866,2902,496,1044,620,240,280,1796,200,True,True,True,True,True,True,True,True,2902,496,1044,620,240,280,1796,200,0,0,0,0,0,0,0,0,WPT Ready,0,0,False,0,0,0,0,0,0,75%,50%,False,0x00,False,63%,0us,0.000V,0.000V,True,False,Charge Active,v01.23.7357,False,False,0x00,0x00,0x00,0x00,0x00,0x00,0x00,200,13,0,0,0,False,1.0V,0.030,1467mV,1,False,False,v01.20.7357
26-05-31 17:51:28.034147,2902,496,1044,620,240,280,1796,200,True,True,True,True,True,True,True,True,2902,496,1044,620,240,280,1796,200,0,0,0,0,0,0,0,0,WPT Ready,0,0,False,0,0,0,0,0,0,75%,50%,False,0x00,False,63%,0us,0.000V,0.000V,True,False,Charge Active,v01.23.7357,False,False,0x00,0x00,0x00,0x00,0x00,0x00,0x00,200,13,0,0,0,False,1.0V,0.030,1467mV,1,False,False,v01.20.7357
26-05-31 17:51:28.126964,2902,496,1044,620,240,280,1796,200,True,True,True,True,True,True,True,True,2902,496,1044,620,240,280,1796,200,0,0,0,0,0,0,0,0,WPT Ready,0,0,False,0,0,0,0,0,0,75%,50%,False,0x00,False,63%,0us,0.000V,0.000V,True,False,Charge Active,v01.23.7357,False,False,0x00,0x00,0x00,0x00,0x00,0x00,0x00,200,13,0,0,0,False,1.0V,0.030,1467mV,1,False,False,v01.20.7357
26-05-31 17:51:28.227201,2902,496,1044,620,240,280,1796,200,True,True,True,True,True,True,True,True,2902,496,1044,620,240,280,1796,200,0,0,0,0,0,0,0,0,WPT Ready,0,0,False,0,0,0,0,0,0,75%,50%,False,0x00,False,63%,0us,0.000V,0.000V,True,False,Charge Active,v01.23.7357,False,False,0x00,0x00,0x00,0x00,0x00,0x00,0x00,200,13,0,0,0,False,1.0V,0.030,1467mV,1,False,False,v01.20.7357
26-05-31 17:51:28.312666,2902,496,1044,620,240,280,1796,200,True,True,True,True,True,True,True,True,2902,496,1044,620,240,280,1796,200,0,0,0,0,0,0,0,0,WPT Ready,0,0,False,0,0,0,0,0,0,75%,50%,False,0x00,False,63%,0us,0.000V,0.000V,True,False,Charge Active,v01.23.7357,False,False,0x00,0x00,0x00,0x00,0x00,0x00,0x00,200,13,0,0,0,False,1.0V,0.030,1467mV,1,False,False,v01.20.7357
26-05-31 17:51:28.409640,2902,496,1044,620,240,280,1796,200,True,True,True,True,True,True,True,True,2902,496,1044,620,240,280,1796,200,0,0,0,0,0,0,0,0,WPT Ready,0,0,False,0,0,0,0,0,0,75%,50%,False,0x00,False,63%,0us,0.000V,0.000V,True,False,Charge Active,v01.23.7357,False,False,0x00,0x00,0x00,0x00,0x00,0x00,0x00,200,13,0,0,0,False,1.0V,0.030,1467mV,1,False,False,v01.20.7357
26-05-31 17:51:28.506406,2902,496,1044,620,240,280,1796,200,True,True,True,True,True,True,True,True,2902,496,1044,620,240,280,1796,200,0,0,0,0,0,0,0,0,WPT Ready,0,0,False,0,0,0,0,0,0,75%,50%,False,0x00,False,63%,0us,0.000V,0.000V,True,False,Charge Active,v01.23.7357,False,False,0x00,0x00,0x00,0x00,0x00,0x00,0x00,200,13,0,0,0,False,1.0V,0.030,1467mV,1,False,False,v01.20.7357
26-05-31 17:51:28.526430,2902,496,1044,620,240,280,1796,200,True,True,True,True,True,True,True,True,2902,496,1044,620,240,280,1796,200,0,0,0,0,0,0,0,0,WPT Ready,0,0,False,0,0,0,0,0,0,75%,50%,False,0x00,False,63%,0us,0.000V,0.000V,True,False,Charge Active,v01.23.7357,False,False,0x00,0x00,0x00,0x00,0x00,0x00,0x00,200,13,0,0,0,False,1.0V,0.030,1467mV,1,False,False,v01.20.7357
26-05-31 17:51:31.488140,2902,496,1044,620,240,280,1796,200,True,True,True,True,True,True,True,True,2902,496,1044,620,240,280,1796,200,0,0,0,0,0,0,0,0,WPT Ready,0,0,False,0,0,0,0,0,0,75%,50%,False,0x00,False,63%,0us,0.000V,0.000V,True,False,Charge Active,v01.23.7357,False,False,0x00,0x00,0x00,0x00,0x00,0x00,0x00,200,13,0,0,0,False,1.0V,0.030,1467mV,1,False,False,v01.20.7357
26-05-31 17:51:34.245101,2902,496,1044,620,240,280,1796,200,True,True,True,True,True,True,True,True,2902,496,1044,620,240,280,1796,200,0,0,0,0,0,0,0,0,WPT Ready,0,0,False,0,0,0,0,0,0,75%,50%,False,0x00,False,63%,0us,0.000V,0.000V,True,False,Charge Active,v01.23.7357,False,False,0x00,0x00,0x00,0x00,0x00,0x00,0x00,200,13,0,0,0,False,1.0V,0.030,1467mV,1,False,False,v01.20.7357
26-05-31 17:51:35.573421,2902,496,1044,620,240,280,1796,200,True,True,True,True,True,True,True,True,2902,496,1044,620,240,280,1796,200,0,0,0,0,0,0,0,0,WPT Ready,0,0,False,0,0,0,0,0,0,75%,50%,False,0x00,False,63%,0us,0.000V,0.000V,True,False,Charge Active,v01.23.7357,False,False,0x00,0x00,0x00,0x00,0x00,0x00,0x00,200,13,0,0,0,False,1.0V,0.030,1467mV,1,False,False,v01.20.7357
26-05-31 17:51:38.021086,2902,496,1044,620,240,280,1796,200,True,True,True,True,True,True,True,True,2902,496,1044,620,240,280,1796,200,0,0,0,0,0,0,0,0,WPT Ready,0,0,False,0,0,0,0,0,0,75%,50%,False,0x00,False,63%,0us,0.000V,0.000V,True,False,Charge Active,v01.23.7357,False,False,0x00,0x00,0x00,0x00,0x00,0x00,0x00,200,13,0,0,0,False,1.0V,0.030,1467mV,1,False,False,v01.20.7357
26-05-31 17:51:40.612384,2902,496,1044,620,240,280,1796,200,True,True,True,True,True,True,True,True,2902,496,1044,620,240,280,1796,200,0,0,0,0,0,0,0,0,WPT Ready,0,0,False,0,0,0,0,0,0,75%,50%,False,0x00,False,63%,0us,0.000V,0.000V,True,False,Charge Active,v01.23.7357,False,False,0x00,0x00,0x00,0x00,0x00,0x00,0x00,200,13,0,0,0,False,1.0V,0.030,1467mV,1,False,False,v01.20.7357
26-05-31 17:51:41.705429,2902,496,1044,620,240,280,1796,200,True,True,True,True,True,True,True,True,2902,496,1044,620,240,280,1796,200,0,0,0,0,0,0,0,0,WPT Ready,0,0,False,0,0,0,0,0,0,75%,50%,False,0x00,False,63%,0us,0.000V,0.000V,True,False,Charge Active,v01.23.7357,False,False,0x00,0x00,0x00,0x00,0x00,0x00,0x00,200,13,0,0,0,False,1.0V,0.030,1467mV,1,False,False,v01.20.7357
26-05-31 17:51:44.462768,2902,496,1044,620,240,280,1796,200,True,True,True,True,True,True,True,True,2902,496,1044,620,240,280,1796,200,0,0,0,0,0,0,0,0,WPT Ready,0,0,False,0,0,0,0,0,0,75%,50%,False,0x00,False,63%,0us,0.000V,0.000V,True,False,Charge Active,v01.23.7357,False,False,0x00,0x00,0x00,0x00,0x00,0x00,0x00,200,13,0,0,0,False,1.0V,0.030,1467mV,1,False,False,v01.20.7357
26-05-31 17:51:46.052817,2902,496,1044,620,240,280,1796,200,True,True,True,True,True,True,True,True,2902,496,1044,620,240,280,1796,200,0,0,0,0,0,0,0,0,WPT Ready,0,0,False,0,0,0,0,0,0,75%,50%,False,0x00,False,63%,0us,0.000V,0.000V,True,False,Charge Active,v01.23.7357,False,False,0x00,0x00,0x00,0x00,0x00,0x00,0x00,200,13,0,0,0,False,1.0V,0.030,1467mV,1,False,False,v01.20.7357
26-05-31 17:51:48.638910,2902,496,1044,620,240,280,1796,200,True,True,True,True,True,True,True,True,2902,496,1044,620,240,280,1796,200,0,0,0,0,0,0,0,0,WPT Ready,0,0,False,0,0,0,0,0,0,75%,50%,False,0x00,False,63%,0us,0.000V,0.000V,True,False,Charge Active,v01.23.7357,False,False,0x00,0x00,0x00,0x00,0x00,0x00,0x00,200,13,0,0,0,False,1.0V,0.030,1467mV,1,False,False,v01.20.7357
26-05-31 17:51:51.023894,2902,496,1044,620,240,280,1796,200,True,True,True,True,True,True,True,True,2902,496,1044,620,240,280,1796,200,0,0,0,0,0,0,0,0,WPT Ready,0,0,False,0,0,0,0,0,0,75%,50%,False,0x00,False,63%,0us,0.000V,0.000V,True,False,Charge Active,v01.23.7357,False,False,0x00,0x00,0x00,0x00,0x00,0x00,0x00,200,13,0,0,0,False,1.0V,0.030,1467mV,1,False,False,v01.20.7357
26-05-31 17:51:51.938703,2902,496,1044,620,240,280,1796,200,True,True,True,True,True,True,True,True,2902,496,1044,620,240,280,1796,200,0,0,0,0,0,0,0,0,WPT Ready,0,0,False,0,0,0,0,0,0,75%,50%,False,0x00,False,63%,0us,0.000V,0.000V,True,False,Charge Active,v01.23.7357,False,False,0x00,0x00,0x00,0x00,0x00,0x00,0x00,200,13,0,0,0,False,1.0V,0.030,1467mV,1,False,False,v01.20.7357
26-05-31 17:51:54.515947,2902,496,1044,620,240,280,1796,200,True,True,True,True,True,True,True,True,2902,496,1044,620,240,280,1796,200,0,0,0,0,0,0,0,0,WPT Ready,0,0,False,0,0,0,0,0,0,75%,50%,False,0x00,False,63%,0us,0.000V,0.000V,True,False,Charge Active,v01.23.7357,False,False,0x00,0x00,0x00,0x00,0x00,0x00,0x00,200,13,0,0,0,False,1.0V,0.030,1467mV,1,False,False,v01.20.7357
26-05-31 17:51:57.160644,2902,496,1044,620,240,280,1796,200,True,True,True,True,True,True,True,True,2902,496,1044,620,240,280,1796,200,0,0,0,0,0,0,0,0,WPT Ready,0,0,False,0,0,0,0,0,0,75%,50%,False,0x00,False,63%,0us,0.000V,0.000V,True,False,Charge Active,v01.23.7357,False,False,0x00,0x00,0x00,0x00,0x00,0x00,0x00,200,13,0,0,0,False,1.0V,0.030,1467mV,1,False,False,v01.20.7357
26-05-31 17:51:58.793168,2902,496,1044,620,240,280,1796,200,True,True,True,True,True,True,True,True,2902,496,1044,620,240,280,1796,200,0,0,0,0,0,0,0,0,WPT Ready,0,0,False,0,0,0,0,0,0,75%,50%,False,0x00,False,63%,0us,0.000V,0.000V,True,False,Charge Active,v01.23.7357,False,False,0x00,0x00,0x00,0x00,0x00,0x00,0x00,200,13,0,0,0,False,1.0V,0.030,1467mV,1,False,False,v01.20.7357
26-05-31 17:52:01.200394,2902,496,1044,620,240,280,1796,200,True,True,True,True,True,True,True,True,2902,496,1044,620,240,280,1796,200,0,0,0,0,0,0,0,0,WPT Ready,0,0,False,0,0,0,0,0,0,75%,50%,False,0x00,False,63%,0us,0.000V,0.000V,True,False,Charge Active,v01.23.7357,False,False,0x00,0x00,0x00,0x00,0x00,0x00,0x00,200,13,0,0,0,False,1.0V,0.030,1467mV,1,False,False,v01.20.7357
26-05-31 17:52:03.845953,2902,496,1044,620,240,280,1796,200,True,True,True,True,True,True,True,True,2902,496,1044,620,240,280,1796,200,0,0,0,0,0,0,0,0,WPT Ready,0,0,False,0,0,0,0,0,0,75%,50%,False,0x00,False,63%,0us,0.000V,0.000V,True,False,Charge Active,v01.23.7357,False,False,0x00,0x00,0x00,0x00,0x00,0x00,0x00,200,13,0,0,0,False,1.0V,0.030,1467mV,1,False,False,v01.20.7357
26-05-31 17:52:04.729889,2902,496,1044,620,240,280,1796,200,True,True,True,True,True,True,True,True,2902,496,1044,620,240,280,1796,200,0,0,0,0,0,0,0,0,WPT Ready,0,0,False,0,0,0,0,0,0,75%,50%,False,0x00,False,63%,0us,0.000V,0.000V,True,False,Charge Active,v01.23.7357,False,False,0x00,0x00,0x00,0x00,0x00,0x00,0x00,200,13,0,0,0,False,1.0V,0.030,1467mV,1,False,False,v01.20.7357
26-05-31 17:52:07.367363,2902,496,1044,620,240,280,1796,200,True,True,True,True,True,True,True,True,2902,496,1044,620,240,280,1796,200,0,0,0,0,0,0,0,0,WPT Ready,0,0,False,0,0,0,0,0,0,75%,50%,False,0x00,False,63%,0us,0.000V,0.000V,True,False,Charge Active,v01.23.7357,False,False,0x00,0x00,0x00,0x00,0x00,0x00,0x00,200,13,0,0,0,False,1.0V,0.030,1467mV,1,False,False,v01.20.7357
26-05-31 17:52:09.082376,2902,496,1044,620,240,280,1796,200,True,True,True,True,True,True,True,True,2902,496,1044,620,240,280,1796,200,0,0,0,0,0,0,0,0,WPT Ready,0,0,False,0,0,0,0,0,0,75%,50%,False,0x00,False,63%,0us,0.000V,0.000V,True,False,Charge Active,v01.23.7357,False,False,0x00,0x00,0x00,0x00,0x00,0x00,0x00,200,13,0,0,0,False,1.0V,0.030,1467mV,1,False,False,v01.20.7357
26-05-31 17:52:09.918495,2902,496,1044,620,240,280,1796,200,True,True,True,True,True,True,True,True,2902,496,1044,620,240,280,1796,200,0,0,0,0,0,0,0,0,WPT Ready,0,0,False,0,0,0,0,0,0,75%,50%,False,0x00,False,63%,0us,0.000V,0.000V,True,False,Charge Active,v01.23.7357,False,False,0x00,0x00,0x00,0x00,0x00,0x00,0x00,200,13,0,0,0,False,1.0V,0.030,1467mV,1,False,False,v01.20.7357
26-05-31 17:52:11.449435,2902,496,1044,620,240,280,1796,200,True,True,True,True,True,True,True,True,2902,496,1044,620,240,280,1796,200,0,0,0,0,0,0,0,0,WPT Ready,0,0,False,0,0,0,0,0,0,75%,50%,False,0x00,False,63%,0us,0.000V,0.000V,True,False,Charge Active,v01.23.7357,False,False,0x00,0x00,0x00,0x00,0x00,0x00,0x00,200,13,0,0,0,False,1.0V,0.030,1467mV,1,False,False,v01.20.7357
26-05-31 17:52:12.287223,2902,496,1044,620,240,280,1796,200,True,True,True,True,True,True,True,True,2902,496,1044,620,240,280,1796,200,0,0,0,0,0,0,0,0,WPT Ready,0,0,False,0,0,0,0,0,0,75%,50%,False,0x00,False,63%,0us,0.000V,0.000V,True,False,Charge Active,v01.23.7357,False,False,0x00,0x00,0x00,0x00,0x00,0x00,0x00,200,13,0,0,0,False,1.0V,0.030,1467mV,1,False,False,v01.20.7357
26-05-31 17:52:13.883458,2902,496,1044,620,240,280,1796,200,True,True,True,True,True,True,True,True,2902,496,1044,620,240,280,1796,200,0,0,0,0,0,0,0,0,WPT Ready,0,0,False,0,0,0,0,0,0,75%,50%,False,0x00,False,63%,0us,0.000V,0.000V,True,False,Charge Active,v01.23.7357,False,False,0x00,0x00,0x00,0x00,0x00,0x00,0x00,200,13,0,0,0,False,1.0V,0.030,1467mV,1,False,False,v01.20.7357
26-05-31 17:52:14.700743,2902,496,1044,620,240,280,1796,200,True,True,True,True,True,True,True,True,2902,496,1044,620,240,280,1796,200,0,0,0,0,0,0,0,0,WPT Ready,0,0,False,0,0,0,0,0,0,75%,50%,False,0x00,False,63%,0us,0.000V,0.000V,True,False,Charge Active,v01.23.7357,False,False,0x00,0x00,0x00,0x00,0x00,0x00,0x00,200,13,0,0,0,False,1.0V,0.030,1467mV,1,False,False,v01.20.7357
26-05-31 17:52:16.375358,2902,496,1044,620,240,280,1796,200,True,True,True,True,True,True,True,True,2902,496,1044,620,240,280,1796,200,0,0,0,0,0,0,0,0,WPT Ready,0,0,False,0,0,0,0,0,0,75%,50%,False,0x00,False,63%,0us,0.000V,0.000V,True,False,Charge Active,v01.23.7357,False,False,0x00,0x00,0x00,0x00,0x00,0x00,0x00,200,13,0,0,0,False,1.0V,0.030,1467mV,1,False,False,v01.20.7357
26-05-31 17:52:17.195319,2902,496,1044,620,240,280,1796,200,True,True,True,True,True,True,True,True,2902,496,1044,620,240,280,1796,200,0,0,0,0,0,0,0,0,WPT Ready,0,0,False,0,0,0,0,0,0,75%,50%,False,0x00,False,63%,0us,0.000V,0.000V,True,False,Charge Active,v01.23.7357,False,False,0x00,0x00,0x00,0x00,0x00,0x00,0x00,200,13,0,0,0,False,1.0V,0.030,1467mV,1,False,False,v01.20.7357
26-05-31 17:52:18.922601,2902,496,1044,620,240,280,1796,200,True,True,True,True,True,True,True,True,2902,496,1044,620,240,280,1796,200,0,0,0,0,0,0,0,0,WPT Ready,0,0,False,0,0,0,0,0,0,75%,50%,False,0x00,False,63%,0us,0.000V,0.000V,True,False,Charge Active,v01.23.7357,False,False,0x00,0x00,0x00,0x00,0x00,0x00,0x00,200,13,0,0,0,False,1.0V,0.030,1467mV,1,False,False,v01.20.7357
26-05-31 17:52:19.002974,2902,496,1044,620,240,280,1796,200,True,True,True,True,True,True,True,True,2902,496,1044,620,240,280,1796,200,0,0,0,0,0,0,0,0,WPT Ready,0,0,False,0,0,0,0,0,0,75%,50%,False,0x00,False,63%,0us,0.000V,0.000V,True,False,Charge Active,v01.23.7357,False,False,0x00,0x00,0x00,0x00,0x00,0x00,0x00,200,13,0,0,0,False,1.0V,0.030,1467mV,1,False,False,v01.20.7357
26-05-31 17:52:19.077122,2902,496,1044,620,240,280,1796,200,True,True,True,True,True,True,True,True,2902,496,1044,620,240,280,1796,200,0,0,0,0,0,0,0,0,WPT Ready,0,0,False,0,0,0,0,0,0,75%,50%,False,0x00,False,63%,0us,0.000V,0.000V,True,False,Charge Active,v01.23.7357,False,False,0x00,0x00,0x00,0x00,0x00,0x00,0x00,200,13,0,0,0,False,1.0V,0.030,1467mV,1,False,False,v01.20.7357
26-05-31 17:52:19.166146,2902,496,1044,620,240,280,1796,200,True,True,True,True,True,True,True,True,2902,496,1044,620,240,280,1796,200,0,0,0,0,0,0,0,0,WPT Ready,0,0,False,0,0,0,0,0,0,75%,50%,False,0x00,False,63%,0us,0.000V,0.000V,True,False,Charge Active,v01.23.7357,False,False,0x00,0x00,0x00,0x00,0x00,0x00,0x00,200,13,0,0,0,False,1.0V,0.030,1467mV,1,False,False,v01.20.7357
26-05-31 17:52:19.186708,2902,496,1044,620,240,280,1796,200,True,True,True,True,True,True,True,True,2902,496,1044,620,240,280,1796,200,0,0,0,0,0,0,0,0,WPT Ready,0,0,False,0,0,0,0,0,0,75%,50%,False,0x00,False,63%,0us,0.000V,0.000V,True,False,Charge Active,v01.23.7357,False,False,0x00,0x00,0x00,0x00,0x00,0x00,0x00,200,13,0,0,0,False,1.0V,0.030,1467mV,1,False,False,v01.20.7357
26-05-31 17:52:19.273785,2902,496,1044,620,240,280,1796,200,True,True,True,True,True,True,True,True,2902,496,1044,620,240,280,1796,200,0,0,0,0,0,0,0,0,WPT Ready,0,0,False,0,0,0,0,0,0,75%,50%,False,0x00,False,63%,0us,0.000V,0.000V,True,False,Charge Active,v01.23.7357,False,False,0x00,0x00,0x00,0x00,0x00,0x00,0x00,200,13,0,0,0,False,1.0V,0.030,1467mV,1,False,False,v01.20.7357
26-05-31 17:52:19.333651,2902,496,1044,620,240,280,1796,200,True,True,True,True,True,True,True,True,2902,496,1044,620,240,280,1796,200,0,0,0,0,0,0,0,0,WPT Ready,0,0,False,0,0,0,0,0,0,75%,50%,False,0x00,False,63%,0us,0.000V,0.000V,True,False,Charge Active,v01.23.7357,False,False,0x00,0x00,0x00,0x00,0x00,0x00,0x00,200,13,0,0,0,False,1.0V,0.030,1467mV,1,False,False,v01.20.7357
26-05-31 17:52:19.367217,2902,496,1044,620,240,280,1796,200,True,True,True,True,True,True,True,True,2902,496,1044,620,240,280,1796,200,0,0,0,0,0,0,0,0,WPT Ready,0,0,False,0,0,0,0,0,0,75%,50%,False,0x00,False,63%,0us,0.000V,0.000V,True,False,Charge Active,v01.23.7357,False,False,0x00,0x00,0x00,0x00,0x00,0x00,0x00,200,13,0,0,0,False,1.0V,0.030,1467mV,1,False,False,v01.20.7357
26-05-31 17:52:19.417432,2902,496,1044,620,240,280,1796,200,True,True,True,True,True,True,True,True,2902,496,1044,620,240,280,1796,200,0,0,0,0,0,0,0,0,WPT Ready,0,0,False,0,0,0,0,0,0,75%,50%,False,0x00,False,63%,0us,0.000V,0.000V,True,False,Charge Active,v01.23.7357,False,False,0x00,0x00,0x00,0x00,0x00,0x00,0x00,200,13,0,0,0,False,1.0V,0.030,1467mV,1,False,False,v01.20.7357
26-05-31 17:52:19.437439,2902,496,1044,620,240,280,1796,200,True,True,True,True,True,True,True,True,2902,496,1044,620,240,280,1796,200,0,0,0,0,0,0,0,0,WPT Ready,0,0,False,0,0,0,0,0,0,75%,50%,False,0x00,False,63%,0us,0.000V,0.000V,True,False,Charge Active,v01.23.7357,False,False,0x00,0x00,0x00,0x00,0x00,0x00,0x00,200,13,0,0,0,False,1.0V,0.030,1467mV,1,False,False,v01.20.7357
26-05-31 17:52:19.508191,2902,496,1044,620,240,280,1796,200,True,True,True,True,True,True,True,True,2902,496,1044,620,240,280,1796,200,0,0,0,0,0,0,0,0,WPT Ready,0,0,False,0,0,0,0,0,0,75%,50%,False,0x00,False,63%,0us,0.000V,0.000V,True,False,Charge Active,v01.23.7357,False,False,0x00,0x00,0x00,0x00,0x00,0x00,0x00,200,13,0,0,0,False,1.0V,0.030,1467mV,1,False,False,v01.20.7357
26-05-31 17:52:19.528103,2902,496,1044,620,240,280,1796,200,True,True,True,True,True,True,True,True,2902,496,1044,620,240,280,1796,200,0,0,0,0,0,0,0,0,WPT Ready,0,0,False,0,0,0,0,0,0,75%,50%,False,0x00,False,63%,0us,0.000V,0.000V,True,False,Charge Active,v01.23.7357,False,False,0x00,0x00,0x00,0x00,0x00,0x00,0x00,200,13,0,0,0,False,1.0V,0.030,1467mV,1,False,False,v01.20.7357
26-05-31 17:52:19.607783,2902,496,1044,620,240,280,1796,200,True,True,True,True,True,True,True,True,2902,496,1044,620,240,280,1796,200,0,0,0,0,0,0,0,0,WPT Ready,0,0,False,0,0,0,0,0,0,75%,50%,False,0x00,False,63%,0us,0.000V,0.000V,True,False,Charge Active,v01.23.7357,False,False,0x00,0x00,0x00,0x00,0x00,0x00,0x00,200,13,0,0,0,False,1.0V,0.030,1467mV,1,False,False,v01.20.7357
26-05-31 17:52:19.627832,2902,496,1044,620,240,280,1796,200,True,True,True,True,True,True,True,True,2902,496,1044,620,240,280,1796,200,0,0,0,0,0,0,0,0,WPT Ready,0,0,False,0,0,0,0,0,0,75%,50%,False,0x00,False,63%,0us,0.000V,0.000V,True,False,Charge Active,v01.23.7357,False,False,0x00,0x00,0x00,0x00,0x00,0x00,0x00,200,13,0,0,0,False,1.0V,0.030,1467mV,1,False,False,v01.20.7357
26-05-31 17:52:19.707490,2902,496,1044,620,240,280,1796,200,True,True,True,True,True,True,True,True,2902,496,1044,620,240,280,1796,200,0,0,0,0,0,0,0,0,WPT Ready,0,0,False,0,0,0,0,0,0,75%,50%,False,0x00,False,63%,0us,0.000V,0.000V,True,False,Charge Active,v01.23.7357,False,False,0x00,0x00,0x00,0x00,0x00,0x00,0x00,200,13,0,0,0,False,1.0V,0.030,1467mV,1,False,False,v01.20.7357
26-05-31 17:52:19.727373,2902,496,1044,620,240,280,1796,200,True,True,True,True,True,True,True,True,2902,496,1044,620,240,280,1796,200,0,0,0,0,0,0,0,0,WPT Ready,0,0,False,0,0,0,0,0,0,75%,50%,False,0x00,False,63%,0us,0.000V,0.000V,True,False,Charge Active,v01.23.7357,False,False,0x00,0x00,0x00,0x00,0x00,0x00,0x00,200,13,0,0,0,False,1.0V,0.030,1467mV,1,False,False,v01.20.7357
26-05-31 17:52:19.781188,2902,496,1044,620,240,280,1796,200,True,True,True,True,True,True,True,True,2902,496,1044,620,240,280,1796,200,0,0,0,0,0,0,0,0,WPT Ready,0,0,False,0,0,0,0,0,0,75%,50%,False,0x00,False,63%,0us,0.000V,0.000V,True,False,Charge Active,v01.23.7357,False,False,0x00,0x00,0x00,0x00,0x00,0x00,0x00,200,13,0,0,0,False,1.0V,0.030,1467mV,1,False,False,v01.20.7357
26-05-31 17:52:19.855167,2902,496,1044,620,240,280,1796,200,True,True,True,True,True,True,True,True,2902,496,1044,620,240,280,1796,200,0,0,0,0,0,0,0,0,WPT Ready,0,0,False,0,0,0,0,0,0,75%,50%,False,0x00,False,63%,0us,0.000V,0.000V,True,False,Charge Active,v01.23.7357,False,False,0x00,0x00,0x00,0x00,0x00,0x00,0x00,200,13,0,0,0,False,1.0V,0.030,1467mV,1,False,False,v01.20.7357
26-05-31 17:52:19.875173,2902,496,1044,620,240,280,1796,200,True,True,True,True,True,True,True,True,2902,496,1044,620,240,280,1796,200,0,0,0,0,0,0,0,0,WPT Ready,0,0,False,0,0,0,0,0,0,75%,50%,False,0x00,False,63%,0us,0.000V,0.000V,True,False,Charge Active,v01.23.7357,False,False,0x00,0x00,0x00,0x00,0x00,0x00,0x00,200,13,0,0,0,False,1.0V,0.030,1467mV,1,False,False,v01.20.7357
26-05-31 17:52:19.956999,2902,496,1044,620,240,280,1796,200,True,True,True,True,True,True,True,True,2902,496,1044,620,240,280,1796,200,0,0,0,0,0,0,0,0,WPT Ready,0,0,False,0,0,0,0,0,0,75%,50%,False,0x00,False,63%,0us,0.000V,0.000V,True,False,Charge Active,v01.23.7357,False,False,0x00,0x00,0x00,0x00,0x00,0x00,0x00,200,13,0,0,0,False,1.0V,0.030,1467mV,1,False,False,v01.20.7357
26-05-31 17:52:19.977110,2902,496,1044,620,240,280,1796,200,True,True,True,True,True,True,True,True,2902,496,1044,620,240,280,1796,200,0,0,0,0,0,0,0,0,WPT Ready,0,0,False,0,0,0,0,0,0,75%,50%,False,0x00,False,63%,0us,0.000V,0.000V,True,False,Charge Active,v01.23.7357,False,False,0x00,0x00,0x00,0x00,0x00,0x00,0x00,200,13,0,0,0,False,1.0V,0.030,1467mV,1,False,False,v01.20.7357
26-05-31 17:52:20.073213,2902,496,1044,620,240,280,1796,200,True,True,True,True,True,True,True,True,2902,496,1044,620,240,280,1796,200,0,0,0,0,0,0,0,0,WPT Ready,0,0,False,0,0,0,0,0,0,75%,50%,False,0x00,False,63%,0us,0.000V,0.000V,True,False,Charge Active,v01.23.7357,False,False,0x00,0x00,0x00,0x00,0x00,0x00,0x00,200,13,0,0,0,False,1.0V,0.030,1467mV,1,False,False,v01.20.7357
26-05-31 17:52:20.146680,2902,496,1044,620,240,280,1796,200,True,True,True,True,True,True,True,True,2902,496,1044,620,240,280,1796,200,0,0,0,0,0,0,0,0,WPT Ready,0,0,False,0,0,0,0,0,0,75%,50%,False,0x00,False,63%,0us,0.000V,0.000V,True,False,Charge Active,v01.23.7357,False,False,0x00,0x00,0x00,0x00,0x00,0x00,0x00,200,13,0,0,0,False,1.0V,0.030,1467mV,1,False,False,v01.20.7357
26-05-31 17:52:20.208699,2902,496,1044,620,240,280,1796,200,True,True,True,True,True,True,True,True,2902,496,1044,620,240,280,1796,200,0,0,0,0,0,0,0,0,WPT Ready,0,0,False,0,0,0,0,0,0,75%,50%,False,0x00,False,63%,0us,0.000V,0.000V,True,False,Charge Active,v01.23.7357,False,False,0x00,0x00,0x00,0x00,0x00,0x00,0x00,200,13,0,0,0,False,1.0V,0.030,1467mV,1,False,False,v01.20.7357
26-05-31 17:52:20.253001,2902,496,1044,620,240,280,1796,200,True,True,True,True,True,True,True,True,2902,496,1044,620,240,280,1796,200,0,0,0,0,0,0,0,0,WPT Ready,0,0,False,0,0,0,0,0,0,75%,50%,False,0x00,False,63%,0us,0.000V,0.000V,True,False,Charge Active,v01.23.7357,False,False,0x00,0x00,0x00,0x00,0x00,0x00,0x00,200,13,0,0,0,False,1.0V,0.030,1467mV,1,False,False,v01.20.7357
26-05-31 17:52:20.300803,2902,496,1044,620,240,280,1796,200,True,True,True,True,True,True,True,True,2902,496,1044,620,240,280,1796,200,0,0,0,0,0,0,0,0,WPT Ready,0,0,False,0,0,0,0,0,0,75%,50%,False,0x00,False,63%,0us,0.000V,0.000V,True,False,Charge Active,v01.23.7357,False,False,0x00,0x00,0x00,0x00,0x00,0x00,0x00,200,13,0,0,0,False,1.0V,0.030,1467mV,1,False,False,v01.20.7357
26-05-31 17:52:20.321054,2902,496,1044,620,240,280,1796,200,True,True,True,True,True,True,True,True,2902,496,1044,620,240,280,1796,200,0,0,0,0,0,0,0,0,WPT Ready,0,0,False,0,0,0,0,0,0,75%,50%,False,0x00,False,63%,0us,0.000V,0.000V,True,False,Charge Active,v01.23.7357,False,False,0x00,0x00,0x00,0x00,0x00,0x00,0x00,200,13,0,0,0,False,1.0V,0.030,1467mV,1,False,False,v01.20.7357
26-05-31 17:52:20.386786,2902,496,1044,620,240,280,1796,200,True,True,True,True,True,True,True,True,2902,496,1044,620,240,280,1796,200,0,0,0,0,0,0,0,0,WPT Ready,0,0,False,0,0,0,0,0,0,75%,50%,False,0x00,False,63%,0us,0.000V,0.000V,True,False,Charge Active,v01.23.7357,False,False,0x00,0x00,0x00,0x00,0x00,0x00,0x00,200,13,0,0,0,False,1.0V,0.030,1467mV,1,False,False,v01.20.7357
26-05-31 17:52:20.406698,2902,496,1044,620,240,280,1796,200,True,True,True,True,True,True,True,True,2902,496,1044,620,240,280,1796,200,0,0,0,0,0,0,0,0,WPT Ready,0,0,False,0,0,0,0,0,0,75%,50%,False,0x00,False,63%,0us,0.000V,0.000V,True,False,Charge Active,v01.23.7357,False,False,0x00,0x00,0x00,0x00,0x00,0x00,0x00,200,13,0,0,0,False,1.0V,0.030,1467mV,1,False,False,v01.20.7357
26-05-31 17:52:20.485899,2902,496,1044,620,240,280,1796,200,True,True,True,True,True,True,True,True,2902,496,1044,620,240,280,1796,200,0,0,0,0,0,0,0,0,WPT Ready,0,0,False,0,0,0,0,0,0,75%,50%,False,0x00,False,63%,0us,0.000V,0.000V,True,False,Charge Active,v01.23.7357,False,False,0x00,0x00,0x00,0x00,0x00,0x00,0x00,200,13,0,0,0,False,1.0V,0.030,1467mV,1,False,False,v01.20.7357
26-05-31 17:52:20.541150,2902,496,1044,620,240,280,1796,200,True,True,True,True,True,True,True,True,2902,496,1044,620,240,280,1796,200,0,0,0,0,0,0,0,0,WPT Ready,0,0,False,0,0,0,0,0,0,75%,50%,False,0x00,False,63%,0us,0.000V,0.000V,True,False,Charge Active,v01.23.7357,False,False,0x00,0x00,0x00,0x00,0x00,0x00,0x00,200,13,0,0,0,False,1.0V,0.030,1467mV,1,False,False,v01.20.7357
26-05-31 17:52:20.561174,2902,496,1044,620,240,280,1796,200,True,True,True,True,True,True,True,True,2902,496,1044,620,240,280,1796,200,0,0,0,0,0,0,0,0,WPT Ready,0,0,False,0,0,0,0,0,0,75%,50%,False,0x00,False,63%,0us,0.000V,0.000V,True,False,Charge Active,v01.23.7357,False,False,0x00,0x00,0x00,0x00,0x00,0x00,0x00,200,13,0,0,0,False,1.0V,0.030,1467mV,1,False,False,v01.20.7357
26-05-31 17:52:20.630182,2902,496,1044,620,240,280,1796,200,True,True,True,True,True,True,True,True,2902,496,1044,620,240,280,1796,200,0,0,0,0,0,0,0,0,WPT Ready,0,0,False,0,0,0,0,0,0,75%,50%,False,0x00,False,63%,0us,0.000V,0.000V,True,False,Charge Active,v01.23.7357,False,False,0x00,0x00,0x00,0x00,0x00,0x00,0x00,200,13,0,0,0,False,1.0V,0.030,1467mV,1,False,False,v01.20.7357
26-05-31 17:52:20.650829,2902,496,1044,620,240,280,1796,200,True,True,True,True,True,True,True,True,2902,496,1044,620,240,280,1796,200,0,0,0,0,0,0,0,0,WPT Ready,0,0,False,0,0,0,0,0,0,75%,50%,False,0x00,False,63%,0us,0.000V,0.000V,True,False,Charge Active,v01.23.7357,False,False,0x00,0x00,0x00,0x00,0x00,0x00,0x00,200,13,0,0,0,False,1.0V,0.030,1467mV,1,False,False,v01.20.7357
26-05-31 17:52:20.727491,2902,496,1044,620,240,280,1796,200,True,True,True,True,True,True,True,True,2902,496,1044,620,240,280,1796,200,0,0,0,0,0,0,0,0,WPT Ready,0,0,False,0,0,0,0,0,0,75%,50%,False,0x00,False,63%,0us,0.000V,0.000V,True,False,Charge Active,v01.23.7357,False,False,0x00,0x00,0x00,0x00,0x00,0x00,0x00,200,13,0,0,0,False,1.0V,0.030,1467mV,1,False,False,v01.20.7357
26-05-31 17:52:20.777544,2902,496,1044,620,240,280,1796,200,True,True,True,True,True,True,True,True,2902,496,1044,620,240,280,1796,200,0,0,0,0,0,0,0,0,WPT Ready,0,0,False,0,0,0,0,0,0,75%,50%,False,0x00,False,63%,0us,0.000V,0.000V,True,False,Charge Active,v01.23.7357,False,False,0x00,0x00,0x00,0x00,0x00,0x00,0x00,200,13,0,0,0,False,1.0V,0.030,1467mV,1,False,False,v01.20.7357
26-05-31 17:52:20.797658,2902,496,1044,620,240,280,1796,200,True,True,True,True,True,True,True,True,2902,496,1044,620,240,280,1796,200,0,0,0,0,0,0,0,0,WPT Ready,0,0,False,0,0,0,0,0,0,75%,50%,False,0x00,False,63%,0us,0.000V,0.000V,True,False,Charge Active,v01.23.7357,False,False,0x00,0x00,0x00,0x00,0x00,0x00,0x00,200,13,0,0,0,False,1.0V,0.030,1467mV,1,False,False,v01.20.7357
26-05-31 17:52:20.884085,2902,496,1044,620,240,280,1796,200,True,True,True,True,True,True,True,True,2902,496,1044,620,240,280,1796,200,0,0,0,0,0,0,0,0,WPT Ready,0,0,False,0,0,0,0,0,0,75%,50%,False,0x00,False,63%,0us,0.000V,0.000V,True,False,Charge Active,v01.23.7357,False,False,0x00,0x00,0x00,0x00,0x00,0x00,0x00,200,13,0,0,0,False,1.0V,0.030,1467mV,1,False,False,v01.20.7357
26-05-31 17:52:20.937441,2902,496,1044,620,240,280,1796,200,True,True,True,True,True,True,True,True,2902,496,1044,620,240,280,1796,200,0,0,0,0,0,0,0,0,WPT Ready,0,0,False,0,0,0,0,0,0,75%,50%,False,0x00,False,63%,0us,0.000V,0.000V,True,False,Charge Active,v01.23.7357,False,False,0x00,0x00,0x00,0x00,0x00,0x00,0x00,200,13,0,0,0,False,1.0V,0.030,1467mV,1,False,False,v01.20.7357
26-05-31 17:52:20.973212,2902,496,1044,620,240,280,1796,200,True,True,True,True,True,True,True,True,2902,496,1044,620,240,280,1796,200,0,0,0,0,0,0,0,0,WPT Ready,0,0,False,0,0,0,0,0,0,75%,50%,False,0x00,False,63%,0us,0.000V,0.000V,True,False,Charge Active,v01.23.7357,False,False,0x00,0x00,0x00,0x00,0x00,0x00,0x00,200,13,0,0,0,False,1.0V,0.030,1467mV,1,False,False,v01.20.7357
26-05-31 17:52:21.018298,2902,496,1044,620,240,280,1796,200,True,True,True,True,True,True,True,True,2902,496,1044,620,240,280,1796,200,0,0,0,0,0,0,0,0,WPT Ready,0,0,False,0,0,0,0,0,0,75%,50%,False,0x00,False,63%,0us,0.000V,0.000V,True,False,Charge Active,v01.23.7357,False,False,0x00,0x00,0x00,0x00,0x00,0x00,0x00,200,13,0,0,0,False,1.0V,0.030,1467mV,1,False,False,v01.20.7357
26-05-31 17:52:21.104983,2902,496,1044,620,240,280,1796,200,True,True,True,True,True,True,True,True,2902,496,1044,620,240,280,1796,200,0,0,0,0,0,0,0,0,WPT Ready,0,0,False,0,0,0,0,0,0,75%,50%,False,0x00,False,63%,0us,0.000V,0.000V,True,False,Charge Active,v01.23.7357,False,False,0x00,0x00,0x00,0x00,0x00,0x00,0x00,200,13,0,0,0,False,1.0V,0.030,1467mV,1,False,False,v01.20.7357
26-05-31 17:52:21.136011,2902,496,1044,620,240,280,1796,200,True,True,True,True,True,True,True,True,2902,496,1044,620,240,280,1796,200,0,0,0,0,0,0,0,0,WPT Ready,0,0,False,0,0,0,0,0,0,75%,50%,False,0x00,False,63%,0us,0.000V,0.000V,True,False,Charge Active,v01.23.7357,False,False,0x00,0x00,0x00,0x00,0x00,0x00,0x00,200,13,0,0,0,False,1.0V,0.030,1467mV,1,False,False,v01.20.7357
26-05-31 17:52:21.200682,2902,496,1044,620,240,280,1796,200,True,True,True,True,True,True,True,True,2902,496,1044,620,240,280,1796,200,0,0,0,0,0,0,0,0,WPT Ready,0,0,False,0,0,0,0,0,0,75%,50%,False,0x00,False,63%,0us,0.000V,0.000V,True,False,Charge Active,v01.23.7357,False,False,0x00,0x00,0x00,0x00,0x00,0x00,0x00,200,13,0,0,0,False,1.0V,0.030,1467mV,1,False,False,v01.20.7357
26-05-31 17:52:21.252546,2902,496,1044,620,240,280,1796,200,True,True,True,True,True,True,True,True,2902,496,1044,620,240,280,1796,200,0,0,0,0,0,0,0,0,WPT Ready,0,0,False,0,0,0,0,0,0,75%,50%,False,0x00,False,63%,0us,0.000V,0.000V,True,False,Charge Active,v01.23.7357,False,False,0x00,0x00,0x00,0x00,0x00,0x00,0x00,200,13,0,0,0,False,1.0V,0.030,1467mV,1,False,False,v01.20.7357
26-05-31 17:52:21.272479,2902,496,1044,620,240,280,1796,200,True,True,True,True,True,True,True,True,2902,496,1044,620,240,280,1796,200,0,0,0,0,0,0,0,0,WPT Ready,0,0,False,0,0,0,0,0,0,75%,50%,False,0x00,False,63%,0us,0.000V,0.000V,True,False,Charge Active,v01.23.7357,False,False,0x00,0x00,0x00,0x00,0x00,0x00,0x00,200,13,0,0,0,False,1.0V,0.030,1467mV,1,False,False,v01.20.7357
26-05-31 17:52:21.335994,2902,496,1044,620,240,280,1796,200,True,True,True,True,True,True,True,True,2902,496,1044,620,240,280,1796,200,0,0,0,0,0,0,0,0,WPT Ready,0,0,False,0,0,0,0,0,0,75%,50%,False,0x00,False,63%,0us,0.000V,0.000V,True,False,Charge Active,v01.23.7357,False,False,0x00,0x00,0x00,0x00,0x00,0x00,0x00,200,13,0,0,0,False,1.0V,0.030,1467mV,1,False,False,v01.20.7357
26-05-31 17:52:21.356016,2902,496,1044,620,240,280,1796,200,True,True,True,True,True,True,True,True,2902,496,1044,620,240,280,1796,200,0,0,0,0,0,0,0,0,WPT Ready,0,0,False,0,0,0,0,0,0,75%,50%,False,0x00,False,63%,0us,0.000V,0.000V,True,False,Charge Active,v01.23.7357,False,False,0x00,0x00,0x00,0x00,0x00,0x00,0x00,200,13,0,0,0,False,1.0V,0.030,1467mV,1,False,False,v01.20.7357
26-05-31 17:52:21.431980,2902,496,1044,620,240,280,1796,200,True,True,True,True,True,True,True,True,2902,496,1044,620,240,280,1796,200,0,0,0,0,0,0,0,0,WPT Ready,0,0,False,0,0,0,0,0,0,75%,50%,False,0x00,False,63%,0us,0.000V,0.000V,True,False,Charge Active,v01.23.7357,False,False,0x00,0x00,0x00,0x00,0x00,0x00,0x00,200,13,0,0,0,False,1.0V,0.030,1467mV,1,False,False,v01.20.7357
26-05-31 17:52:21.485002,2902,496,1044,620,240,280,1796,200,True,True,True,True,True,True,True,True,2902,496,1044,620,240,280,1796,200,0,0,0,0,0,0,0,0,WPT Ready,0,0,False,0,0,0,0,0,0,75%,50%,False,0x00,False,63%,0us,0.000V,0.000V,True,False,Charge Active,v01.23.7357,False,False,0x00,0x00,0x00,0x00,0x00,0x00,0x00,200,13,0,0,0,False,1.0V,0.030,1467mV,1,False,False,v01.20.7357
26-05-31 17:52:21.505625,2902,496,1044,620,240,280,1796,200,True,True,True,True,True,True,True,True,2902,496,1044,620,240,280,1796,200,0,0,0,0,0,0,0,0,WPT Ready,0,0,False,0,0,0,0,0,0,75%,50%,False,0x00,False,63%,0us,0.000V,0.000V,True,False,Charge Active,v01.23.7357,False,False,0x00,0x00,0x00,0x00,0x00,0x00,0x00,200,13,0,0,0,False,1.0V,0.030,1467mV,1,False,False,v01.20.7357
26-05-31 17:52:21.575309,2902,496,1044,620,240,280,1796,200,True,True,True,True,True,True,True,True,2902,496,1044,620,240,280,1796,200,0,0,0,0,0,0,0,0,WPT Ready,0,0,False,0,0,0,0,0,0,75%,50%,False,0x00,False,63%,0us,0.000V,0.000V,True,False,Charge Active,v01.23.7357,False,False,0x00,0x00,0x00,0x00,0x00,0x00,0x00,200,13,0,0,0,False,1.0V,0.030,1467mV,1,False,False,v01.20.7357
26-05-31 17:52:21.595423,2902,496,1044,620,240,280,1796,200,True,True,True,True,True,True,True,True,2902,496,1044,620,240,280,1796,200,0,0,0,0,0,0,0,0,WPT Ready,0,0,False,0,0,0,0,0,0,75%,50%,False,0x00,False,63%,0us,0.000V,0.000V,True,False,Charge Active,v01.23.7357,False,False,0x00,0x00,0x00,0x00,0x00,0x00,0x00,200,13,0,0,0,False,1.0V,0.030,1467mV,1,False,False,v01.20.7357
26-05-31 17:52:21.651600,2902,496,1044,620,240,280,1796,200,True,True,True,True,True,True,True,True,2902,496,1044,620,240,280,1796,200,0,0,0,0,0,0,0,0,WPT Ready,0,0,False,0,0,0,0,0,0,75%,50%,False,0x00,False,63%,0us,0.000V,0.000V,True,False,Charge Active,v01.23.7357,False,False,0x00,0x00,0x00,0x00,0x00,0x00,0x00,200,13,0,0,0,False,1.0V,0.030,1467mV,1,False,False,v01.20.7357
26-05-31 17:52:21.679562,2902,496,1044,620,240,280,1796,200,True,True,True,True,True,True,True,True,2902,496,1044,620,240,280,1796,200,0,0,0,0,0,0,0,0,WPT Ready,0,0,False,0,0,0,0,0,0,75%,50%,False,0x00,False,63%,0us,0.000V,0.000V,True,False,Charge Active,v01.23.7357,False,False,0x00,0x00,0x00,0x00,0x00,0x00,0x00,200,13,0,0,0,False,1.0V,0.030,1467mV,1,False,False,v01.20.7357
26-05-31 17:52:21.715374,2902,496,1044,620,240,280,1796,200,True,True,True,True,True,True,True,True,2902,496,1044,620,240,280,1796,200,0,0,0,0,0,0,0,0,WPT Ready,0,0,False,0,0,0,0,0,0,75%,50%,False,0x00,False,63%,0us,0.000V,0.000V,True,False,Charge Active,v01.23.7357,False,False,0x00,0x00,0x00,0x00,0x00,0x00,0x00,200,13,0,0,0,False,1.0V,0.030,1467mV,1,False,False,v01.20.7357
26-05-31 17:52:21.735880,2902,496,1044,620,240,280,1796,200,True,True,True,True,True,True,True,True,2902,496,1044,620,240,280,1796,200,0,0,0,0,0,0,0,0,WPT Ready,0,0,False,0,0,0,0,0,0,75%,50%,False,0x00,False,63%,0us,0.000V,0.000V,True,False,Charge Active,v01.23.7357,False,False,0x00,0x00,0x00,0x00,0x00,0x00,0x00,200,13,0,0,0,False,1.0V,0.030,1467mV,1,False,False,v01.20.7357
26-05-31 17:52:21.782982,2902,496,1044,620,240,280,1796,200,True,True,True,True,True,True,True,True,2902,496,1044,620,240,280,1796,200,0,0,0,0,0,0,0,0,WPT Ready,0,0,False,0,0,0,0,0,0,75%,50%,False,0x00,False,63%,0us,0.000V,0.000V,True,False,Charge Active,v01.23.7357,False,False,0x00,0x00,0x00,0x00,0x00,0x00,0x00,200,13,0,0,0,False,1.0V,0.030,1467mV,1,False,False,v01.20.7357
26-05-31 17:52:21.851703,2902,496,1044,620,240,280,1796,200,True,True,True,True,True,True,True,True,2902,496,1044,620,240,280,1796,200,0,0,0,0,0,0,0,0,WPT Ready,0,0,False,0,0,0,0,0,0,75%,50%,False,0x00,False,63%,0us,0.000V,0.000V,True,False,Charge Active,v01.23.7357,False,False,0x00,0x00,0x00,0x00,0x00,0x00,0x00,200,13,0,0,0,False,1.0V,0.030,1467mV,1,False,False,v01.20.7357
26-05-31 17:52:21.871781,2902,496,1044,620,240,280,1796,200,True,True,True,True,True,True,True,True,2902,496,1044,620,240,280,1796,200,0,0,0,0,0,0,0,0,WPT Ready,0,0,False,0,0,0,0,0,0,75%,50%,False,0x00,False,63%,0us,0.000V,0.000V,True,False,Charge Active,v01.23.7357,False,False,0x00,0x00,0x00,0x00,0x00,0x00,0x00,200,13,0,0,0,False,1.0V,0.030,1467mV,1,False,False,v01.20.7357
26-05-31 17:52:21.935119,2902,496,1044,620,240,280,1796,200,True,True,True,True,True,True,True,True,2902,496,1044,620,240,280,1796,200,0,0,0,0,0,0,0,0,WPT Ready,0,0,False,0,0,0,0,0,0,75%,50%,False,0x00,False,63%,0us,0.000V,0.000V,True,False,Charge Active,v01.23.7357,False,False,0x00,0x00,0x00,0x00,0x00,0x00,0x00,200,13,0,0,0,False,1.0V,0.030,1467mV,1,False,False,v01.20.7357
26-05-31 17:52:21.955694,2902,496,1044,620,240,280,1796,200,True,True,True,True,True,True,True,True,2902,496,1044,620,240,280,1796,200,0,0,0,0,0,0,0,0,WPT Ready,0,0,False,0,0,0,0,0,0,75%,50%,False,0x00,False,63%,0us,0.000V,0.000V,True,False,Charge Active,v01.23.7357,False,False,0x00,0x00,0x00,0x00,0x00,0x00,0x00,200,13,0,0,0,False,1.0V,0.030,1467mV,1,False,False,v01.20.7357
26-05-31 17:52:22.019210,2902,496,1044,620,240,280,1796,200,True,True,True,True,True,True,True,True,2902,496,1044,620,240,280,1796,200,0,0,0,0,0,0,0,0,WPT Ready,0,0,False,0,0,0,0,0,0,75%,50%,False,0x00,False,63%,0us,0.000V,0.000V,True,False,Charge Active,v01.23.7357,False,False,0x00,0x00,0x00,0x00,0x00,0x00,0x00,200,13,0,0,0,False,1.0V,0.030,1467mV,1,False,False,v01.20.7357
26-05-31 17:52:22.062009,2902,496,1044,620,240,280,1796,200,True,True,True,True,True,True,True,True,2902,496,1044,620,240,280,1796,200,0,0,0,0,0,0,0,0,WPT Ready,0,0,False,0,0,0,0,0,0,75%,50%,False,0x00,False,63%,0us,0.000V,0.000V,True,False,Charge Active,v01.23.7357,False,False,0x00,0x00,0x00,0x00,0x00,0x00,0x00,200,13,0,0,0,False,1.0V,0.030,1467mV,1,False,False,v01.20.7357
26-05-31 17:52:22.082127,2902,496,1044,620,240,280,1796,200,True,True,True,True,True,True,True,True,2902,496,1044,620,240,280,1796,200,0,0,0,0,0,0,0,0,WPT Ready,0,0,False,0,0,0,0,0,0,75%,50%,False,0x00,False,63%,0us,0.000V,0.000V,True,False,Charge Active,v01.23.7357,False,False,0x00,0x00,0x00,0x00,0x00,0x00,0x00,200,13,0,0,0,False,1.0V,0.030,1467mV,1,False,False,v01.20.7357
26-05-31 17:52:22.145876,2902,496,1044,620,240,280,1796,200,True,True,True,True,True,True,True,True,2902,496,1044,620,240,280,1796,200,0,0,0,0,0,0,0,0,WPT Ready,0,0,False,0,0,0,0,0,0,75%,50%,False,0x00,False,63%,0us,0.000V,0.000V,True,False,Charge Active,v01.23.7357,False,False,0x00,0x00,0x00,0x00,0x00,0x00,0x00,200,13,0,0,0,False,1.0V,0.030,1467mV,1,False,False,v01.20.7357
26-05-31 17:52:22.166617,2902,496,1044,620,240,280,1796,200,True,True,True,True,True,True,True,True,2902,496,1044,620,240,280,1796,200,0,0,0,0,0,0,0,0,WPT Ready,0,0,False,0,0,0,0,0,0,75%,50%,False,0x00,False,63%,0us,0.000V,0.000V,True,False,Charge Active,v01.23.7357,False,False,0x00,0x00,0x00,0x00,0x00,0x00,0x00,200,13,0,0,0,False,1.0V,0.030,1467mV,1,False,False,v01.20.7357
26-05-31 17:52:22.215406,2902,496,1044,620,240,280,1796,200,True,True,True,True,True,True,True,True,2902,496,1044,620,240,280,1796,200,0,0,0,0,0,0,0,0,WPT Ready,0,0,False,0,0,0,0,0,0,75%,50%,False,0x00,False,63%,0us,0.000V,0.000V,True,False,Charge Active,v01.23.7357,False,False,0x00,0x00,0x00,0x00,0x00,0x00,0x00,200,13,0,0,0,False,1.0V,0.030,1467mV,1,False,False,v01.20.7357
26-05-31 17:52:22.242477,2902,496,1044,620,240,280,1796,200,True,True,True,True,True,True,True,True,2902,496,1044,620,240,280,1796,200,0,0,0,0,0,0,0,0,WPT Ready,0,0,False,0,0,0,0,0,0,75%,50%,False,0x00,False,63%,0us,0.000V,0.000V,True,False,Charge Active,v01.23.7357,False,False,0x00,0x00,0x00,0x00,0x00,0x00,0x00,200,13,0,0,0,False,1.0V,0.030,1467mV,1,False,False,v01.20.7357
26-05-31 17:52:22.291894,2902,496,1044,620,240,280,1796,200,True,True,True,True,True,True,True,True,2902,496,1044,620,240,280,1796,200,0,0,0,0,0,0,0,0,WPT Ready,0,0,False,0,0,0,0,0,0,75%,50%,False,0x00,False,63%,0us,0.000V,0.000V,True,False,Charge Active,v01.23.7357,False,False,0x00,0x00,0x00,0x00,0x00,0x00,0x00,200,13,0,0,0,False,1.0V,0.030,1467mV,1,False,False,v01.20.7357
