Timestamp,v_sys_smp,i_sys_smp,v_bst_smp,i_bst_smp,t_bst_smp,t_inv_smp,v_rec_smp,t_rec_smp,v_sys_avg_valid,i_sys_avg_valid,v_bst_avg_valid,i_bst_avg_valid,t_bst_avg_valid,t_inv_avg_valid,v_rec_avg_valid,t_rec_avg_valid,v_sys_avg,i_sys_avg,v_bst_avg,i_bst_avg,t_bst_avg,t_inv_avg,v_rec_avg,t_rec_avg,v_sys_tripped,i_sys_tripped,v_bst_tripped,i_bst_tripped,t_bst_tripped,t_inv_tripped,v_rec_tripped,t_rec_tripped,State,Trips and Commands,Fault Count,WPT Enabled,FPGA Buck Deadtime,FPGA Boost Deadtime,FPGA A Coarse,FPGA A Fine,FPGA B Coarse,FPGA B Fine,Hub SOC,Implant SOC,UI Button,UI Counter,USB Charging,Alignment,PETV CTRL,Control Error,Control Voltage,Implant Synced,Implant CMD Stop,Implant State,Implant Version,BMS PG,BMS INT,BMS STAT0,BMS STAT1,BMS STAT2,BMS FLAG0,BMS FLAG1,BMS FLAG2,BMS FLAG3,PETV CTRL Valids,PETV Slow Valids,PETV Stats Value,PETV Resp Valids,PETV Resp Valids IDX,Open Loop,DCDC Voltage,Control kI,PETV Compare Threshold,PETV Stats Index,WPT Start,WPT Stop,Hub Version
26-05-30 12:29:45.209177,2902,496,1044,620,240,280,1796,200,True,True,True,True,True,True,True,True,2902,496,1044,620,240,280,1796,200,0,0,0,0,0,0,0,0,WPT Ready,0,0,False,0,0,0,0,0,0,75%,50%,False,0x00,False,63%,0us,0.000V,0.000V,True,False,Charge Active,v01.23.7357,False,False,0x00,0x00,0x00,0x00,0x00,0x00,0x00,200,13,0,0,0,False,1.0V,0.030,1467mV,1,False,False,v01.20.7357
26-05-30 12:29:45.633215,2902,496,1044,620,240,280,1796,200,True,True,True,True,True,True,True,True,2902,496,1044,620,240,280,1796,200,0,0,0,0,0,0,0,0,WPT Ready,0,0,False,0,0,0,0,0,0,75%,50%,False,0x00,False,63%,0us,0.000V,0.000V,True,False,Charge Active,v01.23.7357,False,False,0x00,0x00,0x00,0x00,0x00,0x00,0x00,200,13,0,0,0,False,1.0V,0.030,1467mV,1,False,False,v01.20.7357
26-05-30 12:29:45.681294,2902,496,1044,620,240,280,1796,200,True,True,True,True,True,True,True,True,2902,496,1044,620,240,280,1796,200,0,0,0,0,0,0,0,0,WPT Ready,0,0,False,0,0,0,0,0,0,75%,50%,False,0x00,False,63%,0us,0.000V,0.000V,True,False,Charge Active,v01.23.7357,False,False,0x00,0x00,0x00,0x00,0x00,0x00,0x00,200,13,0,0,0,False,1.0V,0.030,1467mV,1,False,False,v01.20.7357
26-05-30 12:29:45.775405,2902,496,1044,620,240,280,1796,200,True,True,True,True,True,True,True,True,2902,496,1044,620,240,280,1796,200,0,0,0,0,0,0,0,0,WPT Ready,0,0,False,0,0,0,0,0,0,75%,50%,False,0x00,False,63%,0us,0.000V,0.000V,True,False,Charge Active,v01.23.7357,False,False,0x00,0x00,0x00,0x00,0x00,0x00,0x00,200,13,0,0,0,False,1.0V,0.030,1467mV,1,False,False,v01.20.7357
26-05-30 12:29:45.975237,2902,496,1044,620,240,280,1796,200,True,True,True,True,True,True,True,True,2902,496,1044,620,240,280,1796,200,0,0,0,0,0,0,0,0,WPT Ready,0,0,False,0,0,0,0,0,0,75%,50%,False,0x00,False,63%,0us,0.000V,0.000V,True,False,Charge Active,v01.23.7357,False,False,0x00,0x00,0x00,0x00,0x00,0x00,0x00,200,13,0,0,0,False,1.0V,0.030,1467mV,1,False,False,v01.20.7357
26-05-30 12:29:46.140930,2902,496,1044,620,240,280,1796,200,True,True,True,True,True,True,True,True,2902,496,1044,620,240,280,1796,200,0,0,0,0,0,0,0,0,WPT Ready,0,0,False,0,0,0,0,0,0,75%,50%,False,0x00,False,63%,0us,0.000V,0.000V,True,False,Charge Active,v01.23.7357,False,False,0x00,0x00,0x00,0x00,0x00,0x00,0x00,200,13,0,0,0,False,1.0V,0.030,1467mV,1,False,False,v01.20.7357
26-05-30 12:29:46.339466,2902,496,1044,620,240,280,1796,200,True,True,True,True,True,True,True,True,2902,496,1044,620,240,280,1796,200,0,0,0,0,0,0,0,0,WPT Ready,0,0,False,0,0,0,0,0,0,75%,50%,False,0x00,False,63%,0us,0.000V,0.000V,True,False,Charge Active,v01.23.7357,False,False,0x00,0x00,0x00,0x00,0x00,0x00,0x00,200,13,0,0,0,False,1.0V,0.030,1467mV,1,False,False,v01.20.7357
26-05-30 12:29:46.551865,2902,496,1044,620,240,280,1796,200,True,True,True,True,True,True,True,True,2902,496,1044,620,240,280,1796,200,0,0,0,0,0,0,0,0,WPT Ready,0,0,False,0,0,0,0,0,0,75%,50%,False,0x00,False,63%,0us,0.000V,0.000V,True,False,Charge Active,v01.23.7357,False,False,0x00,0x00,0x00,0x00,0x00,0x00,0x00,200,13,0,0,0,False,1.0V,0.030,1467mV,1,False,False,v01.20.7357
26-05-30 12:29:46.757055,2902,496,1044,620,240,280,1796,200,True,True,True,True,True,True,True,True,2902,496,1044,620,240,280,1796,200,0,0,0,0,0,0,0,0,WPT Ready,0,0,False,0,0,0,0,0,0,75%,50%,False,0x00,False,63%,0us,0.000V,0.000V,True,False,Charge Active,v01.23.7357,False,False,0x00,0x00,0x00,0x00,0x00,0x00,0x00,200,13,0,0,0,False,1.0V,0.030,1467mV,1,False,False,v01.20.7357
26-05-30 12:29:46.948795,2902,496,1044,620,240,280,1796,200,True,True,True,True,True,True,True,True,2902,496,1044,620,240,280,1796,200,0,0,0,0,0,0,0,0,WPT Ready,0,0,False,0,0,0,0,0,0,75%,50%,False,0x00,False,63%,0us,0.000V,0.000V,True,False,Charge Active,v01.23.7357,False,False,0x00,0x00,0x00,0x00,0x00,0x00,0x00,200,13,0,0,0,False,1.0V,0.030,1467mV,1,False,False,v01.20.7357
26-05-30 12:29:47.323557,2902,496,1044,620,240,280,1796,200,True,True,True,True,True,True,True,True,2902,496,1044,620,240,280,1796,200,0,0,0,0,0,0,0,0,WPT Ready,0,0,False,0,0,0,0,0,0,75%,50%,False,0x00,False,63%,0us,0.000V,0.000V,True,False,Charge Active,v01.23.7357,False,False,0x00,0x00,0x00,0x00,0x00,0x00,0x00,200,13,0,0,0,False,1.0V,0.030,1467mV,1,False,False,v01.20.7357
26-05-30 12:29:47.350701,2902,496,1044,620,240,280,1796,200,True,True,True,True,True,True,True,True,2902,496,1044,620,240,280,1796,200,0,0,0,0,0,0,0,0,WPT Ready,0,0,False,0,0,0,0,0,0,75%,50%,False,0x00,False,63%,0us,0.000V,0.000V,True,False,Charge Active,v01.23.7357,False,False,0x00,0x00,0x00,0x00,0x00,0x00,0x00,200,13,0,0,0,False,1.0V,0.030,1467mV,1,False,False,v01.20.7357
26-05-30 12:29:47.547086,2902,496,1044,620,240,280,1796,200,True,True,True,True,True,True,True,True,2902,496,1044,620,240,280,1796,200,0,0,0,0,0,0,0,0,WPT Ready,0,0,False,0,0,0,0,0,0,75%,50%,False,0x00,False,63%,0us,0.000V,0.000V,True,False,Charge Active,v01.23.7357,False,False,0x00,0x00,0x00,0x00,0x00,0x00,0x00,200,13,0,0,0,False,1.0V,0.030,1467mV,1,False,False,v01.20.7357
26-05-30 12:29:47.739953,2902,496,1044,620,240,280,1796,200,True,True,True,True,True,True,True,True,2902,496,1044,620,240,280,1796,200,0,0,0,0,0,0,0,0,WPT Ready,0,0,False,0,0,0,0,0,0,75%,50%,False,0x00,False,63%,0us,0.000V,0.000V,True,False,Charge Active,v01.23.7357,False,False,0x00,0x00,0x00,0x00,0x00,0x00,0x00,200,13,0,0,0,False,1.0V,0.030,1467mV,1,False,False,v01.20.7357
26-05-30 12:29:47.970169,2902,496,1044,620,240,280,1796,200,True,True,True,True,True,True,True,True,2902,496,1044,620,240,280,1796,200,0,0,0,0,0,0,0,0,WPT Ready,0,0,False,0,0,0,0,0,0,75%,50%,False,0x00,False,63%,0us,0.000V,0.000V,True,False,Charge Active,v01.23.7357,False,False,0x00,0x00,0x00,0x00,0x00,0x00,0x00,200,13,0,0,0,False,1.0V,0.030,1467mV,1,False,False,v01.20.7357
26-05-30 12:29:48.171961,2902,496,1044,620,240,280,1796,200,True,True,True,True,True,True,True,True,2902,496,1044,620,240,280,1796,200,0,0,0,0,0,0,0,0,WPT Ready,0,0,False,0,0,0,0,0,0,75%,50%,False,0x00,False,63%,0us,0.000V,0.000V,True,False,Charge Active,v01.23.7357,False,False,0x00,0x00,0x00,0x00,0x00,0x00,0x00,200,13,0,0,0,False,1.0V,0.030,1467mV,1,False,False,v01.20.7357
26-05-30 12:29:48.371568,2902,496,1044,620,240,280,1796,200,True,True,True,True,True,True,True,True,2902,496,1044,620,240,280,1796,200,0,0,0,0,0,0,0,0,WPT Ready,0,0,False,0,0,0,0,0,0,75%,50%,False,0x00,False,63%,0us,0.000V,0.000V,True,False,Charge Active,v01.23.7357,False,False,0x00,0x00,0x00,0x00,0x00,0x00,0x00,200,13,0,0,0,False,1.0V,0.030,1467mV,1,False,False,v01.20.7357
26-05-30 12:29:48.539703,2902,496,1044,620,240,280,1796,200,True,True,True,True,True,True,True,True,2902,496,1044,620,240,280,1796,200,0,0,0,0,0,0,0,0,WPT Ready,0,0,False,0,0,0,0,0,0,75%,50%,False,0x00,False,63%,0us,0.000V,0.000V,True,False,Charge Active,v01.23.7357,False,False,0x00,0x00,0x00,0x00,0x00,0x00,0x00,200,13,0,0,0,False,1.0V,0.030,1467mV,1,False,False,v01.20.7357
26-05-30 12:29:48.743124,2902,496,1044,620,240,280,1796,200,True,True,True,True,True,True,True,True,2902,496,1044,620,240,280,1796,200,0,0,0,0,0,0,0,0,WPT Ready,0,0,False,0,0,0,0,0,0,75%,50%,False,0x00,False,63%,0us,0.000V,0.000V,True,False,Charge Active,v01.23.7357,False,False,0x00,0x00,0x00,0x00,0x00,0x00,0x00,200,13,0,0,0,False,1.0V,0.030,1467mV,1,False,False,v01.20.7357
26-05-30 12:29:48.941800,2902,496,1044,620,240,280,1796,200,True,True,True,True,True,True,True,True,2902,496,1044,620,240,280,1796,200,0,0,0,0,0,0,0,0,WPT Ready,0,0,False,0,0,0,0,0,0,75%,50%,False,0x00,False,63%,0us,0.000V,0.000V,True,False,Charge Active,v01.23.7357,False,False,0x00,0x00,0x00,0x00,0x00,0x00,0x00,200,13,0,0,0,False,1.0V,0.030,1467mV,1,False,False,v01.20.7357
26-05-30 12:29:49.160030,2902,496,1044,620,240,280,1796,200,True,True,True,True,True,True,True,True,2902,496,1044,620,240,280,1796,200,0,0,0,0,0,0,0,0,WPT Ready,0,0,False,0,0,0,0,0,0,75%,50%,False,0x00,False,63%,0us,0.000V,0.000V,True,False,Charge Active,v01.23.7357,False,False,0x00,0x00,0x00,0x00,0x00,0x00,0x00,200,13,0,0,0,False,1.0V,0.030,1467mV,1,False,False,v01.20.7357
26-05-30 12:29:49.344329,2902,496,1044,620,240,280,1796,200,True,True,True,True,True,True,True,True,2902,496,1044,620,240,280,1796,200,0,0,0,0,0,0,0,0,WPT Ready,0,0,False,0,0,0,0,0,0,75%,50%,False,0x00,False,63%,0us,0.000V,0.000V,True,False,Charge Active,v01.23.7357,False,False,0x00,0x00,0x00,0x00,0x00,0x00,0x00,200,13,0,0,0,False,1.0V,0.030,1467mV,1,False,False,v01.20.7357
26-05-30 12:29:49.544552,2902,496,1044,620,240,280,1796,200,True,True,True,True,True,True,True,True,2902,496,1044,620,240,280,1796,200,0,0,0,0,0,0,0,0,WPT Ready,0,0,False,0,0,0,0,0,0,75%,50%,False,0x00,False,63%,0us,0.000V,0.000V,True,False,Charge Active,v01.23.7357,False,False,0x00,0x00,0x00,0x00,0x00,0x00,0x00,200,13,0,0,0,False,1.0V,0.030,1467mV,1,False,False,v01.20.7357
26-05-30 12:29:49.746975,2902,496,1044,620,240,280,1796,200,True,True,True,True,True,True,True,True,2902,496,1044,620,240,280,1796,200,0,0,0,0,0,0,0,0,WPT Ready,0,0,False,0,0,0,0,0,0,75%,50%,False,0x00,False,63%,0us,0.000V,0.000V,True,False,Charge Active,v01.23.7357,False,False,0x00,0x00,0x00,0x00,0x00,0x00,0x00,200,13,0,0,0,False,1.0V,0.030,1467mV,1,False,False,v01.20.7357
26-05-30 12:29:49.944197,2902,496,1044,620,240,280,1796,200,True,True,True,True,True,True,True,True,2902,496,1044,620,240,280,1796,200,0,0,0,0,0,0,0,0,WPT Ready,0,0,False,0,0,0,0,0,0,75%,50%,False,0x00,False,63%,0us,0.000V,0.000V,True,False,Charge Active,v01.23.7357,False,False,0x00,0x00,0x00,0x00,0x00,0x00,0x00,200,13,0,0,0,False,1.0V,0.030,1467mV,1,False,False,v01.20.7357
26-05-30 12:29:50.147580,2902,496,1044,620,240,280,1796,200,True,True,True,True,True,True,True,True,2902,496,1044,620,240,280,1796,200,0,0,0,0,0,0,0,0,WPT Ready,0,0,False,0,0,0,0,0,0,75%,50%,False,0x00,False,63%,0us,0.000V,0.000V,True,False,Charge Active,v01.23.7357,False,False,0x00,0x00,0x00,0x00,0x00,0x00,0x00,200,13,0,0,0,False,1.0V,0.030,1467mV,1,False,False,v01.20.7357
26-05-30 12:29:50.345341,2902,496,1044,620,240,280,1796,200,True,True,True,True,True,True,True,True,2902,496,1044,620,240,280,1796,200,0,0,0,0,0,0,0,0,WPT Ready,0,0,False,0,0,0,0,0,0,75%,50%,False,0x00,False,63%,0us,0.000V,0.000V,True,False,Charge Active,v01.23.7357,False,False,0x00,0x00,0x00,0x00,0x00,0x00,0x00,200,13,0,0,0,False,1.0V,0.030,1467mV,1,False,False,v01.20.7357
26-05-30 12:29:50.538892,2902,496,1044,620,240,280,1796,200,True,True,True,True,True,True,True,True,2902,496,1044,620,240,280,1796,200,0,0,0,0,0,0,0,0,WPT Ready,0,0,False,0,0,0,0,0,0,75%,50%,False,0x00,False,63%,0us,0.000V,0.000V,True,False,Charge Active,v01.23.7357,False,False,0x00,0x00,0x00,0x00,0x00,0x00,0x00,200,13,0,0,0,False,1.0V,0.030,1467mV,1,False,False,v01.20.7357
26-05-30 12:29:50.759324,2902,496,1044,620,240,280,1796,200,True,True,True,True,True,True,True,True,2902,496,1044,620,240,280,1796,200,0,0,0,0,0,0,0,0,WPT Ready,0,0,False,0,0,0,0,0,0,75%,50%,False,0x00,False,63%,0us,0.000V,0.000V,True,False,Charge Active,v01.23.7357,False,False,0x00,0x00,0x00,0x00,0x00,0x00,0x00,200,13,0,0,0,False,1.0V,0.030,1467mV,1,False,False,v01.20.7357
26-05-30 12:29:50.952833,2902,496,1044,620,240,280,1796,200,True,True,True,True,True,True,True,True,2902,496,1044,620,240,280,1796,200,0,0,0,0,0,0,0,0,WPT Ready,0,0,False,0,0,0,0,0,0,75%,50%,False,0x00,False,63%,0us,0.000V,0.000V,True,False,Charge Active,v01.23.7357,False,False,0x00,0x00,0x00,0x00,0x00,0x00,0x00,200,13,0,0,0,False,1.0V,0.030,1467mV,1,False,False,v01.20.7357
26-05-30 12:29:51.154304,2902,496,1044,620,240,280,1796,200,True,True,True,True,True,True,True,True,2902,496,1044,620,240,280,1796,200,0,0,0,0,0,0,0,0,WPT Ready,0,0,False,0,0,0,0,0,0,75%,50%,False,0x00,False,63%,0us,0.000V,0.000V,True,False,Charge Active,v01.23.7357,False,False,0x00,0x00,0x00,0x00,0x00,0x00,0x00,200,13,0,0,0,False,1.0V,0.030,1467mV,1,False,False,v01.20.7357
26-05-30 12:29:51.353574,2902,496,1044,620,240,280,1796,200,True,True,True,True,True,True,True,True,2902,496,1044,620,240,280,1796,200,0,0,0,0,0,0,0,0,WPT Ready,0,0,False,0,0,0,0,0,0,75%,50%,False,0x00,False,63%,0us,0.000V,0.000V,True,False,Charge Active,v01.23.7357,False,False,0x00,0x00,0x00,0x00,0x00,0x00,0x00,200,13,0,0,0,False,1.0V,0.030,1467mV,1,False,False,v01.20.7357
26-05-30 12:29:51.551200,2902,496,1044,620,240,280,1796,200,True,True,True,True,True,True,True,True,2902,496,1044,620,240,280,1796,200,0,0,0,0,0,0,0,0,WPT Ready,0,0,False,0,0,0,0,0,0,75%,50%,False,0x00,False,63%,0us,0.000V,0.000V,True,False,Charge Active,v01.23.7357,False,False,0x00,0x00,0x00,0x00,0x00,0x00,0x00,200,13,0,0,0,False,1.0V,0.030,1467mV,1,False,False,v01.20.7357
26-05-30 12:29:51.755818,2902,496,1044,620,240,280,1796,200,True,True,True,True,True,True,True,True,2902,496,1044,620,240,280,1796,200,0,0,0,0,0,0,0,0,WPT Ready,0,0,False,0,0,0,0,0,0,75%,50%,False,0x00,False,63%,0us,0.000V,0.000V,True,False,Charge Active,v01.23.7357,False,False,0x00,0x00,0x00,0x00,0x00,0x00,0x00,200,13,0,0,0,False,1.0V,0.030,1467mV,1,False,False,v01.20.7357
26-05-30 12:29:51.961377,2902,496,1044,620,240,280,1796,200,True,True,True,True,True,True,True,True,2902,496,1044,620,240,280,1796,200,0,0,0,0,0,0,0,0,WPT Ready,0,0,False,0,0,0,0,0,0,75%,50%,False,0x00,False,63%,0us,0.000V,0.000V,True,False,Charge Active,v01.23.7357,False,False,0x00,0x00,0x00,0x00,0x00,0x00,0x00,200,13,0,0,0,False,1.0V,0.030,1467mV,1,False,False,v01.20.7357
26-05-30 12:29:52.150772,2902,496,1044,620,240,280,1796,200,True,True,True,True,True,True,True,True,2902,496,1044,620,240,280,1796,200,0,0,0,0,0,0,0,0,WPT Ready,0,0,False,0,0,0,0,0,0,75%,50%,False,0x00,False,63%,0us,0.000V,0.000V,True,False,Charge Active,v01.23.7357,False,False,0x00,0x00,0x00,0x00,0x00,0x00,0x00,200,13,0,0,0,False,1.0V,0.030,1467mV,1,False,False,v01.20.7357
26-05-30 12:29:52.354573,2902,496,1044,620,240,280,1796,200,True,True,True,True,True,True,True,True,2902,496,1044,620,240,280,1796,200,0,0,0,0,0,0,0,0,WPT Ready,0,0,False,0,0,0,0,0,0,75%,50%,False,0x00,False,63%,0us,0.000V,0.000V,True,False,Charge Active,v01.23.7357,False,False,0x00,0x00,0x00,0x00,0x00,0x00,0x00,200,13,0,0,0,False,1.0V,0.030,1467mV,1,False,False,v01.20.7357
26-05-30 12:29:52.552547,2902,496,1044,620,240,280,1796,200,True,True,True,True,True,True,True,True,2902,496,1044,620,240,280,1796,200,0,0,0,0,0,0,0,0,WPT Ready,0,0,False,0,0,0,0,0,0,75%,50%,False,0x00,False,63%,0us,0.000V,0.000V,True,False,Charge Active,v01.23.7357,False,False,0x00,0x00,0x00,0x00,0x00,0x00,0x00,200,13,0,0,0,False,1.0V,0.030,1467mV,1,False,False,v01.20.7357
26-05-30 12:29:52.753486,2902,496,1044,620,240,280,1796,200,True,True,True,True,True,True,True,True,2902,496,1044,620,240,280,1796,200,0,0,0,0,0,0,0,0,WPT Ready,0,0,False,0,0,0,0,0,0,75%,50%,False,0x00,False,63%,0us,0.000V,0.000V,True,False,Charge Active,v01.23.7357,False,False,0x00,0x00,0x00,0x00,0x00,0x00,0x00,200,13,0,0,0,False,1.0V,0.030,1467mV,1,False,False,v01.20.7357
26-05-30 12:29:52.955478,2902,496,1044,620,240,280,1796,200,True,True,True,True,True,True,True,True,2902,496,1044,620,240,280,1796,200,0,0,0,0,0,0,0,0,WPT Ready,0,0,False,0,0,0,0,0,0,75%,50%,False,0x00,False,63%,0us,0.000V,0.000V,True,False,Charge Active,v01.23.7357,False,False,0x00,0x00,0x00,0x00,0x00,0x00,0x00,200,13,0,0,0,False,1.0V,0.030,1467mV,1,False,False,v01.20.7357
26-05-30 12:29:53.142020,2902,496,1044,620,240,280,1796,200,True,True,True,True,True,True,True,True,2902,496,1044,620,240,280,1796,200,0,0,0,0,0,0,0,0,WPT Ready,0,0,False,0,0,0,0,0,0,75%,50%,False,0x00,False,63%,0us,0.000V,0.000V,True,False,Charge Active,v01.23.7357,False,False,0x00,0x00,0x00,0x00,0x00,0x00,0x00,200,13,0,0,0,False,1.0V,0.030,1467mV,1,False,False,v01.20.7357
26-05-30 12:29:53.357267,2902,496,1044,620,240,280,1796,200,True,True,True,True,True,True,True,True,2902,496,1044,620,240,280,1796,200,0,0,0,0,0,0,0,0,WPT Ready,0,0,False,0,0,0,0,0,0,75%,50%,False,0x00,False,63%,0us,0.000V,0.000V,True,False,Charge Active,v01.23.7357,False,False,0x00,0x00,0x00,0x00,0x00,0x00,0x00,200,13,0,0,0,False,1.0V,0.030,1467mV,1,False,False,v01.20.7357
26-05-30 12:29:53.555710,2902,496,1044,620,240,280,1796,200,True,True,True,True,True,True,True,True,2902,496,1044,620,240,280,1796,200,0,0,0,0,0,0,0,0,WPT Ready,0,0,False,0,0,0,0,0,0,75%,50%,False,0x00,False,63%,0us,0.000V,0.000V,True,False,Charge Active,v01.23.7357,False,False,0x00,0x00,0x00,0x00,0x00,0x00,0x00,200,13,0,0,0,False,1.0V,0.030,1467mV,1,False,False,v01.20.7357
26-05-30 12:29:53.759919,2902,496,1044,620,240,280,1796,200,True,True,True,True,True,True,True,True,2902,496,1044,620,240,280,1796,200,0,0,0,0,0,0,0,0,WPT Ready,0,0,False,0,0,0,0,0,0,75%,50%,False,0x00,False,63%,0us,0.000V,0.000V,True,False,Charge Active,v01.23.7357,False,False,0x00,0x00,0x00,0x00,0x00,0x00,0x00,200,13,0,0,0,False,1.0V,0.030,1467mV,1,False,False,v01.20.7357
26-05-30 12:29:53.945168,2902,496,1044,620,240,280,1796,200,True,True,True,True,True,True,True,True,2902,496,1044,620,240,280,1796,200,0,0,0,0,0,0,0,0,WPT Ready,0,0,False,0,0,0,0,0,0,75%,50%,False,0x00,False,63%,0us,0.000V,0.000V,True,False,Charge Active,v01.23.7357,False,False,0x00,0x00,0x00,0x00,0x00,0x00,0x00,200,13,0,0,0,False,1.0V,0.030,1467mV,1,False,False,v01.20.7357
26-05-30 12:29:54.284647,2902,496,1044,620,240,280,1796,200,True,True,True,True,True,True,True,True,2902,496,1044,620,240,280,1796,200,0,0,0,0,0,0,0,0,WPT Ready,0,0,False,0,0,0,0,0,0,75%,50%,False,0x00,False,63%,0us,0.000V,0.000V,True,False,Charge Active,v01.23.7357,False,False,0x00,0x00,0x00,0x00,0x00,0x00,0x00,200,13,0,0,0,False,1.0V,0.030,1467mV,1,False,False,v01.20.7357
26-05-30 12:29:54.377317,2902,496,1044,620,240,280,1796,200,True,True,True,True,True,True,True,True,2902,496,1044,620,240,280,1796,200,0,0,0,0,0,0,0,0,WPT Ready,0,0,False,0,0,0,0,0,0,75%,50%,False,0x00,False,63%,0us,0.000V,0.000V,True,False,Charge Active,v01.23.7357,False,False,0x00,0x00,0x00,0x00,0x00,0x00,0x00,200,13,0,0,0,False,1.0V,0.030,1467mV,1,False,False,v01.20.7357
26-05-30 12:29:54.543891,2902,496,1044,620,240,280,1796,200,True,True,True,True,True,True,True,True,2902,496,1044,620,240,280,1796,200,0,0,0,0,0,0,0,0,WPT Ready,0,0,False,0,0,0,0,0,0,75%,50%,False,0x00,False,63%,0us,0.000V,0.000V,True,False,Charge Active,v01.23.7357,False,False,0x00,0x00,0x00,0x00,0x00,0x00,0x00,200,13,0,0,0,False,1.0V,0.030,1467mV,1,False,False,v01.20.7357
26-05-30 12:29:54.747386,2902,496,1044,620,240,280,1796,200,True,True,True,True,True,True,True,True,2902,496,1044,620,240,280,1796,200,0,0,0,0,0,0,0,0,WPT Ready,0,0,False,0,0,0,0,0,0,75%,50%,False,0x00,False,63%,0us,0.000V,0.000V,True,False,Charge Active,v01.23.7357,False,False,0x00,0x00,0x00,0x00,0x00,0x00,0x00,200,13,0,0,0,False,1.0V,0.030,1467mV,1,False,False,v01.20.7357
26-05-30 12:29:54.946182,2902,496,1044,620,240,280,1796,200,True,True,True,True,True,True,True,True,2902,496,1044,620,240,280,1796,200,0,0,0,0,0,0,0,0,WPT Ready,0,0,False,0,0,0,0,0,0,75%,50%,False,0x00,False,63%,0us,0.000V,0.000V,True,False,Charge Active,v01.23.7357,False,False,0x00,0x00,0x00,0x00,0x00,0x00,0x00,200,13,0,0,0,False,1.0V,0.030,1467mV,1,False,False,v01.20.7357
26-05-30 12:29:55.152213,2902,496,1044,620,240,280,1796,200,True,True,True,True,True,True,True,True,2902,496,1044,620,240,280,1796,200,0,0,0,0,0,0,0,0,WPT Ready,0,0,False,0,0,0,0,0,0,75%,50%,False,0x00,False,63%,0us,0.000V,0.000V,True,False,Charge Active,v01.23.7357,False,False,0x00,0x00,0x00,0x00,0x00,0x00,0x00,200,13,0,0,0,False,1.0V,0.030,1467mV,1,False,False,v01.20.7357
26-05-30 12:29:55.359954,2902,496,1044,620,240,280,1796,200,True,True,True,True,True,True,True,True,2902,496,1044,620,240,280,1796,200,0,0,0,0,0,0,0,0,WPT Ready,0,0,False,0,0,0,0,0,0,75%,50%,False,0x00,False,63%,0us,0.000V,0.000V,True,False,Charge Active,v01.23.7357,False,False,0x00,0x00,0x00,0x00,0x00,0x00,0x00,200,13,0,0,0,False,1.0V,0.030,1467mV,1,False,False,v01.20.7357
26-05-30 12:29:55.557668,2902,496,1044,620,240,280,1796,200,True,True,True,True,True,True,True,True,2902,496,1044,620,240,280,1796,200,0,0,0,0,0,0,0,0,WPT Ready,0,0,False,0,0,0,0,0,0,75%,50%,False,0x00,False,63%,0us,0.000V,0.000V,True,False,Charge Active,v01.23.7357,False,False,0x00,0x00,0x00,0x00,0x00,0x00,0x00,200,13,0,0,0,False,1.0V,0.030,1467mV,1,False,False,v01.20.7357
26-05-30 12:29:55.755415,2902,496,1044,620,240,280,1796,200,True,True,True,True,True,True,True,True,2902,496,1044,620,240,280,1796,200,0,0,0,0,0,0,0,0,WPT Ready,0,0,False,0,0,0,0,0,0,75%,50%,False,0x00,False,63%,0us,0.000V,0.000V,True,False,Charge Active,v01.23.7357,False,False,0x00,0x00,0x00,0x00,0x00,0x00,0x00,200,13,0,0,0,False,1.0V,0.030,1467mV,1,False,False,v01.20.7357
26-05-30 12:29:55.953213,2902,496,1044,620,240,280,1796,200,True,True,True,True,True,True,True,True,2902,496,1044,620,240,280,1796,200,0,0,0,0,0,0,0,0,WPT Ready,0,0,False,0,0,0,0,0,0,75%,50%,False,0x00,False,63%,0us,0.000V,0.000V,True,False,Charge Active,v01.23.7357,False,False,0x00,0x00,0x00,0x00,0x00,0x00,0x00,200,13,0,0,0,False,1.0V,0.030,1467mV,1,False,False,v01.20.7357
26-05-30 12:29:56.154651,2902,496,1044,620,240,280,1796,200,True,True,True,True,True,True,True,True,2902,496,1044,620,240,280,1796,200,0,0,0,0,0,0,0,0,WPT Ready,0,0,False,0,0,0,0,0,0,75%,50%,False,0x00,False,63%,0us,0.000V,0.000V,True,False,Charge Active,v01.23.7357,False,False,0x00,0x00,0x00,0x00,0x00,0x00,0x00,200,13,0,0,0,False,1.0V,0.030,1467mV,1,False,False,v01.20.7357
26-05-30 12:29:56.354866,2902,496,1044,620,240,280,1796,200,True,True,True,True,True,True,True,True,2902,496,1044,620,240,280,1796,200,0,0,0,0,0,0,0,0,WPT Ready,0,0,False,0,0,0,0,0,0,75%,50%,False,0x00,False,63%,0us,0.000V,0.000V,True,False,Charge Active,v01.23.7357,False,False,0x00,0x00,0x00,0x00,0x00,0x00,0x00,200,13,0,0,0,False,1.0V,0.030,1467mV,1,False,False,v01.20.7357
26-05-30 12:29:56.556107,2902,496,1044,620,240,280,1796,200,True,True,True,True,True,True,True,True,2902,496,1044,620,240,280,1796,200,0,0,0,0,0,0,0,0,WPT Ready,0,0,False,0,0,0,0,0,0,75%,50%,False,0x00,False,63%,0us,0.000V,0.000V,True,False,Charge Active,v01.23.7357,False,False,0x00,0x00,0x00,0x00,0x00,0x00,0x00,200,13,0,0,0,False,1.0V,0.030,1467mV,1,False,False,v01.20.7357
26-05-30 12:29:56.760849,2902,496,1044,620,240,280,1796,200,True,True,True,True,True,True,True,True,2902,496,1044,620,240,280,1796,200,0,0,0,0,0,0,0,0,WPT Ready,0,0,False,0,0,0,0,0,0,75%,50%,False,0x00,False,63%,0us,0.000V,0.000V,True,False,Charge Active,v01.23.7357,False,False,0x00,0x00,0x00,0x00,0x00,0x00,0x00,200,13,0,0,0,False,1.0V,0.030,1467mV,1,False,False,v01.20.7357
26-05-30 12:29:56.958382,2902,496,1044,620,240,280,1796,200,True,True,True,True,True,True,True,True,2902,496,1044,620,240,280,1796,200,0,0,0,0,0,0,0,0,WPT Ready,0,0,False,0,0,0,0,0,0,75%,50%,False,0x00,False,63%,0us,0.000V,0.000V,True,False,Charge Active,v01.23.7357,False,False,0x00,0x00,0x00,0x00,0x00,0x00,0x00,200,13,0,0,0,False,1.0V,0.030,1467mV,1,False,False,v01.20.7357
26-05-30 12:29:57.157756,2902,496,1044,620,240,280,1796,200,True,True,True,True,True,True,True,True,2902,496,1044,620,240,280,1796,200,0,0,0,0,0,0,0,0,WPT Ready,0,0,False,0,0,0,0,0,0,75%,50%,False,0x00,False,63%,0us,0.000V,0.000V,True,False,Charge Active,v01.23.7357,False,False,0x00,0x00,0x00,0x00,0x00,0x00,0x00,200,13,0,0,0,False,1.0V,0.030,1467mV,1,False,False,v01.20.7357
26-05-30 12:29:57.359385,2902,496,1044,620,240,280,1796,200,True,True,True,True,True,True,True,True,2902,496,1044,620,240,280,1796,200,0,0,0,0,0,0,0,0,WPT Ready,0,0,False,0,0,0,0,0,0,75%,50%,False,0x00,False,63%,0us,0.000V,0.000V,True,False,Charge Active,v01.23.7357,False,False,0x00,0x00,0x00,0x00,0x00,0x00,0x00,200,13,0,0,0,False,1.0V,0.030,1467mV,1,False,False,v01.20.7357
26-05-30 12:29:57.557624,2902,496,1044,620,240,280,1796,200,True,True,True,True,True,True,True,True,2902,496,1044,620,240,280,1796,200,0,0,0,0,0,0,0,0,WPT Ready,0,0,False,0,0,0,0,0,0,75%,50%,False,0x00,False,63%,0us,0.000V,0.000V,True,False,Charge Active,v01.23.7357,False,False,0x00,0x00,0x00,0x00,0x00,0x00,0x00,200,13,0,0,0,False,1.0V,0.030,1467mV,1,False,False,v01.20.7357
26-05-30 12:29:57.757039,2902,496,1044,620,240,280,1796,200,True,True,True,True,True,True,True,True,2902,496,1044,620,240,280,1796,200,0,0,0,0,0,0,0,0,WPT Ready,0,0,False,0,0,0,0,0,0,75%,50%,False,0x00,False,63%,0us,0.000V,0.000V,True,False,Charge Active,v01.23.7357,False,False,0x00,0x00,0x00,0x00,0x00,0x00,0x00,200,13,0,0,0,False,1.0V,0.030,1467mV,1,False,False,v01.20.7357
26-05-30 12:29:57.956151,2902,496,1044,620,240,280,1796,200,True,True,True,True,True,True,True,True,2902,496,1044,620,240,280,1796,200,0,0,0,0,0,0,0,0,WPT Ready,0,0,False,0,0,0,0,0,0,75%,50%,False,0x00,False,63%,0us,0.000V,0.000V,True,False,Charge Active,v01.23.7357,False,False,0x00,0x00,0x00,0x00,0x00,0x00,0x00,200,13,0,0,0,False,1.0V,0.030,1467mV,1,False,False,v01.20.7357
26-05-30 12:29:58.157820,2902,496,1044,620,240,280,1796,200,True,True,True,True,True,True,True,True,2902,496,1044,620,240,280,1796,200,0,0,0,0,0,0,0,0,WPT Ready,0,0,False,0,0,0,0,0,0,75%,50%,False,0x00,False,63%,0us,0.000V,0.000V,True,False,Charge Active,v01.23.7357,False,False,0x00,0x00,0x00,0x00,0x00,0x00,0x00,200,13,0,0,0,False,1.0V,0.030,1467mV,1,False,False,v01.20.7357
26-05-30 12:29:58.365204,2902,496,1044,620,240,280,1796,200,True,True,True,True,True,True,True,True,2902,496,1044,620,240,280,1796,200,0,0,0,0,0,0,0,0,WPT Ready,0,0,False,0,0,0,0,0,0,75%,50%,False,0x00,False,63%,0us,0.000V,0.000V,True,False,Charge Active,v01.23.7357,False,False,0x00,0x00,0x00,0x00,0x00,0x00,0x00,200,13,0,0,0,False,1.0V,0.030,1467mV,1,False,False,v01.20.7357
26-05-30 12:29:58.557971,2902,496,1044,620,240,280,1796,200,True,True,True,True,True,True,True,True,2902,496,1044,620,240,280,1796,200,0,0,0,0,0,0,0,0,WPT Ready,0,0,False,0,0,0,0,0,0,75%,50%,False,0x00,False,63%,0us,0.000V,0.000V,True,False,Charge Active,v01.23.7357,False,False,0x00,0x00,0x00,0x00,0x00,0x00,0x00,200,13,0,0,0,False,1.0V,0.030,1467mV,1,False,False,v01.20.7357
26-05-30 12:29:58.757745,2902,496,1044,620,240,280,1796,200,True,True,True,True,True,True,True,True,2902,496,1044,620,240,280,1796,200,0,0,0,0,0,0,0,0,WPT Ready,0,0,False,0,0,0,0,0,0,75%,50%,False,0x00,False,63%,0us,0.000V,0.000V,True,False,Charge Active,v01.23.7357,False,False,0x00,0x00,0x00,0x00,0x00,0x00,0x00,200,13,0,0,0,False,1.0V,0.030,1467mV,1,False,False,v01.20.7357
26-05-30 12:29:58.957722,2902,496,1044,620,240,280,1796,200,True,True,True,True,True,True,True,True,2902,496,1044,620,240,280,1796,200,0,0,0,0,0,0,0,0,WPT Ready,0,0,False,0,0,0,0,0,0,75%,50%,False,0x00,False,63%,0us,0.000V,0.000V,True,False,Charge Active,v01.23.7357,False,False,0x00,0x00,0x00,0x00,0x00,0x00,0x00,200,13,0,0,0,False,1.0V,0.030,1467mV,1,False,False,v01.20.7357
26-05-30 12:29:59.157956,2902,496,1044,620,240,280,1796,200,True,True,True,True,True,True,True,True,2902,496,1044,620,240,280,1796,200,0,0,0,0,0,0,0,0,WPT Ready,0,0,False,0,0,0,0,0,0,75%,50%,False,0x00,False,63%,0us,0.000V,0.000V,True,False,Charge Active,v01.23.7357,False,False,0x00,0x00,0x00,0x00,0x00,0x00,0x00,200,13,0,0,0,False,1.0V,0.030,1467mV,1,False,False,v01.20.7357
26-05-30 12:29:59.362366,2902,496,1044,620,240,280,1796,200,True,True,True,True,True,True,True,True,2902,496,1044,620,240,280,1796,200,0,0,0,0,0,0,0,0,WPT Ready,0,0,False,0,0,0,0,0,0,75%,50%,False,0x00,False,63%,0us,0.000V,0.000V,True,False,Charge Active,v01.23.7357,False,False,0x00,0x00,0x00,0x00,0x00,0x00,0x00,200,13,0,0,0,False,1.0V,0.030,1467mV,1,False,False,v01.20.7357
26-05-30 12:29:59.559669,2902,496,1044,620,240,280,1796,200,True,True,True,True,True,True,True,True,2902,496,1044,620,240,280,1796,200,0,0,0,0,0,0,0,0,WPT Ready,0,0,False,0,0,0,0,0,0,75%,50%,False,0x00,False,63%,0us,0.000V,0.000V,True,False,Charge Active,v01.23.7357,False,False,0x00,0x00,0x00,0x00,0x00,0x00,0x00,200,13,0,0,0,False,1.0V,0.030,1467mV,1,False,False,v01.20.7357
26-05-30 12:29:59.758567,2902,496,1044,620,240,280,1796,200,True,True,True,True,True,True,True,True,2902,496,1044,620,240,280,1796,200,0,0,0,0,0,0,0,0,WPT Ready,0,0,False,0,0,0,0,0,0,75%,50%,False,0x00,False,63%,0us,0.000V,0.000V,True,False,Charge Active,v01.23.7357,False,False,0x00,0x00,0x00,0x00,0x00,0x00,0x00,200,13,0,0,0,False,1.0V,0.030,1467mV,1,False,False,v01.20.7357
26-05-30 12:29:59.958994,2902,496,1044,620,240,280,1796,200,True,True,True,True,True,True,True,True,2902,496,1044,620,240,280,1796,200,0,0,0,0,0,0,0,0,WPT Ready,0,0,False,0,0,0,0,0,0,75%,50%,False,0x00,False,63%,0us,0.000V,0.000V,True,False,Charge Active,v01.23.7357,False,False,0x00,0x00,0x00,0x00,0x00,0x00,0x00,200,13,0,0,0,False,1.0V,0.030,1467mV,1,False,False,v01.20.7357
26-05-30 12:30:00.158666,2902,496,1044,620,240,280,1796,200,True,True,True,True,True,True,True,True,2902,496,1044,620,240,280,1796,200,0,0,0,0,0,0,0,0,WPT Ready,0,0,False,0,0,0,0,0,0,75%,50%,False,0x00,False,63%,0us,0.000V,0.000V,True,False,Charge Active,v01.23.7357,False,False,0x00,0x00,0x00,0x00,0x00,0x00,0x00,200,13,0,0,0,False,1.0V,0.030,1467mV,1,False,False,v01.20.7357
26-05-30 12:30:00.366789,2902,496,1044,620,240,280,1796,200,True,True,True,True,True,True,True,True,2902,496,1044,620,240,280,1796,200,0,0,0,0,0,0,0,0,WPT Ready,0,0,False,0,0,0,0,0,0,75%,50%,False,0x00,False,63%,0us,0.000V,0.000V,True,False,Charge Active,v01.23.7357,False,False,0x00,0x00,0x00,0x00,0x00,0x00,0x00,200,13,0,0,0,False,1.0V,0.030,1467mV,1,False,False,v01.20.7357
26-05-30 12:30:00.559877,2902,496,1044,620,240,280,1796,200,True,True,True,True,True,True,True,True,2902,496,1044,620,240,280,1796,200,0,0,0,0,0,0,0,0,WPT Ready,0,0,False,0,0,0,0,0,0,75%,50%,False,0x00,False,63%,0us,0.000V,0.000V,True,False,Charge Active,v01.23.7357,False,False,0x00,0x00,0x00,0x00,0x00,0x00,0x00,200,13,0,0,0,False,1.0V,0.030,1467mV,1,False,False,v01.20.7357
26-05-30 12:30:00.761777,2902,496,1044,620,240,280,1796,200,True,True,True,True,True,True,True,True,2902,496,1044,620,240,280,1796,200,0,0,0,0,0,0,0,0,WPT Ready,0,0,False,0,0,0,0,0,0,75%,50%,False,0x00,False,63%,0us,0.000V,0.000V,True,False,Charge Active,v01.23.7357,False,False,0x00,0x00,0x00,0x00,0x00,0x00,0x00,200,13,0,0,0,False,1.0V,0.030,1467mV,1,False,False,v01.20.7357
26-05-30 12:30:00.973080,2902,496,1044,620,240,280,1796,200,True,True,True,True,True,True,True,True,2902,496,1044,620,240,280,1796,200,0,0,0,0,0,0,0,0,WPT Ready,0,0,False,0,0,0,0,0,0,75%,50%,False,0x00,False,63%,0us,0.000V,0.000V,True,False,Charge Active,v01.23.7357,False,False,0x00,0x00,0x00,0x00,0x00,0x00,0x00,200,13,0,0,0,False,1.0V,0.030,1467mV,1,False,False,v01.20.7357
26-05-30 12:30:01.142375,2902,496,1044,620,240,280,1796,200,True,True,True,True,True,True,True,True,2902,496,1044,620,240,280,1796,200,0,0,0,0,0,0,0,0,WPT Ready,0,0,False,0,0,0,0,0,0,75%,50%,False,0x00,False,63%,0us,0.000V,0.000V,True,False,Charge Active,v01.23.7357,False,False,0x00,0x00,0x00,0x00,0x00,0x00,0x00,200,13,0,0,0,False,1.0V,0.030,1467mV,1,False,False,v01.20.7357
26-05-30 12:30:01.375046,2902,496,1044,620,240,280,1796,200,True,True,True,True,True,True,True,True,2902,496,1044,620,240,280,1796,200,0,0,0,0,0,0,0,0,WPT Ready,0,0,False,0,0,0,0,0,0,75%,50%,False,0x00,False,63%,0us,0.000V,0.000V,True,False,Charge Active,v01.23.7357,False,False,0x00,0x00,0x00,0x00,0x00,0x00,0x00,200,13,0,0,0,False,1.0V,0.030,1467mV,1,False,False,v01.20.7357
26-05-30 12:30:01.574137,2902,496,1044,620,240,280,1796,200,True,True,True,True,True,True,True,True,2902,496,1044,620,240,280,1796,200,0,0,0,0,0,0,0,0,WPT Ready,0,0,False,0,0,0,0,0,0,75%,50%,False,0x00,False,63%,0us,0.000V,0.000V,True,False,Charge Active,v01.23.7357,False,False,0x00,0x00,0x00,0x00,0x00,0x00,0x00,200,13,0,0,0,False,1.0V,0.030,1467mV,1,False,False,v01.20.7357
26-05-30 12:30:01.809128,2902,496,1044,620,240,280,1796,200,True,True,True,True,True,True,True,True,2902,496,1044,620,240,280,1796,200,0,0,0,0,0,0,0,0,WPT Ready,0,0,False,0,0,0,0,0,0,75%,50%,False,0x00,False,63%,0us,0.000V,0.000V,True,False,Charge Active,v01.23.7357,False,False,0x00,0x00,0x00,0x00,0x00,0x00,0x00,200,13,0,0,0,False,1.0V,0.030,1467mV,1,False,False,v01.20.7357
26-05-30 12:30:01.970198,2902,496,1044,620,240,280,1796,200,True,True,True,True,True,True,True,True,2902,496,1044,620,240,280,1796,200,0,0,0,0,0,0,0,0,WPT Ready,0,0,False,0,0,0,0,0,0,75%,50%,False,0x00,False,63%,0us,0.000V,0.000V,True,False,Charge Active,v01.23.7357,False,False,0x00,0x00,0x00,0x00,0x00,0x00,0x00,200,13,0,0,0,False,1.0V,0.030,1467mV,1,False,False,v01.20.7357
26-05-30 12:30:02.172961,2902,496,1044,620,240,280,1796,200,True,True,True,True,True,True,True,True,2902,496,1044,620,240,280,1796,200,0,0,0,0,0,0,0,0,WPT Ready,0,0,False,0,0,0,0,0,0,75%,50%,False,0x00,False,63%,0us,0.000V,0.000V,True,False,Charge Active,v01.23.7357,False,False,0x00,0x00,0x00,0x00,0x00,0x00,0x00,200,13,0,0,0,False,1.0V,0.030,1467mV,1,False,False,v01.20.7357
26-05-30 12:30:02.373658,2902,496,1044,620,240,280,1796,200,True,True,True,True,True,True,True,True,2902,496,1044,620,240,280,1796,200,0,0,0,0,0,0,0,0,WPT Ready,0,0,False,0,0,0,0,0,0,75%,50%,False,0x00,False,63%,0us,0.000V,0.000V,True,False,Charge Active,v01.23.7357,False,False,0x00,0x00,0x00,0x00,0x00,0x00,0x00,200,13,0,0,0,False,1.0V,0.030,1467mV,1,False,False,v01.20.7357
26-05-30 12:30:02.582069,2902,496,1044,620,240,280,1796,200,True,True,True,True,True,True,True,True,2902,496,1044,620,240,280,1796,200,0,0,0,0,0,0,0,0,WPT Ready,0,0,False,0,0,0,0,0,0,75%,50%,False,0x00,False,63%,0us,0.000V,0.000V,True,False,Charge Active,v01.23.7357,False,False,0x00,0x00,0x00,0x00,0x00,0x00,0x00,200,13,0,0,0,False,1.0V,0.030,1467mV,1,False,False,v01.20.7357
26-05-30 12:30:02.776497,2902,496,1044,620,240,280,1796,200,True,True,True,True,True,True,True,True,2902,496,1044,620,240,280,1796,200,0,0,0,0,0,0,0,0,WPT Ready,0,0,False,0,0,0,0,0,0,75%,50%,False,0x00,False,63%,0us,0.000V,0.000V,True,False,Charge Active,v01.23.7357,False,False,0x00,0x00,0x00,0x00,0x00,0x00,0x00,200,13,0,0,0,False,1.0V,0.030,1467mV,1,False,False,v01.20.7357
26-05-30 12:30:02.973235,2902,496,1044,620,240,280,1796,200,True,True,True,True,True,True,True,True,2902,496,1044,620,240,280,1796,200,0,0,0,0,0,0,0,0,WPT Ready,0,0,False,0,0,0,0,0,0,75%,50%,False,0x00,False,63%,0us,0.000V,0.000V,True,False,Charge Active,v01.23.7357,False,False,0x00,0x00,0x00,0x00,0x00,0x00,0x00,200,13,0,0,0,False,1.0V,0.030,1467mV,1,False,False,v01.20.7357
26-05-30 12:30:03.147299,2902,496,1044,620,240,280,1796,200,True,True,True,True,True,True,True,True,2902,496,1044,620,240,280,1796,200,0,0,0,0,0,0,0,0,WPT Ready,0,0,False,0,0,0,0,0,0,75%,50%,False,0x00,False,63%,0us,0.000V,0.000V,True,False,Charge Active,v01.23.7357,False,False,0x00,0x00,0x00,0x00,0x00,0x00,0x00,200,13,0,0,0,False,1.0V,0.030,1467mV,1,False,False,v01.20.7357
26-05-30 12:30:03.373115,2902,496,1044,620,240,280,1796,200,True,True,True,True,True,True,True,True,2902,496,1044,620,240,280,1796,200,0,0,0,0,0,0,0,0,WPT Ready,0,0,False,0,0,0,0,0,0,75%,50%,False,0x00,False,63%,0us,0.000V,0.000V,True,False,Charge Active,v01.23.7357,False,False,0x00,0x00,0x00,0x00,0x00,0x00,0x00,200,13,0,0,0,False,1.0V,0.030,1467mV,1,False,False,v01.20.7357
26-05-30 12:30:03.555055,2902,496,1044,620,240,280,1796,200,True,True,True,True,True,True,True,True,2902,496,1044,620,240,280,1796,200,0,0,0,0,0,0,0,0,WPT Ready,0,0,False,0,0,0,0,0,0,75%,50%,False,0x00,False,63%,0us,0.000V,0.000V,True,False,Charge Active,v01.23.7357,False,False,0x00,0x00,0x00,0x00,0x00,0x00,0x00,200,13,0,0,0,False,1.0V,0.030,1467mV,1,False,False,v01.20.7357
26-05-30 12:30:03.780106,2902,496,1044,620,240,280,1796,200,True,True,True,True,True,True,True,True,2902,496,1044,620,240,280,1796,200,0,0,0,0,0,0,0,0,WPT Ready,0,0,False,0,0,0,0,0,0,75%,50%,False,0x00,False,63%,0us,0.000V,0.000V,True,False,Charge Active,v01.23.7357,False,False,0x00,0x00,0x00,0x00,0x00,0x00,0x00,200,13,0,0,0,False,1.0V,0.030,1467mV,1,False,False,v01.20.7357
26-05-30 12:30:03.952492,2902,496,1044,620,240,280,1796,200,True,True,True,True,True,True,True,True,2902,496,1044,620,240,280,1796,200,0,0,0,0,0,0,0,0,WPT Ready,0,0,False,0,0,0,0,0,0,75%,50%,False,0x00,False,63%,0us,0.000V,0.000V,True,False,Charge Active,v01.23.7357,False,False,0x00,0x00,0x00,0x00,0x00,0x00,0x00,200,13,0,0,0,False,1.0V,0.030,1467mV,1,False,False,v01.20.7357
26-05-30 12:30:04.152115,2902,496,1044,620,240,280,1796,200,True,True,True,True,True,True,True,True,2902,496,1044,620,240,280,1796,200,0,0,0,0,0,0,0,0,WPT Ready,0,0,False,0,0,0,0,0,0,75%,50%,False,0x00,False,63%,0us,0.000V,0.000V,True,False,Charge Active,v01.23.7357,False,False,0x00,0x00,0x00,0x00,0x00,0x00,0x00,200,13,0,0,0,False,1.0V,0.030,1467mV,1,False,False,v01.20.7357
26-05-30 12:30:04.352974,2902,496,1044,620,240,280,1796,200,True,True,True,True,True,True,True,True,2902,496,1044,620,240,280,1796,200,0,0,0,0,0,0,0,0,WPT Ready,0,0,False,0,0,0,0,0,0,75%,50%,False,0x00,False,63%,0us,0.000V,0.000V,True,False,Charge Active,v01.23.7357,False,False,0x00,0x00,0x00,0x00,0x00,0x00,0x00,200,13,0,0,0,False,1.0V,0.030,1467mV,1,False,False,v01.20.7357
26-05-30 12:30:04.555184,2902,496,1044,620,240,280,1796,200,True,True,True,True,True,True,True,True,2902,496,1044,620,240,280,1796,200,0,0,0,0,0,0,0,0,WPT Ready,0,0,False,0,0,0,0,0,0,75%,50%,False,0x00,False,63%,0us,0.000V,0.000V,True,False,Charge Active,v01.23.7357,False,False,0x00,0x00,0x00,0x00,0x00,0x00,0x00,200,13,0,0,0,False,1.0V,0.030,1467mV,1,False,False,v01.20.7357
26-05-30 12:30:04.754665,2902,496,1044,620,240,280,1796,200,True,True,True,True,True,True,True,True,2902,496,1044,620,240,280,1796,200,0,0,0,0,0,0,0,0,WPT Ready,0,0,False,0,0,0,0,0,0,75%,50%,False,0x00,False,63%,0us,0.000V,0.000V,True,False,Charge Active,v01.23.7357,False,False,0x00,0x00,0x00,0x00,0x00,0x00,0x00,200,13,0,0,0,False,1.0V,0.030,1467mV,1,False,False,v01.20.7357
26-05-30 12:30:04.959358,2902,496,1044,620,240,280,1796,200,True,True,True,True,True,True,True,True,2902,496,1044,620,240,280,1796,200,0,0,0,0,0,0,0,0,WPT Ready,0,0,False,0,0,0,0,0,0,75%,50%,False,0x00,False,63%,0us,0.000V,0.000V,True,False,Charge Active,v01.23.7357,False,False,0x00,0x00,0x00,0x00,0x00,0x00,0x00,200,13,0,0,0,False,1.0V,0.030,1467mV,1,False,False,v01.20.7357
26-05-30 12:30:05.154557,2902,496,1044,620,240,280,1796,200,True,True,True,True,True,True,True,True,2902,496,1044,620,240,280,1796,200,0,0,0,0,0,0,0,0,WPT Ready,0,0,False,0,0,0,0,0,0,75%,50%,False,0x00,False,63%,0us,0.000V,0.000V,True,False,Charge Active,v01.23.7357,False,False,0x00,0x00,0x00,0x00,0x00,0x00,0x00,200,13,0,0,0,False,1.0V,0.030,1467mV,1,False,False,v01.20.7357
26-05-30 12:30:05.355857,2902,496,1044,620,240,280,1796,200,True,True,True,True,True,True,True,True,2902,496,1044,620,240,280,1796,200,0,0,0,0,0,0,0,0,WPT Ready,0,0,False,0,0,0,0,0,0,75%,50%,False,0x00,False,63%,0us,0.000V,0.000V,True,False,Charge Active,v01.23.7357,False,False,0x00,0x00,0x00,0x00,0x00,0x00,0x00,200,13,0,0,0,False,1.0V,0.030,1467mV,1,False,False,v01.20.7357
26-05-30 12:30:05.556078,2902,496,1044,620,240,280,1796,200,True,True,True,True,True,True,True,True,2902,496,1044,620,240,280,1796,200,0,0,0,0,0,0,0,0,WPT Ready,0,0,False,0,0,0,0,0,0,75%,50%,False,0x00,False,63%,0us,0.000V,0.000V,True,False,Charge Active,v01.23.7357,False,False,0x00,0x00,0x00,0x00,0x00,0x00,0x00,200,13,0,0,0,False,1.0V,0.030,1467mV,1,False,False,v01.20.7357
26-05-30 12:30:05.764733,2902,496,1044,620,240,280,1796,200,True,True,True,True,True,True,True,True,2902,496,1044,620,240,280,1796,200,0,0,0,0,0,0,0,0,WPT Ready,0,0,False,0,0,0,0,0,0,75%,50%,False,0x00,False,63%,0us,0.000V,0.000V,True,False,Charge Active,v01.23.7357,False,False,0x00,0x00,0x00,0x00,0x00,0x00,0x00,200,13,0,0,0,False,1.0V,0.030,1467mV,1,False,False,v01.20.7357
26-05-30 12:30:05.956647,2902,496,1044,620,240,280,1796,200,True,True,True,True,True,True,True,True,2902,496,1044,620,240,280,1796,200,0,0,0,0,0,0,0,0,WPT Ready,0,0,False,0,0,0,0,0,0,75%,50%,False,0x00,False,63%,0us,0.000V,0.000V,True,False,Charge Active,v01.23.7357,False,False,0x00,0x00,0x00,0x00,0x00,0x00,0x00,200,13,0,0,0,False,1.0V,0.030,1467mV,1,False,False,v01.20.7357
26-05-30 12:30:06.156782,2902,496,1044,620,240,280,1796,200,True,True,True,True,True,True,True,True,2902,496,1044,620,240,280,1796,200,0,0,0,0,0,0,0,0,WPT Ready,0,0,False,0,0,0,0,0,0,75%,50%,False,0x00,False,63%,0us,0.000V,0.000V,True,False,Charge Active,v01.23.7357,False,False,0x00,0x00,0x00,0x00,0x00,0x00,0x00,200,13,0,0,0,False,1.0V,0.030,1467mV,1,False,False,v01.20.7357
26-05-30 12:30:06.359676,2902,496,1044,620,240,280,1796,200,True,True,True,True,True,True,True,True,2902,496,1044,620,240,280,1796,200,0,0,0,0,0,0,0,0,WPT Ready,0,0,False,0,0,0,0,0,0,75%,50%,False,0x00,False,63%,0us,0.000V,0.000V,True,False,Charge Active,v01.23.7357,False,False,0x00,0x00,0x00,0x00,0x00,0x00,0x00,200,13,0,0,0,False,1.0V,0.030,1467mV,1,False,False,v01.20.7357
26-05-30 12:30:06.559030,2902,496,1044,620,240,280,1796,200,True,True,True,True,True,True,True,True,2902,496,1044,620,240,280,1796,200,0,0,0,0,0,0,0,0,WPT Ready,0,0,False,0,0,0,0,0,0,75%,50%,False,0x00,False,63%,0us,0.000V,0.000V,True,False,Charge Active,v01.23.7357,False,False,0x00,0x00,0x00,0x00,0x00,0x00,0x00,200,13,0,0,0,False,1.0V,0.030,1467mV,1,False,False,v01.20.7357
26-05-30 12:30:06.760415,2902,496,1044,620,240,280,1796,200,True,True,True,True,True,True,True,True,2902,496,1044,620,240,280,1796,200,0,0,0,0,0,0,0,0,WPT Ready,0,0,False,0,0,0,0,0,0,75%,50%,False,0x00,False,63%,0us,0.000V,0.000V,True,False,Charge Active,v01.23.7357,False,False,0x00,0x00,0x00,0x00,0x00,0x00,0x00,200,13,0,0,0,False,1.0V,0.030,1467mV,1,False,False,v01.20.7357
26-05-30 12:30:06.962140,2902,496,1044,620,240,280,1796,200,True,True,True,True,True,True,True,True,2902,496,1044,620,240,280,1796,200,0,0,0,0,0,0,0,0,WPT Ready,0,0,False,0,0,0,0,0,0,75%,50%,False,0x00,False,63%,0us,0.000V,0.000V,True,False,Charge Active,v01.23.7357,False,False,0x00,0x00,0x00,0x00,0x00,0x00,0x00,200,13,0,0,0,False,1.0V,0.030,1467mV,1,False,False,v01.20.7357
26-05-30 12:30:07.143726,2902,496,1044,620,240,280,1796,200,True,True,True,True,True,True,True,True,2902,496,1044,620,240,280,1796,200,0,0,0,0,0,0,0,0,WPT Ready,0,0,False,0,0,0,0,0,0,75%,50%,False,0x00,False,63%,0us,0.000V,0.000V,True,False,Charge Active,v01.23.7357,False,False,0x00,0x00,0x00,0x00,0x00,0x00,0x00,200,13,0,0,0,False,1.0V,0.030,1467mV,1,False,False,v01.20.7357
26-05-30 12:30:07.362666,2902,496,1044,620,240,280,1796,200,True,True,True,True,True,True,True,True,2902,496,1044,620,240,280,1796,200,0,0,0,0,0,0,0,0,WPT Ready,0,0,False,0,0,0,0,0,0,75%,50%,False,0x00,False,63%,0us,0.000V,0.000V,True,False,Charge Active,v01.23.7357,False,False,0x00,0x00,0x00,0x00,0x00,0x00,0x00,200,13,0,0,0,False,1.0V,0.030,1467mV,1,False,False,v01.20.7357
26-05-30 12:30:07.563106,2902,496,1044,620,240,280,1796,200,True,True,True,True,True,True,True,True,2902,496,1044,620,240,280,1796,200,0,0,0,0,0,0,0,0,WPT Ready,0,0,False,0,0,0,0,0,0,75%,50%,False,0x00,False,63%,0us,0.000V,0.000V,True,False,Charge Active,v01.23.7357,False,False,0x00,0x00,0x00,0x00,0x00,0x00,0x00,200,13,0,0,0,False,1.0V,0.030,1467mV,1,False,False,v01.20.7357
26-05-30 12:30:07.763686,2902,496,1044,620,240,280,1796,200,True,True,True,True,True,True,True,True,2902,496,1044,620,240,280,1796,200,0,0,0,0,0,0,0,0,WPT Ready,0,0,False,0,0,0,0,0,0,75%,50%,False,0x00,False,63%,0us,0.000V,0.000V,True,False,Charge Active,v01.23.7357,False,False,0x00,0x00,0x00,0x00,0x00,0x00,0x00,200,13,0,0,0,False,1.0V,0.030,1467mV,1,False,False,v01.20.7357
26-05-30 12:30:07.963059,2902,496,1044,620,240,280,1796,200,True,True,True,True,True,True,True,True,2902,496,1044,620,240,280,1796,200,0,0,0,0,0,0,0,0,WPT Ready,0,0,False,0,0,0,0,0,0,75%,50%,False,0x00,False,63%,0us,0.000V,0.000V,True,False,Charge Active,v01.23.7357,False,False,0x00,0x00,0x00,0x00,0x00,0x00,0x00,200,13,0,0,0,False,1.0V,0.030,1467mV,1,False,False,v01.20.7357
26-05-30 12:30:08.164129,2902,496,1044,620,240,280,1796,200,True,True,True,True,True,True,True,True,2902,496,1044,620,240,280,1796,200,0,0,0,0,0,0,0,0,WPT Ready,0,0,False,0,0,0,0,0,0,75%,50%,False,0x00,False,63%,0us,0.000V,0.000V,True,False,Charge Active,v01.23.7357,False,False,0x00,0x00,0x00,0x00,0x00,0x00,0x00,200,13,0,0,0,False,1.0V,0.030,1467mV,1,False,False,v01.20.7357
26-05-30 12:30:08.363486,2902,496,1044,620,240,280,1796,200,True,True,True,True,True,True,True,True,2902,496,1044,620,240,280,1796,200,0,0,0,0,0,0,0,0,WPT Ready,0,0,False,0,0,0,0,0,0,75%,50%,False,0x00,False,63%,0us,0.000V,0.000V,True,False,Charge Active,v01.23.7357,False,False,0x00,0x00,0x00,0x00,0x00,0x00,0x00,200,13,0,0,0,False,1.0V,0.030,1467mV,1,False,False,v01.20.7357
26-05-30 12:30:08.545874,2902,496,1044,620,240,280,1796,200,True,True,True,True,True,True,True,True,2902,496,1044,620,240,280,1796,200,0,0,0,0,0,0,0,0,WPT Ready,0,0,False,0,0,0,0,0,0,75%,50%,False,0x00,False,63%,0us,0.000V,0.000V,True,False,Charge Active,v01.23.7357,False,False,0x00,0x00,0x00,0x00,0x00,0x00,0x00,200,13,0,0,0,False,1.0V,0.030,1467mV,1,False,False,v01.20.7357
26-05-30 12:30:08.767119,2902,496,1044,620,240,280,1796,200,True,True,True,True,True,True,True,True,2902,496,1044,620,240,280,1796,200,0,0,0,0,0,0,0,0,WPT Ready,0,0,False,0,0,0,0,0,0,75%,50%,False,0x00,False,63%,0us,0.000V,0.000V,True,False,Charge Active,v01.23.7357,False,False,0x00,0x00,0x00,0x00,0x00,0x00,0x00,200,13,0,0,0,False,1.0V,0.030,1467mV,1,False,False,v01.20.7357
26-05-30 12:30:08.941734,2902,496,1044,620,240,280,1796,200,True,True,True,True,True,True,True,True,2902,496,1044,620,240,280,1796,200,0,0,0,0,0,0,0,0,WPT Ready,0,0,False,0,0,0,0,0,0,75%,50%,False,0x00,False,63%,0us,0.000V,0.000V,True,False,Charge Active,v01.23.7357,False,False,0x00,0x00,0x00,0x00,0x00,0x00,0x00,200,13,0,0,0,False,1.0V,0.030,1467mV,1,False,False,v01.20.7357
26-05-30 12:30:09.144480,2902,496,1044,620,240,280,1796,200,True,True,True,True,True,True,True,True,2902,496,1044,620,240,280,1796,200,0,0,0,0,0,0,0,0,WPT Ready,0,0,False,0,0,0,0,0,0,75%,50%,False,0x00,False,63%,0us,0.000V,0.000V,True,False,Charge Active,v01.23.7357,False,False,0x00,0x00,0x00,0x00,0x00,0x00,0x00,200,13,0,0,0,False,1.0V,0.030,1467mV,1,False,False,v01.20.7357
26-05-30 12:30:09.374930,2902,496,1044,620,240,280,1796,200,True,True,True,True,True,True,True,True,2902,496,1044,620,240,280,1796,200,0,0,0,0,0,0,0,0,WPT Ready,0,0,False,0,0,0,0,0,0,75%,50%,False,0x00,False,63%,0us,0.000V,0.000V,True,False,Charge Active,v01.23.7357,False,False,0x00,0x00,0x00,0x00,0x00,0x00,0x00,200,13,0,0,0,False,1.0V,0.030,1467mV,1,False,False,v01.20.7357
26-05-30 12:30:09.549555,2902,496,1044,620,240,280,1796,200,True,True,True,True,True,True,True,True,2902,496,1044,620,240,280,1796,200,0,0,0,0,0,0,0,0,WPT Ready,0,0,False,0,0,0,0,0,0,75%,50%,False,0x00,False,63%,0us,0.000V,0.000V,True,False,Charge Active,v01.23.7357,False,False,0x00,0x00,0x00,0x00,0x00,0x00,0x00,200,13,0,0,0,False,1.0V,0.030,1467mV,1,False,False,v01.20.7357
26-05-30 12:30:09.744836,2902,496,1044,620,240,280,1796,200,True,True,True,True,True,True,True,True,2902,496,1044,620,240,280,1796,200,0,0,0,0,0,0,0,0,WPT Ready,0,0,False,0,0,0,0,0,0,75%,50%,False,0x00,False,63%,0us,0.000V,0.000V,True,False,Charge Active,v01.23.7357,False,False,0x00,0x00,0x00,0x00,0x00,0x00,0x00,200,13,0,0,0,False,1.0V,0.030,1467mV,1,False,False,v01.20.7357
26-05-30 12:30:09.971272,2902,496,1044,620,240,280,1796,200,True,True,True,True,True,True,True,True,2902,496,1044,620,240,280,1796,200,0,0,0,0,0,0,0,0,WPT Ready,0,0,False,0,0,0,0,0,0,75%,50%,False,0x00,False,63%,0us,0.000V,0.000V,True,False,Charge Active,v01.23.7357,False,False,0x00,0x00,0x00,0x00,0x00,0x00,0x00,200,13,0,0,0,False,1.0V,0.030,1467mV,1,False,False,v01.20.7357
26-05-30 12:30:10.145716,2902,496,1044,620,240,280,1796,200,True,True,True,True,True,True,True,True,2902,496,1044,620,240,280,1796,200,0,0,0,0,0,0,0,0,WPT Ready,0,0,False,0,0,0,0,0,0,75%,50%,False,0x00,False,63%,0us,0.000V,0.000V,True,False,Charge Active,v01.23.7357,False,False,0x00,0x00,0x00,0x00,0x00,0x00,0x00,200,13,0,0,0,False,1.0V,0.030,1467mV,1,False,False,v01.20.7357
26-05-30 12:30:10.349447,2902,496,1044,620,240,280,1796,200,True,True,True,True,True,True,True,True,2902,496,1044,620,240,280,1796,200,0,0,0,0,0,0,0,0,WPT Ready,0,0,False,0,0,0,0,0,0,75%,50%,False,0x00,False,63%,0us,0.000V,0.000V,True,False,Charge Active,v01.23.7357,False,False,0x00,0x00,0x00,0x00,0x00,0x00,0x00,200,13,0,0,0,False,1.0V,0.030,1467mV,1,False,False,v01.20.7357
26-05-30 12:30:10.576456,2902,496,1044,620,240,280,1796,200,True,True,True,True,True,True,True,True,2902,496,1044,620,240,280,1796,200,0,0,0,0,0,0,0,0,WPT Ready,0,0,False,0,0,0,0,0,0,75%,50%,False,0x00,False,63%,0us,0.000V,0.000V,True,False,Charge Active,v01.23.7357,False,False,0x00,0x00,0x00,0x00,0x00,0x00,0x00,200,13,0,0,0,False,1.0V,0.030,1467mV,1,False,False,v01.20.7357
26-05-30 12:30:10.752016,2902,496,1044,620,240,280,1796,200,True,True,True,True,True,True,True,True,2902,496,1044,620,240,280,1796,200,0,0,0,0,0,0,0,0,WPT Ready,0,0,False,0,0,0,0,0,0,75%,50%,False,0x00,False,63%,0us,0.000V,0.000V,True,False,Charge Active,v01.23.7357,False,False,0x00,0x00,0x00,0x00,0x00,0x00,0x00,200,13,0,0,0,False,1.0V,0.030,1467mV,1,False,False,v01.20.7357
26-05-30 12:30:10.952792,2902,496,1044,620,240,280,1796,200,True,True,True,True,True,True,True,True,2902,496,1044,620,240,280,1796,200,0,0,0,0,0,0,0,0,WPT Ready,0,0,False,0,0,0,0,0,0,75%,50%,False,0x00,False,63%,0us,0.000V,0.000V,True,False,Charge Active,v01.23.7357,False,False,0x00,0x00,0x00,0x00,0x00,0x00,0x00,200,13,0,0,0,False,1.0V,0.030,1467mV,1,False,False,v01.20.7357
26-05-30 12:30:11.177953,2902,496,1044,620,240,280,1796,200,True,True,True,True,True,True,True,True,2902,496,1044,620,240,280,1796,200,0,0,0,0,0,0,0,0,WPT Ready,0,0,False,0,0,0,0,0,0,75%,50%,False,0x00,False,63%,0us,0.000V,0.000V,True,False,Charge Active,v01.23.7357,False,False,0x00,0x00,0x00,0x00,0x00,0x00,0x00,200,13,0,0,0,False,1.0V,0.030,1467mV,1,False,False,v01.20.7357
26-05-30 12:30:11.356012,2902,496,1044,620,240,280,1796,200,True,True,True,True,True,True,True,True,2902,496,1044,620,240,280,1796,200,0,0,0,0,0,0,0,0,WPT Ready,0,0,False,0,0,0,0,0,0,75%,50%,False,0x00,False,63%,0us,0.000V,0.000V,True,False,Charge Active,v01.23.7357,False,False,0x00,0x00,0x00,0x00,0x00,0x00,0x00,200,13,0,0,0,False,1.0V,0.030,1467mV,1,False,False,v01.20.7357
26-05-30 12:30:11.554654,2902,496,1044,620,240,280,1796,200,True,True,True,True,True,True,True,True,2902,496,1044,620,240,280,1796,200,0,0,0,0,0,0,0,0,WPT Ready,0,0,False,0,0,0,0,0,0,75%,50%,False,0x00,False,63%,0us,0.000V,0.000V,True,False,Charge Active,v01.23.7357,False,False,0x00,0x00,0x00,0x00,0x00,0x00,0x00,200,13,0,0,0,False,1.0V,0.030,1467mV,1,False,False,v01.20.7357
26-05-30 12:30:11.781463,2902,496,1044,620,240,280,1796,200,True,True,True,True,True,True,True,True,2902,496,1044,620,240,280,1796,200,0,0,0,0,0,0,0,0,WPT Ready,0,0,False,0,0,0,0,0,0,75%,50%,False,0x00,False,63%,0us,0.000V,0.000V,True,False,Charge Active,v01.23.7357,False,False,0x00,0x00,0x00,0x00,0x00,0x00,0x00,200,13,0,0,0,False,1.0V,0.030,1467mV,1,False,False,v01.20.7357
26-05-30 12:30:11.959754,2902,496,1044,620,240,280,1796,200,True,True,True,True,True,True,True,True,2902,496,1044,620,240,280,1796,200,0,0,0,0,0,0,0,0,WPT Ready,0,0,False,0,0,0,0,0,0,75%,50%,False,0x00,False,63%,0us,0.000V,0.000V,True,False,Charge Active,v01.23.7357,False,False,0x00,0x00,0x00,0x00,0x00,0x00,0x00,200,13,0,0,0,False,1.0V,0.030,1467mV,1,False,False,v01.20.7357
26-05-30 12:30:12.157211,2902,496,1044,620,240,280,1796,200,True,True,True,True,True,True,True,True,2902,496,1044,620,240,280,1796,200,0,0,0,0,0,0,0,0,WPT Ready,0,0,False,0,0,0,0,0,0,75%,50%,False,0x00,False,63%,0us,0.000V,0.000V,True,False,Charge Active,v01.23.7357,False,False,0x00,0x00,0x00,0x00,0x00,0x00,0x00,200,13,0,0,0,False,1.0V,0.030,1467mV,1,False,False,v01.20.7357
26-05-30 12:30:12.384671,2902,496,1044,620,240,280,1796,200,True,True,True,True,True,True,True,True,2902,496,1044,620,240,280,1796,200,0,0,0,0,0,0,0,0,WPT Ready,0,0,False,0,0,0,0,0,0,75%,50%,False,0x00,False,63%,0us,0.000V,0.000V,True,False,Charge Active,v01.23.7357,False,False,0x00,0x00,0x00,0x00,0x00,0x00,0x00,200,13,0,0,0,False,1.0V,0.030,1467mV,1,False,False,v01.20.7357
26-05-30 12:30:12.566771,2902,496,1044,620,240,280,1796,200,True,True,True,True,True,True,True,True,2902,496,1044,620,240,280,1796,200,0,0,0,0,0,0,0,0,WPT Ready,0,0,False,0,0,0,0,0,0,75%,50%,False,0x00,False,63%,0us,0.000V,0.000V,True,False,Charge Active,v01.23.7357,False,False,0x00,0x00,0x00,0x00,0x00,0x00,0x00,200,13,0,0,0,False,1.0V,0.030,1467mV,1,False,False,v01.20.7357
26-05-30 12:30:12.764305,2902,496,1044,620,240,280,1796,200,True,True,True,True,True,True,True,True,2902,496,1044,620,240,280,1796,200,0,0,0,0,0,0,0,0,WPT Ready,0,0,False,0,0,0,0,0,0,75%,50%,False,0x00,False,63%,0us,0.000V,0.000V,True,False,Charge Active,v01.23.7357,False,False,0x00,0x00,0x00,0x00,0x00,0x00,0x00,200,13,0,0,0,False,1.0V,0.030,1467mV,1,False,False,v01.20.7357
26-05-30 12:30:12.963631,2902,496,1044,620,240,280,1796,200,True,True,True,True,True,True,True,True,2902,496,1044,620,240,280,1796,200,0,0,0,0,0,0,0,0,WPT Ready,0,0,False,0,0,0,0,0,0,75%,50%,False,0x00,False,63%,0us,0.000V,0.000V,True,False,Charge Active,v01.23.7357,False,False,0x00,0x00,0x00,0x00,0x00,0x00,0x00,200,13,0,0,0,False,1.0V,0.030,1467mV,1,False,False,v01.20.7357
26-05-30 12:30:13.150415,2902,496,1044,620,240,280,1796,200,True,True,True,True,True,True,True,True,2902,496,1044,620,240,280,1796,200,0,0,0,0,0,0,0,0,WPT Ready,0,0,False,0,0,0,0,0,0,75%,50%,False,0x00,False,63%,0us,0.000V,0.000V,True,False,Charge Active,v01.23.7357,False,False,0x00,0x00,0x00,0x00,0x00,0x00,0x00,200,13,0,0,0,False,1.0V,0.030,1467mV,1,False,False,v01.20.7357
26-05-30 12:30:13.365251,2902,496,1044,620,240,280,1796,200,True,True,True,True,True,True,True,True,2902,496,1044,620,240,280,1796,200,0,0,0,0,0,0,0,0,WPT Ready,0,0,False,0,0,0,0,0,0,75%,50%,False,0x00,False,63%,0us,0.000V,0.000V,True,False,Charge Active,v01.23.7357,False,False,0x00,0x00,0x00,0x00,0x00,0x00,0x00,200,13,0,0,0,False,1.0V,0.030,1467mV,1,False,False,v01.20.7357
26-05-30 12:30:13.548639,2902,496,1044,620,240,280,1796,200,True,True,True,True,True,True,True,True,2902,496,1044,620,240,280,1796,200,0,0,0,0,0,0,0,0,WPT Ready,0,0,False,0,0,0,0,0,0,75%,50%,False,0x00,False,63%,0us,0.000V,0.000V,True,False,Charge Active,v01.23.7357,False,False,0x00,0x00,0x00,0x00,0x00,0x00,0x00,200,13,0,0,0,False,1.0V,0.030,1467mV,1,False,False,v01.20.7357
26-05-30 12:30:13.751887,2902,496,1044,620,240,280,1796,200,True,True,True,True,True,True,True,True,2902,496,1044,620,240,280,1796,200,0,0,0,0,0,0,0,0,WPT Ready,0,0,False,0,0,0,0,0,0,75%,50%,False,0x00,False,63%,0us,0.000V,0.000V,True,False,Charge Active,v01.23.7357,False,False,0x00,0x00,0x00,0x00,0x00,0x00,0x00,200,13,0,0,0,False,1.0V,0.030,1467mV,1,False,False,v01.20.7357
26-05-30 12:30:13.951227,2902,496,1044,620,240,280,1796,200,True,True,True,True,True,True,True,True,2902,496,1044,620,240,280,1796,200,0,0,0,0,0,0,0,0,WPT Ready,0,0,False,0,0,0,0,0,0,75%,50%,False,0x00,False,63%,0us,0.000V,0.000V,True,False,Charge Active,v01.23.7357,False,False,0x00,0x00,0x00,0x00,0x00,0x00,0x00,200,13,0,0,0,False,1.0V,0.030,1467mV,1,False,False,v01.20.7357
26-05-30 12:30:14.154317,2902,496,1044,620,240,280,1796,200,True,True,True,True,True,True,True,True,2902,496,1044,620,240,280,1796,200,0,0,0,0,0,0,0,0,WPT Ready,0,0,False,0,0,0,0,0,0,75%,50%,False,0x00,False,63%,0us,0.000V,0.000V,True,False,Charge Active,v01.23.7357,False,False,0x00,0x00,0x00,0x00,0x00,0x00,0x00,200,13,0,0,0,False,1.0V,0.030,1467mV,1,False,False,v01.20.7357
26-05-30 12:30:14.350589,2902,496,1044,620,240,280,1796,200,True,True,True,True,True,True,True,True,2902,496,1044,620,240,280,1796,200,0,0,0,0,0,0,0,0,WPT Ready,0,0,False,0,0,0,0,0,0,75%,50%,False,0x00,False,63%,0us,0.000V,0.000V,True,False,Charge Active,v01.23.7357,False,False,0x00,0x00,0x00,0x00,0x00,0x00,0x00,200,13,0,0,0,False,1.0V,0.030,1467mV,1,False,False,v01.20.7357
26-05-30 12:30:14.560376,2902,496,1044,620,240,280,1796,200,True,True,True,True,True,True,True,True,2902,496,1044,620,240,280,1796,200,0,0,0,0,0,0,0,0,WPT Ready,0,0,False,0,0,0,0,0,0,75%,50%,False,0x00,False,63%,0us,0.000V,0.000V,True,False,Charge Active,v01.23.7357,False,False,0x00,0x00,0x00,0x00,0x00,0x00,0x00,200,13,0,0,0,False,1.0V,0.030,1467mV,1,False,False,v01.20.7357
26-05-30 12:30:14.755894,2902,496,1044,620,240,280,1796,200,True,True,True,True,True,True,True,True,2902,496,1044,620,240,280,1796,200,0,0,0,0,0,0,0,0,WPT Ready,0,0,False,0,0,0,0,0,0,75%,50%,False,0x00,False,63%,0us,0.000V,0.000V,True,False,Charge Active,v01.23.7357,False,False,0x00,0x00,0x00,0x00,0x00,0x00,0x00,200,13,0,0,0,False,1.0V,0.030,1467mV,1,False,False,v01.20.7357
26-05-30 12:30:14.952086,2902,496,1044,620,240,280,1796,200,True,True,True,True,True,True,True,True,2902,496,1044,620,240,280,1796,200,0,0,0,0,0,0,0,0,WPT Ready,0,0,False,0,0,0,0,0,0,75%,50%,False,0x00,False,63%,0us,0.000V,0.000V,True,False,Charge Active,v01.23.7357,False,False,0x00,0x00,0x00,0x00,0x00,0x00,0x00,200,13,0,0,0,False,1.0V,0.030,1467mV,1,False,False,v01.20.7357
26-05-30 12:30:15.156561,2902,496,1044,620,240,280,1796,200,True,True,True,True,True,True,True,True,2902,496,1044,620,240,280,1796,200,0,0,0,0,0,0,0,0,WPT Ready,0,0,False,0,0,0,0,0,0,75%,50%,False,0x00,False,63%,0us,0.000V,0.000V,True,False,Charge Active,v01.23.7357,False,False,0x00,0x00,0x00,0x00,0x00,0x00,0x00,200,13,0,0,0,False,1.0V,0.030,1467mV,1,False,False,v01.20.7357
26-05-30 12:30:15.357804,2902,496,1044,620,240,280,1796,200,True,True,True,True,True,True,True,True,2902,496,1044,620,240,280,1796,200,0,0,0,0,0,0,0,0,WPT Ready,0,0,False,0,0,0,0,0,0,75%,50%,False,0x00,False,63%,0us,0.000V,0.000V,True,False,Charge Active,v01.23.7357,False,False,0x00,0x00,0x00,0x00,0x00,0x00,0x00,200,13,0,0,0,False,1.0V,0.030,1467mV,1,False,False,v01.20.7357
26-05-30 12:30:15.554319,2902,496,1044,620,240,280,1796,200,True,True,True,True,True,True,True,True,2902,496,1044,620,240,280,1796,200,0,0,0,0,0,0,0,0,WPT Ready,0,0,False,0,0,0,0,0,0,75%,50%,False,0x00,False,63%,0us,0.000V,0.000V,True,False,Charge Active,v01.23.7357,False,False,0x00,0x00,0x00,0x00,0x00,0x00,0x00,200,13,0,0,0,False,1.0V,0.030,1467mV,1,False,False,v01.20.7357
26-05-30 12:30:15.764363,2902,496,1044,620,240,280,1796,200,True,True,True,True,True,True,True,True,2902,496,1044,620,240,280,1796,200,0,0,0,0,0,0,0,0,WPT Ready,0,0,False,0,0,0,0,0,0,75%,50%,False,0x00,False,63%,0us,0.000V,0.000V,True,False,Charge Active,v01.23.7357,False,False,0x00,0x00,0x00,0x00,0x00,0x00,0x00,200,13,0,0,0,False,1.0V,0.030,1467mV,1,False,False,v01.20.7357
26-05-30 12:30:15.955170,2902,496,1044,620,240,280,1796,200,True,True,True,True,True,True,True,True,2902,496,1044,620,240,280,1796,200,0,0,0,0,0,0,0,0,WPT Ready,0,0,False,0,0,0,0,0,0,75%,50%,False,0x00,False,63%,0us,0.000V,0.000V,True,False,Charge Active,v01.23.7357,False,False,0x00,0x00,0x00,0x00,0x00,0x00,0x00,200,13,0,0,0,False,1.0V,0.030,1467mV,1,False,False,v01.20.7357
26-05-30 12:30:16.156300,2902,496,1044,620,240,280,1796,200,True,True,True,True,True,True,True,True,2902,496,1044,620,240,280,1796,200,0,0,0,0,0,0,0,0,WPT Ready,0,0,False,0,0,0,0,0,0,75%,50%,False,0x00,False,63%,0us,0.000V,0.000V,True,False,Charge Active,v01.23.7357,False,False,0x00,0x00,0x00,0x00,0x00,0x00,0x00,200,13,0,0,0,False,1.0V,0.030,1467mV,1,False,False,v01.20.7357
26-05-30 12:30:16.358532,2902,496,1044,620,240,280,1796,200,True,True,True,True,True,True,True,True,2902,496,1044,620,240,280,1796,200,0,0,0,0,0,0,0,0,WPT Ready,0,0,False,0,0,0,0,0,0,75%,50%,False,0x00,False,63%,0us,0.000V,0.000V,True,False,Charge Active,v01.23.7357,False,False,0x00,0x00,0x00,0x00,0x00,0x00,0x00,200,13,0,0,0,False,1.0V,0.030,1467mV,1,False,False,v01.20.7357
26-05-30 12:30:16.559383,2902,496,1044,620,240,280,1796,200,True,True,True,True,True,True,True,True,2902,496,1044,620,240,280,1796,200,0,0,0,0,0,0,0,0,WPT Ready,0,0,False,0,0,0,0,0,0,75%,50%,False,0x00,False,63%,0us,0.000V,0.000V,True,False,Charge Active,v01.23.7357,False,False,0x00,0x00,0x00,0x00,0x00,0x00,0x00,200,13,0,0,0,False,1.0V,0.030,1467mV,1,False,False,v01.20.7357
26-05-30 12:30:16.759600,2902,496,1044,620,240,280,1796,200,True,True,True,True,True,True,True,True,2902,496,1044,620,240,280,1796,200,0,0,0,0,0,0,0,0,WPT Ready,0,0,False,0,0,0,0,0,0,75%,50%,False,0x00,False,63%,0us,0.000V,0.000V,True,False,Charge Active,v01.23.7357,False,False,0x00,0x00,0x00,0x00,0x00,0x00,0x00,200,13,0,0,0,False,1.0V,0.030,1467mV,1,False,False,v01.20.7357
26-05-30 12:30:16.958385,2902,496,1044,620,240,280,1796,200,True,True,True,True,True,True,True,True,2902,496,1044,620,240,280,1796,200,0,0,0,0,0,0,0,0,WPT Ready,0,0,False,0,0,0,0,0,0,75%,50%,False,0x00,False,63%,0us,0.000V,0.000V,True,False,Charge Active,v01.23.7357,False,False,0x00,0x00,0x00,0x00,0x00,0x00,0x00,200,13,0,0,0,False,1.0V,0.030,1467mV,1,False,False,v01.20.7357
26-05-30 12:30:17.159347,2902,496,1044,620,240,280,1796,200,True,True,True,True,True,True,True,True,2902,496,1044,620,240,280,1796,200,0,0,0,0,0,0,0,0,WPT Ready,0,0,False,0,0,0,0,0,0,75%,50%,False,0x00,False,63%,0us,0.000V,0.000V,True,False,Charge Active,v01.23.7357,False,False,0x00,0x00,0x00,0x00,0x00,0x00,0x00,200,13,0,0,0,False,1.0V,0.030,1467mV,1,False,False,v01.20.7357
26-05-30 12:30:17.360260,2902,496,1044,620,240,280,1796,200,True,True,True,True,True,True,True,True,2902,496,1044,620,240,280,1796,200,0,0,0,0,0,0,0,0,WPT Ready,0,0,False,0,0,0,0,0,0,75%,50%,False,0x00,False,63%,0us,0.000V,0.000V,True,False,Charge Active,v01.23.7357,False,False,0x00,0x00,0x00,0x00,0x00,0x00,0x00,200,13,0,0,0,False,1.0V,0.030,1467mV,1,False,False,v01.20.7357
26-05-30 12:30:17.559015,2902,496,1044,620,240,280,1796,200,True,True,True,True,True,True,True,True,2902,496,1044,620,240,280,1796,200,0,0,0,0,0,0,0,0,WPT Ready,0,0,False,0,0,0,0,0,0,75%,50%,False,0x00,False,63%,0us,0.000V,0.000V,True,False,Charge Active,v01.23.7357,False,False,0x00,0x00,0x00,0x00,0x00,0x00,0x00,200,13,0,0,0,False,1.0V,0.030,1467mV,1,False,False,v01.20.7357
26-05-30 12:30:17.761263,2902,496,1044,620,240,280,1796,200,True,True,True,True,True,True,True,True,2902,496,1044,620,240,280,1796,200,0,0,0,0,0,0,0,0,WPT Ready,0,0,False,0,0,0,0,0,0,75%,50%,False,0x00,False,63%,0us,0.000V,0.000V,True,False,Charge Active,v01.23.7357,False,False,0x00,0x00,0x00,0x00,0x00,0x00,0x00,200,13,0,0,0,False,1.0V,0.030,1467mV,1,False,False,v01.20.7357
26-05-30 12:30:17.966844,2902,496,1044,620,240,280,1796,200,True,True,True,True,True,True,True,True,2902,496,1044,620,240,280,1796,200,0,0,0,0,0,0,0,0,WPT Ready,0,0,False,0,0,0,0,0,0,75%,50%,False,0x00,False,63%,0us,0.000V,0.000V,True,False,Charge Active,v01.23.7357,False,False,0x00,0x00,0x00,0x00,0x00,0x00,0x00,200,13,0,0,0,False,1.0V,0.030,1467mV,1,False,False,v01.20.7357
26-05-30 12:30:18.159726,2902,496,1044,620,240,280,1796,200,True,True,True,True,True,True,True,True,2902,496,1044,620,240,280,1796,200,0,0,0,0,0,0,0,0,WPT Ready,0,0,False,0,0,0,0,0,0,75%,50%,False,0x00,False,63%,0us,0.000V,0.000V,True,False,Charge Active,v01.23.7357,False,False,0x00,0x00,0x00,0x00,0x00,0x00,0x00,200,13,0,0,0,False,1.0V,0.030,1467mV,1,False,False,v01.20.7357
26-05-30 12:30:18.358705,2902,496,1044,620,240,280,1796,200,True,True,True,True,True,True,True,True,2902,496,1044,620,240,280,1796,200,0,0,0,0,0,0,0,0,WPT Ready,0,0,False,0,0,0,0,0,0,75%,50%,False,0x00,False,63%,0us,0.000V,0.000V,True,False,Charge Active,v01.23.7357,False,False,0x00,0x00,0x00,0x00,0x00,0x00,0x00,200,13,0,0,0,False,1.0V,0.030,1467mV,1,False,False,v01.20.7357
26-05-30 12:30:18.559212,2902,496,1044,620,240,280,1796,200,True,True,True,True,True,True,True,True,2902,496,1044,620,240,280,1796,200,0,0,0,0,0,0,0,0,WPT Ready,0,0,False,0,0,0,0,0,0,75%,50%,False,0x00,False,63%,0us,0.000V,0.000V,True,False,Charge Active,v01.23.7357,False,False,0x00,0x00,0x00,0x00,0x00,0x00,0x00,200,13,0,0,0,False,1.0V,0.030,1467mV,1,False,False,v01.20.7357
26-05-30 12:30:18.765966,2902,496,1044,620,240,280,1796,200,True,True,True,True,True,True,True,True,2902,496,1044,620,240,280,1796,200,0,0,0,0,0,0,0,0,WPT Ready,0,0,False,0,0,0,0,0,0,75%,50%,False,0x00,False,63%,0us,0.000V,0.000V,True,False,Charge Active,v01.23.7357,False,False,0x00,0x00,0x00,0x00,0x00,0x00,0x00,200,13,0,0,0,False,1.0V,0.030,1467mV,1,False,False,v01.20.7357
26-05-30 12:30:18.959050,2902,496,1044,620,240,280,1796,200,True,True,True,True,True,True,True,True,2902,496,1044,620,240,280,1796,200,0,0,0,0,0,0,0,0,WPT Ready,0,0,False,0,0,0,0,0,0,75%,50%,False,0x00,False,63%,0us,0.000V,0.000V,True,False,Charge Active,v01.23.7357,False,False,0x00,0x00,0x00,0x00,0x00,0x00,0x00,200,13,0,0,0,False,1.0V,0.030,1467mV,1,False,False,v01.20.7357
26-05-30 12:30:19.159894,2902,496,1044,620,240,280,1796,200,True,True,True,True,True,True,True,True,2902,496,1044,620,240,280,1796,200,0,0,0,0,0,0,0,0,WPT Ready,0,0,False,0,0,0,0,0,0,75%,50%,False,0x00,False,63%,0us,0.000V,0.000V,True,False,Charge Active,v01.23.7357,False,False,0x00,0x00,0x00,0x00,0x00,0x00,0x00,200,13,0,0,0,False,1.0V,0.030,1467mV,1,False,False,v01.20.7357
26-05-30 12:30:19.360813,2902,496,1044,620,240,280,1796,200,True,True,True,True,True,True,True,True,2902,496,1044,620,240,280,1796,200,0,0,0,0,0,0,0,0,WPT Ready,0,0,False,0,0,0,0,0,0,75%,50%,False,0x00,False,63%,0us,0.000V,0.000V,True,False,Charge Active,v01.23.7357,False,False,0x00,0x00,0x00,0x00,0x00,0x00,0x00,200,13,0,0,0,False,1.0V,0.030,1467mV,1,False,False,v01.20.7357
26-05-30 12:30:19.560407,2902,496,1044,620,240,280,1796,200,True,True,True,True,True,True,True,True,2902,496,1044,620,240,280,1796,200,0,0,0,0,0,0,0,0,WPT Ready,0,0,False,0,0,0,0,0,0,75%,50%,False,0x00,False,63%,0us,0.000V,0.000V,True,False,Charge Active,v01.23.7357,False,False,0x00,0x00,0x00,0x00,0x00,0x00,0x00,200,13,0,0,0,False,1.0V,0.030,1467mV,1,False,False,v01.20.7357
26-05-30 12:30:19.764260,2902,496,1044,620,240,280,1796,200,True,True,True,True,True,True,True,True,2902,496,1044,620,240,280,1796,200,0,0,0,0,0,0,0,0,WPT Ready,0,0,False,0,0,0,0,0,0,75%,50%,False,0x00,False,63%,0us,0.000V,0.000V,True,False,Charge Active,v01.23.7357,False,False,0x00,0x00,0x00,0x00,0x00,0x00,0x00,200,13,0,0,0,False,1.0V,0.030,1467mV,1,False,False,v01.20.7357
26-05-30 12:30:19.959709,2902,496,1044,620,240,280,1796,200,True,True,True,True,True,True,True,True,2902,496,1044,620,240,280,1796,200,0,0,0,0,0,0,0,0,WPT Ready,0,0,False,0,0,0,0,0,0,75%,50%,False,0x00,False,63%,0us,0.000V,0.000V,True,False,Charge Active,v01.23.7357,False,False,0x00,0x00,0x00,0x00,0x00,0x00,0x00,200,13,0,0,0,False,1.0V,0.030,1467mV,1,False,False,v01.20.7357
26-05-30 12:30:20.163671,2902,496,1044,620,240,280,1796,200,True,True,True,True,True,True,True,True,2902,496,1044,620,240,280,1796,200,0,0,0,0,0,0,0,0,WPT Ready,0,0,False,0,0,0,0,0,0,75%,50%,False,0x00,False,63%,0us,0.000V,0.000V,True,False,Charge Active,v01.23.7357,False,False,0x00,0x00,0x00,0x00,0x00,0x00,0x00,200,13,0,0,0,False,1.0V,0.030,1467mV,1,False,False,v01.20.7357
26-05-30 12:30:20.363306,2902,496,1044,620,240,280,1796,200,True,True,True,True,True,True,True,True,2902,496,1044,620,240,280,1796,200,0,0,0,0,0,0,0,0,WPT Ready,0,0,False,0,0,0,0,0,0,75%,50%,False,0x00,False,63%,0us,0.000V,0.000V,True,False,Charge Active,v01.23.7357,False,False,0x00,0x00,0x00,0x00,0x00,0x00,0x00,200,13,0,0,0,False,1.0V,0.030,1467mV,1,False,False,v01.20.7357
26-05-30 12:30:20.563731,2902,496,1044,620,240,280,1796,200,True,True,True,True,True,True,True,True,2902,496,1044,620,240,280,1796,200,0,0,0,0,0,0,0,0,WPT Ready,0,0,False,0,0,0,0,0,0,75%,50%,False,0x00,False,63%,0us,0.000V,0.000V,True,False,Charge Active,v01.23.7357,False,False,0x00,0x00,0x00,0x00,0x00,0x00,0x00,200,13,0,0,0,False,1.0V,0.030,1467mV,1,False,False,v01.20.7357
26-05-30 12:30:20.770277,2902,496,1044,620,240,280,1796,200,True,True,True,True,True,True,True,True,2902,496,1044,620,240,280,1796,200,0,0,0,0,0,0,0,0,WPT Ready,0,0,False,0,0,0,0,0,0,75%,50%,False,0x00,False,63%,0us,0.000V,0.000V,True,False,Charge Active,v01.23.7357,False,False,0x00,0x00,0x00,0x00,0x00,0x00,0x00,200,13,0,0,0,False,1.0V,0.030,1467mV,1,False,False,v01.20.7357
26-05-30 12:30:20.940429,2902,496,1044,620,240,280,1796,200,True,True,True,True,True,True,True,True,2902,496,1044,620,240,280,1796,200,0,0,0,0,0,0,0,0,WPT Ready,0,0,False,0,0,0,0,0,0,75%,50%,False,0x00,False,63%,0us,0.000V,0.000V,True,False,Charge Active,v01.23.7357,False,False,0x00,0x00,0x00,0x00,0x00,0x00,0x00,200,13,0,0,0,False,1.0V,0.030,1467mV,1,False,False,v01.20.7357
26-05-30 12:30:21.172622,2902,496,1044,620,240,280,1796,200,True,True,True,True,True,True,True,True,2902,496,1044,620,240,280,1796,200,0,0,0,0,0,0,0,0,WPT Ready,0,0,False,0,0,0,0,0,0,75%,50%,False,0x00,False,63%,0us,0.000V,0.000V,True,False,Charge Active,v01.23.7357,False,False,0x00,0x00,0x00,0x00,0x00,0x00,0x00,200,13,0,0,0,False,1.0V,0.030,1467mV,1,False,False,v01.20.7357
26-05-30 12:30:21.370438,2902,496,1044,620,240,280,1796,200,True,True,True,True,True,True,True,True,2902,496,1044,620,240,280,1796,200,0,0,0,0,0,0,0,0,WPT Ready,0,0,False,0,0,0,0,0,0,75%,50%,False,0x00,False,63%,0us,0.000V,0.000V,True,False,Charge Active,v01.23.7357,False,False,0x00,0x00,0x00,0x00,0x00,0x00,0x00,200,13,0,0,0,False,1.0V,0.030,1467mV,1,False,False,v01.20.7357
26-05-30 12:30:21.541095,2902,496,1044,620,240,280,1796,200,True,True,True,True,True,True,True,True,2902,496,1044,620,240,280,1796,200,0,0,0,0,0,0,0,0,WPT Ready,0,0,False,0,0,0,0,0,0,75%,50%,False,0x00,False,63%,0us,0.000V,0.000V,True,False,Charge Active,v01.23.7357,False,False,0x00,0x00,0x00,0x00,0x00,0x00,0x00,200,13,0,0,0,False,1.0V,0.030,1467mV,1,False,False,v01.20.7357
26-05-30 12:30:21.743668,2902,496,1044,620,240,280,1796,200,True,True,True,True,True,True,True,True,2902,496,1044,620,240,280,1796,200,0,0,0,0,0,0,0,0,WPT Ready,0,0,False,0,0,0,0,0,0,75%,50%,False,0x00,False,63%,0us,0.000V,0.000V,True,False,Charge Active,v01.23.7357,False,False,0x00,0x00,0x00,0x00,0x00,0x00,0x00,200,13,0,0,0,False,1.0V,0.030,1467mV,1,False,False,v01.20.7357
26-05-30 12:30:21.948340,2902,496,1044,620,240,280,1796,200,True,True,True,True,True,True,True,True,2902,496,1044,620,240,280,1796,200,0,0,0,0,0,0,0,0,WPT Ready,0,0,False,0,0,0,0,0,0,75%,50%,False,0x00,False,63%,0us,0.000V,0.000V,True,False,Charge Active,v01.23.7357,False,False,0x00,0x00,0x00,0x00,0x00,0x00,0x00,200,13,0,0,0,False,1.0V,0.030,1467mV,1,False,False,v01.20.7357
26-05-30 12:30:22.140039,2902,496,1044,620,240,280,1796,200,True,True,True,True,True,True,True,True,2902,496,1044,620,240,280,1796,200,0,0,0,0,0,0,0,0,WPT Ready,0,0,False,0,0,0,0,0,0,75%,50%,False,0x00,False,63%,0us,0.000V,0.000V,True,False,Charge Active,v01.23.7357,False,False,0x00,0x00,0x00,0x00,0x00,0x00,0x00,200,13,0,0,0,False,1.0V,0.030,1467mV,1,False,False,v01.20.7357
26-05-30 12:30:22.351296,2902,496,1044,620,240,280,1796,200,True,True,True,True,True,True,True,True,2902,496,1044,620,240,280,1796,200,0,0,0,0,0,0,0,0,WPT Ready,0,0,False,0,0,0,0,0,0,75%,50%,False,0x00,False,63%,0us,0.000V,0.000V,True,False,Charge Active,v01.23.7357,False,False,0x00,0x00,0x00,0x00,0x00,0x00,0x00,200,13,0,0,0,False,1.0V,0.030,1467mV,1,False,False,v01.20.7357
26-05-30 12:30:22.545199,2902,496,1044,620,240,280,1796,200,True,True,True,True,True,True,True,True,2902,496,1044,620,240,280,1796,200,0,0,0,0,0,0,0,0,WPT Ready,0,0,False,0,0,0,0,0,0,75%,50%,False,0x00,False,63%,0us,0.000V,0.000V,True,False,Charge Active,v01.23.7357,False,False,0x00,0x00,0x00,0x00,0x00,0x00,0x00,200,13,0,0,0,False,1.0V,0.030,1467mV,1,False,False,v01.20.7357
26-05-30 12:30:22.743887,2902,496,1044,620,240,280,1796,200,True,True,True,True,True,True,True,True,2902,496,1044,620,240,280,1796,200,0,0,0,0,0,0,0,0,WPT Ready,0,0,False,0,0,0,0,0,0,75%,50%,False,0x00,False,63%,0us,0.000V,0.000V,True,False,Charge Active,v01.23.7357,False,False,0x00,0x00,0x00,0x00,0x00,0x00,0x00,200,13,0,0,0,False,1.0V,0.030,1467mV,1,False,False,v01.20.7357
26-05-30 12:30:22.944662,2902,496,1044,620,240,280,1796,200,True,True,True,True,True,True,True,True,2902,496,1044,620,240,280,1796,200,0,0,0,0,0,0,0,0,WPT Ready,0,0,False,0,0,0,0,0,0,75%,50%,False,0x00,False,63%,0us,0.000V,0.000V,True,False,Charge Active,v01.23.7357,False,False,0x00,0x00,0x00,0x00,0x00,0x00,0x00,200,13,0,0,0,False,1.0V,0.030,1467mV,1,False,False,v01.20.7357
26-05-30 12:30:23.145226,2902,496,1044,620,240,280,1796,200,True,True,True,True,True,True,True,True,2902,496,1044,620,240,280,1796,200,0,0,0,0,0,0,0,0,WPT Ready,0,0,False,0,0,0,0,0,0,75%,50%,False,0x00,False,63%,0us,0.000V,0.000V,True,False,Charge Active,v01.23.7357,False,False,0x00,0x00,0x00,0x00,0x00,0x00,0x00,200,13,0,0,0,False,1.0V,0.030,1467mV,1,False,False,v01.20.7357
26-05-30 12:30:23.347652,2902,496,1044,620,240,280,1796,200,True,True,True,True,True,True,True,True,2902,496,1044,620,240,280,1796,200,0,0,0,0,0,0,0,0,WPT Ready,0,0,False,0,0,0,0,0,0,75%,50%,False,0x00,False,63%,0us,0.000V,0.000V,True,False,Charge Active,v01.23.7357,False,False,0x00,0x00,0x00,0x00,0x00,0x00,0x00,200,13,0,0,0,False,1.0V,0.030,1467mV,1,False,False,v01.20.7357
26-05-30 12:30:23.551198,2902,496,1044,620,240,280,1796,200,True,True,True,True,True,True,True,True,2902,496,1044,620,240,280,1796,200,0,0,0,0,0,0,0,0,WPT Ready,0,0,False,0,0,0,0,0,0,75%,50%,False,0x00,False,63%,0us,0.000V,0.000V,True,False,Charge Active,v01.23.7357,False,False,0x00,0x00,0x00,0x00,0x00,0x00,0x00,200,13,0,0,0,False,1.0V,0.030,1467mV,1,False,False,v01.20.7357
26-05-30 12:30:23.747385,2902,496,1044,620,240,280,1796,200,True,True,True,True,True,True,True,True,2902,496,1044,620,240,280,1796,200,0,0,0,0,0,0,0,0,WPT Ready,0,0,False,0,0,0,0,0,0,75%,50%,False,0x00,False,63%,0us,0.000V,0.000V,True,False,Charge Active,v01.23.7357,False,False,0x00,0x00,0x00,0x00,0x00,0x00,0x00,200,13,0,0,0,False,1.0V,0.030,1467mV,1,False,False,v01.20.7357
26-05-30 12:30:23.957524,2902,496,1044,620,240,280,1796,200,True,True,True,True,True,True,True,True,2902,496,1044,620,240,280,1796,200,0,0,0,0,0,0,0,0,WPT Ready,0,0,False,0,0,0,0,0,0,75%,50%,False,0x00,False,63%,0us,0.000V,0.000V,True,False,Charge Active,v01.23.7357,False,False,0x00,0x00,0x00,0x00,0x00,0x00,0x00,200,13,0,0,0,False,1.0V,0.030,1467mV,1,False,False,v01.20.7357
26-05-30 12:30:24.159662,2902,496,1044,620,240,280,1796,200,True,True,True,True,True,True,True,True,2902,496,1044,620,240,280,1796,200,0,0,0,0,0,0,0,0,WPT Ready,0,0,False,0,0,0,0,0,0,75%,50%,False,0x00,False,63%,0us,0.000V,0.000V,True,False,Charge Active,v01.23.7357,False,False,0x00,0x00,0x00,0x00,0x00,0x00,0x00,200,13,0,0,0,False,1.0V,0.030,1467mV,1,False,False,v01.20.7357
26-05-30 12:30:24.361371,2902,496,1044,620,240,280,1796,200,True,True,True,True,True,True,True,True,2902,496,1044,620,240,280,1796,200,0,0,0,0,0,0,0,0,WPT Ready,0,0,False,0,0,0,0,0,0,75%,50%,False,0x00,False,63%,0us,0.000V,0.000V,True,False,Charge Active,v01.23.7357,False,False,0x00,0x00,0x00,0x00,0x00,0x00,0x00,200,13,0,0,0,False,1.0V,0.030,1467mV,1,False,False,v01.20.7357
26-05-30 12:30:24.546148,2902,496,1044,620,240,280,1796,200,True,True,True,True,True,True,True,True,2902,496,1044,620,240,280,1796,200,0,0,0,0,0,0,0,0,WPT Ready,0,0,False,0,0,0,0,0,0,75%,50%,False,0x00,False,63%,0us,0.000V,0.000V,True,False,Charge Active,v01.23.7357,False,False,0x00,0x00,0x00,0x00,0x00,0x00,0x00,200,13,0,0,0,False,1.0V,0.030,1467mV,1,False,False,v01.20.7357
26-05-30 12:30:24.764958,2902,496,1044,620,240,280,1796,200,True,True,True,True,True,True,True,True,2902,496,1044,620,240,280,1796,200,0,0,0,0,0,0,0,0,WPT Ready,0,0,False,0,0,0,0,0,0,75%,50%,False,0x00,False,63%,0us,0.000V,0.000V,True,False,Charge Active,v01.23.7357,False,False,0x00,0x00,0x00,0x00,0x00,0x00,0x00,200,13,0,0,0,False,1.0V,0.030,1467mV,1,False,False,v01.20.7357
26-05-30 12:30:24.959998,2902,496,1044,620,240,280,1796,200,True,True,True,True,True,True,True,True,2902,496,1044,620,240,280,1796,200,0,0,0,0,0,0,0,0,WPT Ready,0,0,False,0,0,0,0,0,0,75%,50%,False,0x00,False,63%,0us,0.000V,0.000V,True,False,Charge Active,v01.23.7357,False,False,0x00,0x00,0x00,0x00,0x00,0x00,0x00,200,13,0,0,0,False,1.0V,0.030,1467mV,1,False,False,v01.20.7357
26-05-30 12:30:25.158731,2902,496,1044,620,240,280,1796,200,True,True,True,True,True,True,True,True,2902,496,1044,620,240,280,1796,200,0,0,0,0,0,0,0,0,WPT Ready,0,0,False,0,0,0,0,0,0,75%,50%,False,0x00,False,63%,0us,0.000V,0.000V,True,False,Charge Active,v01.23.7357,False,False,0x00,0x00,0x00,0x00,0x00,0x00,0x00,200,13,0,0,0,False,1.0V,0.030,1467mV,1,False,False,v01.20.7357
26-05-30 12:30:25.346734,2902,496,1044,620,240,280,1796,200,True,True,True,True,True,True,True,True,2902,496,1044,620,240,280,1796,200,0,0,0,0,0,0,0,0,WPT Ready,0,0,False,0,0,0,0,0,0,75%,50%,False,0x00,False,63%,0us,0.000V,0.000V,True,False,Charge Active,v01.23.7357,False,False,0x00,0x00,0x00,0x00,0x00,0x00,0x00,200,13,0,0,0,False,1.0V,0.030,1467mV,1,False,False,v01.20.7357
26-05-30 12:30:25.562348,2902,496,1044,620,240,280,1796,200,True,True,True,True,True,True,True,True,2902,496,1044,620,240,280,1796,200,0,0,0,0,0,0,0,0,WPT Ready,0,0,False,0,0,0,0,0,0,75%,50%,False,0x00,False,63%,0us,0.000V,0.000V,True,False,Charge Active,v01.23.7357,False,False,0x00,0x00,0x00,0x00,0x00,0x00,0x00,200,13,0,0,0,False,1.0V,0.030,1467mV,1,False,False,v01.20.7357
26-05-30 12:30:25.748780,2902,496,1044,620,240,280,1796,200,True,True,True,True,True,True,True,True,2902,496,1044,620,240,280,1796,200,0,0,0,0,0,0,0,0,WPT Ready,0,0,False,0,0,0,0,0,0,75%,50%,False,0x00,False,63%,0us,0.000V,0.000V,True,False,Charge Active,v01.23.7357,False,False,0x00,0x00,0x00,0x00,0x00,0x00,0x00,200,13,0,0,0,False,1.0V,0.030,1467mV,1,False,False,v01.20.7357
26-05-30 12:30:25.948578,2902,496,1044,620,240,280,1796,200,True,True,True,True,True,True,True,True,2902,496,1044,620,240,280,1796,200,0,0,0,0,0,0,0,0,WPT Ready,0,0,False,0,0,0,0,0,0,75%,50%,False,0x00,False,63%,0us,0.000V,0.000V,True,False,Charge Active,v01.23.7357,False,False,0x00,0x00,0x00,0x00,0x00,0x00,0x00,200,13,0,0,0,False,1.0V,0.030,1467mV,1,False,False,v01.20.7357
26-05-30 12:30:26.153850,2902,496,1044,620,240,280,1796,200,True,True,True,True,True,True,True,True,2902,496,1044,620,240,280,1796,200,0,0,0,0,0,0,0,0,WPT Ready,0,0,False,0,0,0,0,0,0,75%,50%,False,0x00,False,63%,0us,0.000V,0.000V,True,False,Charge Active,v01.23.7357,False,False,0x00,0x00,0x00,0x00,0x00,0x00,0x00,200,13,0,0,0,False,1.0V,0.030,1467mV,1,False,False,v01.20.7357
26-05-30 12:30:26.354777,2902,496,1044,620,240,280,1796,200,True,True,True,True,True,True,True,True,2902,496,1044,620,240,280,1796,200,0,0,0,0,0,0,0,0,WPT Ready,0,0,False,0,0,0,0,0,0,75%,50%,False,0x00,False,63%,0us,0.000V,0.000V,True,False,Charge Active,v01.23.7357,False,False,0x00,0x00,0x00,0x00,0x00,0x00,0x00,200,13,0,0,0,False,1.0V,0.030,1467mV,1,False,False,v01.20.7357
26-05-30 12:30:26.558486,2902,496,1044,620,240,280,1796,200,True,True,True,True,True,True,True,True,2902,496,1044,620,240,280,1796,200,0,0,0,0,0,0,0,0,WPT Ready,0,0,False,0,0,0,0,0,0,75%,50%,False,0x00,False,63%,0us,0.000V,0.000V,True,False,Charge Active,v01.23.7357,False,False,0x00,0x00,0x00,0x00,0x00,0x00,0x00,200,13,0,0,0,False,1.0V,0.030,1467mV,1,False,False,v01.20.7357
26-05-30 12:30:26.757734,2902,496,1044,620,240,280,1796,200,True,True,True,True,True,True,True,True,2902,496,1044,620,240,280,1796,200,0,0,0,0,0,0,0,0,WPT Ready,0,0,False,0,0,0,0,0,0,75%,50%,False,0x00,False,63%,0us,0.000V,0.000V,True,False,Charge Active,v01.23.7357,False,False,0x00,0x00,0x00,0x00,0x00,0x00,0x00,200,13,0,0,0,False,1.0V,0.030,1467mV,1,False,False,v01.20.7357
26-05-30 12:30:26.955154,2902,496,1044,620,240,280,1796,200,True,True,True,True,True,True,True,True,2902,496,1044,620,240,280,1796,200,0,0,0,0,0,0,0,0,WPT Ready,0,0,False,0,0,0,0,0,0,75%,50%,False,0x00,False,63%,0us,0.000V,0.000V,True,False,Charge Active,v01.23.7357,False,False,0x00,0x00,0x00,0x00,0x00,0x00,0x00,200,13,0,0,0,False,1.0V,0.030,1467mV,1,False,False,v01.20.7357
26-05-30 12:30:27.143685,2902,496,1044,620,240,280,1796,200,True,True,True,True,True,True,True,True,2902,496,1044,620,240,280,1796,200,0,0,0,0,0,0,0,0,WPT Ready,0,0,False,0,0,0,0,0,0,75%,50%,False,0x00,False,63%,0us,0.000V,0.000V,True,False,Charge Active,v01.23.7357,False,False,0x00,0x00,0x00,0x00,0x00,0x00,0x00,200,13,0,0,0,False,1.0V,0.030,1467mV,1,False,False,v01.20.7357
26-05-30 12:30:27.342166,2902,496,1044,620,240,280,1796,200,True,True,True,True,True,True,True,True,2902,496,1044,620,240,280,1796,200,0,0,0,0,0,0,0,0,WPT Ready,0,0,False,0,0,0,0,0,0,75%,50%,False,0x00,False,63%,0us,0.000V,0.000V,True,False,Charge Active,v01.23.7357,False,False,0x00,0x00,0x00,0x00,0x00,0x00,0x00,200,13,0,0,0,False,1.0V,0.030,1467mV,1,False,False,v01.20.7357
26-05-30 12:30:27.539691,2902,496,1044,620,240,280,1796,200,True,True,True,True,True,True,True,True,2902,496,1044,620,240,280,1796,200,0,0,0,0,0,0,0,0,WPT Ready,0,0,False,0,0,0,0,0,0,75%,50%,False,0x00,False,63%,0us,0.000V,0.000V,True,False,Charge Active,v01.23.7357,False,False,0x00,0x00,0x00,0x00,0x00,0x00,0x00,200,13,0,0,0,False,1.0V,0.030,1467mV,1,False,False,v01.20.7357
26-05-30 12:30:27.762744,2902,496,1044,620,240,280,1796,200,True,True,True,True,True,True,True,True,2902,496,1044,620,240,280,1796,200,0,0,0,0,0,0,0,0,WPT Ready,0,0,False,0,0,0,0,0,0,75%,50%,False,0x00,False,63%,0us,0.000V,0.000V,True,False,Charge Active,v01.23.7357,False,False,0x00,0x00,0x00,0x00,0x00,0x00,0x00,200,13,0,0,0,False,1.0V,0.030,1467mV,1,False,False,v01.20.7357
26-05-30 12:30:27.958081,2902,496,1044,620,240,280,1796,200,True,True,True,True,True,True,True,True,2902,496,1044,620,240,280,1796,200,0,0,0,0,0,0,0,0,WPT Ready,0,0,False,0,0,0,0,0,0,75%,50%,False,0x00,False,63%,0us,0.000V,0.000V,True,False,Charge Active,v01.23.7357,False,False,0x00,0x00,0x00,0x00,0x00,0x00,0x00,200,13,0,0,0,False,1.0V,0.030,1467mV,1,False,False,v01.20.7357
26-05-30 12:30:28.150225,2902,496,1044,620,240,280,1796,200,True,True,True,True,True,True,True,True,2902,496,1044,620,240,280,1796,200,0,0,0,0,0,0,0,0,WPT Ready,0,0,False,0,0,0,0,0,0,75%,50%,False,0x00,False,63%,0us,0.000V,0.000V,True,False,Charge Active,v01.23.7357,False,False,0x00,0x00,0x00,0x00,0x00,0x00,0x00,200,13,0,0,0,False,1.0V,0.030,1467mV,1,False,False,v01.20.7357
26-05-30 12:30:28.356134,2902,496,1044,620,240,280,1796,200,True,True,True,True,True,True,True,True,2902,496,1044,620,240,280,1796,200,0,0,0,0,0,0,0,0,WPT Ready,0,0,False,0,0,0,0,0,0,75%,50%,False,0x00,False,63%,0us,0.000V,0.000V,True,False,Charge Active,v01.23.7357,False,False,0x00,0x00,0x00,0x00,0x00,0x00,0x00,200,13,0,0,0,False,1.0V,0.030,1467mV,1,False,False,v01.20.7357
26-05-30 12:30:28.553817,2902,496,1044,620,240,280,1796,200,True,True,True,True,True,True,True,True,2902,496,1044,620,240,280,1796,200,0,0,0,0,0,0,0,0,WPT Ready,0,0,False,0,0,0,0,0,0,75%,50%,False,0x00,False,63%,0us,0.000V,0.000V,True,False,Charge Active,v01.23.7357,False,False,0x00,0x00,0x00,0x00,0x00,0x00,0x00,200,13,0,0,0,False,1.0V,0.030,1467mV,1,False,False,v01.20.7357
26-05-30 12:30:28.754874,2902,496,1044,620,240,280,1796,200,True,True,True,True,True,True,True,True,2902,496,1044,620,240,280,1796,200,0,0,0,0,0,0,0,0,WPT Ready,0,0,False,0,0,0,0,0,0,75%,50%,False,0x00,False,63%,0us,0.000V,0.000V,True,False,Charge Active,v01.23.7357,False,False,0x00,0x00,0x00,0x00,0x00,0x00,0x00,200,13,0,0,0,False,1.0V,0.030,1467mV,1,False,False,v01.20.7357
26-05-30 12:30:28.954110,2902,496,1044,620,240,280,1796,200,True,True,True,True,True,True,True,True,2902,496,1044,620,240,280,1796,200,0,0,0,0,0,0,0,0,WPT Ready,0,0,False,0,0,0,0,0,0,75%,50%,False,0x00,False,63%,0us,0.000V,0.000V,True,False,Charge Active,v01.23.7357,False,False,0x00,0x00,0x00,0x00,0x00,0x00,0x00,200,13,0,0,0,False,1.0V,0.030,1467mV,1,False,False,v01.20.7357
26-05-30 12:30:29.152961,2902,496,1044,620,240,280,1796,200,True,True,True,True,True,True,True,True,2902,496,1044,620,240,280,1796,200,0,0,0,0,0,0,0,0,WPT Ready,0,0,False,0,0,0,0,0,0,75%,50%,False,0x00,False,63%,0us,0.000V,0.000V,True,False,Charge Active,v01.23.7357,False,False,0x00,0x00,0x00,0x00,0x00,0x00,0x00,200,13,0,0,0,False,1.0V,0.030,1467mV,1,False,False,v01.20.7357
26-05-30 12:30:29.350663,2902,496,1044,620,240,280,1796,200,True,True,True,True,True,True,True,True,2902,496,1044,620,240,280,1796,200,0,0,0,0,0,0,0,0,WPT Ready,0,0,False,0,0,0,0,0,0,75%,50%,False,0x00,False,63%,0us,0.000V,0.000V,True,False,Charge Active,v01.23.7357,False,False,0x00,0x00,0x00,0x00,0x00,0x00,0x00,200,13,0,0,0,False,1.0V,0.030,1467mV,1,False,False,v01.20.7357
26-05-30 12:30:29.551497,2902,496,1044,620,240,280,1796,200,True,True,True,True,True,True,True,True,2902,496,1044,620,240,280,1796,200,0,0,0,0,0,0,0,0,WPT Ready,0,0,False,0,0,0,0,0,0,75%,50%,False,0x00,False,63%,0us,0.000V,0.000V,True,False,Charge Active,v01.23.7357,False,False,0x00,0x00,0x00,0x00,0x00,0x00,0x00,200,13,0,0,0,False,1.0V,0.030,1467mV,1,False,False,v01.20.7357
26-05-30 12:30:29.752324,2902,496,1044,620,240,280,1796,200,True,True,True,True,True,True,True,True,2902,496,1044,620,240,280,1796,200,0,0,0,0,0,0,0,0,WPT Ready,0,0,False,0,0,0,0,0,0,75%,50%,False,0x00,False,63%,0us,0.000V,0.000V,True,False,Charge Active,v01.23.7357,False,False,0x00,0x00,0x00,0x00,0x00,0x00,0x00,200,13,0,0,0,False,1.0V,0.030,1467mV,1,False,False,v01.20.7357
26-05-30 12:30:29.959694,2902,496,1044,620,240,280,1796,200,True,True,True,True,True,True,True,True,2902,496,1044,620,240,280,1796,200,0,0,0,0,0,0,0,0,WPT Ready,0,0,False,0,0,0,0,0,0,75%,50%,False,0x00,False,63%,0us,0.000V,0.000V,True,False,Charge Active,v01.23.7357,False,False,0x00,0x00,0x00,0x00,0x00,0x00,0x00,200,13,0,0,0,False,1.0V,0.030,1467mV,1,False,False,v01.20.7357
26-05-30 12:30:30.155662,2902,496,1044,620,240,280,1796,200,True,True,True,True,True,True,True,True,2902,496,1044,620,240,280,1796,200,0,0,0,0,0,0,0,0,WPT Ready,0,0,False,0,0,0,0,0,0,75%,50%,False,0x00,False,63%,0us,0.000V,0.000V,True,False,Charge Active,v01.23.7357,False,False,0x00,0x00,0x00,0x00,0x00,0x00,0x00,200,13,0,0,0,False,1.0V,0.030,1467mV,1,False,False,v01.20.7357
26-05-30 12:30:30.354420,2902,496,1044,620,240,280,1796,200,True,True,True,True,True,True,True,True,2902,496,1044,620,240,280,1796,200,0,0,0,0,0,0,0,0,WPT Ready,0,0,False,0,0,0,0,0,0,75%,50%,False,0x00,False,63%,0us,0.000V,0.000V,True,False,Charge Active,v01.23.7357,False,False,0x00,0x00,0x00,0x00,0x00,0x00,0x00,200,13,0,0,0,False,1.0V,0.030,1467mV,1,False,False,v01.20.7357
26-05-30 12:30:30.556550,2902,496,1044,620,240,280,1796,200,True,True,True,True,True,True,True,True,2902,496,1044,620,240,280,1796,200,0,0,0,0,0,0,0,0,WPT Ready,0,0,False,0,0,0,0,0,0,75%,50%,False,0x00,False,63%,0us,0.000V,0.000V,True,False,Charge Active,v01.23.7357,False,False,0x00,0x00,0x00,0x00,0x00,0x00,0x00,200,13,0,0,0,False,1.0V,0.030,1467mV,1,False,False,v01.20.7357
26-05-30 12:30:30.757662,2902,496,1044,620,240,280,1796,200,True,True,True,True,True,True,True,True,2902,496,1044,620,240,280,1796,200,0,0,0,0,0,0,0,0,WPT Ready,0,0,False,0,0,0,0,0,0,75%,50%,False,0x00,False,63%,0us,0.000V,0.000V,True,False,Charge Active,v01.23.7357,False,False,0x00,0x00,0x00,0x00,0x00,0x00,0x00,200,13,0,0,0,False,1.0V,0.030,1467mV,1,False,False,v01.20.7357
26-05-30 12:30:30.954294,2902,496,1044,620,240,280,1796,200,True,True,True,True,True,True,True,True,2902,496,1044,620,240,280,1796,200,0,0,0,0,0,0,0,0,WPT Ready,0,0,False,0,0,0,0,0,0,75%,50%,False,0x00,False,63%,0us,0.000V,0.000V,True,False,Charge Active,v01.23.7357,False,False,0x00,0x00,0x00,0x00,0x00,0x00,0x00,200,13,0,0,0,False,1.0V,0.030,1467mV,1,False,False,v01.20.7357
26-05-30 12:30:31.157507,2902,496,1044,620,240,280,1796,200,True,True,True,True,True,True,True,True,2902,496,1044,620,240,280,1796,200,0,0,0,0,0,0,0,0,WPT Ready,0,0,False,0,0,0,0,0,0,75%,50%,False,0x00,False,63%,0us,0.000V,0.000V,True,False,Charge Active,v01.23.7357,False,False,0x00,0x00,0x00,0x00,0x00,0x00,0x00,200,13,0,0,0,False,1.0V,0.030,1467mV,1,False,False,v01.20.7357
26-05-30 12:30:31.364421,2902,496,1044,620,240,280,1796,200,True,True,True,True,True,True,True,True,2902,496,1044,620,240,280,1796,200,0,0,0,0,0,0,0,0,WPT Ready,0,0,False,0,0,0,0,0,0,75%,50%,False,0x00,False,63%,0us,0.000V,0.000V,True,False,Charge Active,v01.23.7357,False,False,0x00,0x00,0x00,0x00,0x00,0x00,0x00,200,13,0,0,0,False,1.0V,0.030,1467mV,1,False,False,v01.20.7357
26-05-30 12:30:31.559552,2902,496,1044,620,240,280,1796,200,True,True,True,True,True,True,True,True,2902,496,1044,620,240,280,1796,200,0,0,0,0,0,0,0,0,WPT Ready,0,0,False,0,0,0,0,0,0,75%,50%,False,0x00,False,63%,0us,0.000V,0.000V,True,False,Charge Active,v01.23.7357,False,False,0x00,0x00,0x00,0x00,0x00,0x00,0x00,200,13,0,0,0,False,1.0V,0.030,1467mV,1,False,False,v01.20.7357
26-05-30 12:30:31.761672,2902,496,1044,620,240,280,1796,200,True,True,True,True,True,True,True,True,2902,496,1044,620,240,280,1796,200,0,0,0,0,0,0,0,0,WPT Ready,0,0,False,0,0,0,0,0,0,75%,50%,False,0x00,False,63%,0us,0.000V,0.000V,True,False,Charge Active,v01.23.7357,False,False,0x00,0x00,0x00,0x00,0x00,0x00,0x00,200,13,0,0,0,False,1.0V,0.030,1467mV,1,False,False,v01.20.7357
26-05-30 12:30:31.969075,2902,496,1044,620,240,280,1796,200,True,True,True,True,True,True,True,True,2902,496,1044,620,240,280,1796,200,0,0,0,0,0,0,0,0,WPT Ready,0,0,False,0,0,0,0,0,0,75%,50%,False,0x00,False,63%,0us,0.000V,0.000V,True,False,Charge Active,v01.23.7357,False,False,0x00,0x00,0x00,0x00,0x00,0x00,0x00,200,13,0,0,0,False,1.0V,0.030,1467mV,1,False,False,v01.20.7357
26-05-30 12:30:32.159078,2902,496,1044,620,240,280,1796,200,True,True,True,True,True,True,True,True,2902,496,1044,620,240,280,1796,200,0,0,0,0,0,0,0,0,WPT Ready,0,0,False,0,0,0,0,0,0,75%,50%,False,0x00,False,63%,0us,0.000V,0.000V,True,False,Charge Active,v01.23.7357,False,False,0x00,0x00,0x00,0x00,0x00,0x00,0x00,200,13,0,0,0,False,1.0V,0.030,1467mV,1,False,False,v01.20.7357
26-05-30 12:30:32.360244,2902,496,1044,620,240,280,1796,200,True,True,True,True,True,True,True,True,2902,496,1044,620,240,280,1796,200,0,0,0,0,0,0,0,0,WPT Ready,0,0,False,0,0,0,0,0,0,75%,50%,False,0x00,False,63%,0us,0.000V,0.000V,True,False,Charge Active,v01.23.7357,False,False,0x00,0x00,0x00,0x00,0x00,0x00,0x00,200,13,0,0,0,False,1.0V,0.030,1467mV,1,False,False,v01.20.7357
26-05-30 12:30:32.580966,2902,496,1044,620,240,280,1796,200,True,True,True,True,True,True,True,True,2902,496,1044,620,240,280,1796,200,0,0,0,0,0,0,0,0,WPT Ready,0,0,False,0,0,0,0,0,0,75%,50%,False,0x00,False,63%,0us,0.000V,0.000V,True,False,Charge Active,v01.23.7357,False,False,0x00,0x00,0x00,0x00,0x00,0x00,0x00,200,13,0,0,0,False,1.0V,0.030,1467mV,1,False,False,v01.20.7357
26-05-30 12:30:32.759555,2902,496,1044,620,240,280,1796,200,True,True,True,True,True,True,True,True,2902,496,1044,620,240,280,1796,200,0,0,0,0,0,0,0,0,WPT Ready,0,0,False,0,0,0,0,0,0,75%,50%,False,0x00,False,63%,0us,0.000V,0.000V,True,False,Charge Active,v01.23.7357,False,False,0x00,0x00,0x00,0x00,0x00,0x00,0x00,200,13,0,0,0,False,1.0V,0.030,1467mV,1,False,False,v01.20.7357
26-05-30 12:30:32.940590,2902,496,1044,620,240,280,1796,200,True,True,True,True,True,True,True,True,2902,496,1044,620,240,280,1796,200,0,0,0,0,0,0,0,0,WPT Ready,0,0,False,0,0,0,0,0,0,75%,50%,False,0x00,False,63%,0us,0.000V,0.000V,True,False,Charge Active,v01.23.7357,False,False,0x00,0x00,0x00,0x00,0x00,0x00,0x00,200,13,0,0,0,False,1.0V,0.030,1467mV,1,False,False,v01.20.7357
26-05-30 12:30:33.163598,2902,496,1044,620,240,280,1796,200,True,True,True,True,True,True,True,True,2902,496,1044,620,240,280,1796,200,0,0,0,0,0,0,0,0,WPT Ready,0,0,False,0,0,0,0,0,0,75%,50%,False,0x00,False,63%,0us,0.000V,0.000V,True,False,Charge Active,v01.23.7357,False,False,0x00,0x00,0x00,0x00,0x00,0x00,0x00,200,13,0,0,0,False,1.0V,0.030,1467mV,1,False,False,v01.20.7357
26-05-30 12:30:33.363276,2902,496,1044,620,240,280,1796,200,True,True,True,True,True,True,True,True,2902,496,1044,620,240,280,1796,200,0,0,0,0,0,0,0,0,WPT Ready,0,0,False,0,0,0,0,0,0,75%,50%,False,0x00,False,63%,0us,0.000V,0.000V,True,False,Charge Active,v01.23.7357,False,False,0x00,0x00,0x00,0x00,0x00,0x00,0x00,200,13,0,0,0,False,1.0V,0.030,1467mV,1,False,False,v01.20.7357
26-05-30 12:30:33.541679,2902,496,1044,620,240,280,1796,200,True,True,True,True,True,True,True,True,2902,496,1044,620,240,280,1796,200,0,0,0,0,0,0,0,0,WPT Ready,0,0,False,0,0,0,0,0,0,75%,50%,False,0x00,False,63%,0us,0.000V,0.000V,True,False,Charge Active,v01.23.7357,False,False,0x00,0x00,0x00,0x00,0x00,0x00,0x00,200,13,0,0,0,False,1.0V,0.030,1467mV,1,False,False,v01.20.7357
26-05-30 12:30:33.770744,2902,496,1044,620,240,280,1796,200,True,True,True,True,True,True,True,True,2902,496,1044,620,240,280,1796,200,0,0,0,0,0,0,0,0,WPT Ready,0,0,False,0,0,0,0,0,0,75%,50%,False,0x00,False,63%,0us,0.000V,0.000V,True,False,Charge Active,v01.23.7357,False,False,0x00,0x00,0x00,0x00,0x00,0x00,0x00,200,13,0,0,0,False,1.0V,0.030,1467mV,1,False,False,v01.20.7357
26-05-30 12:30:33.941427,2902,496,1044,620,240,280,1796,200,True,True,True,True,True,True,True,True,2902,496,1044,620,240,280,1796,200,0,0,0,0,0,0,0,0,WPT Ready,0,0,False,0,0,0,0,0,0,75%,50%,False,0x00,False,63%,0us,0.000V,0.000V,True,False,Charge Active,v01.23.7357,False,False,0x00,0x00,0x00,0x00,0x00,0x00,0x00,200,13,0,0,0,False,1.0V,0.030,1467mV,1,False,False,v01.20.7357
26-05-30 12:30:34.141544,2902,496,1044,620,240,280,1796,200,True,True,True,True,True,True,True,True,2902,496,1044,620,240,280,1796,200,0,0,0,0,0,0,0,0,WPT Ready,0,0,False,0,0,0,0,0,0,75%,50%,False,0x00,False,63%,0us,0.000V,0.000V,True,False,Charge Active,v01.23.7357,False,False,0x00,0x00,0x00,0x00,0x00,0x00,0x00,200,13,0,0,0,False,1.0V,0.030,1467mV,1,False,False,v01.20.7357
26-05-30 12:30:34.374744,2902,496,1044,620,240,280,1796,200,True,True,True,True,True,True,True,True,2902,496,1044,620,240,280,1796,200,0,0,0,0,0,0,0,0,WPT Ready,0,0,False,0,0,0,0,0,0,75%,50%,False,0x00,False,63%,0us,0.000V,0.000V,True,False,Charge Active,v01.23.7357,False,False,0x00,0x00,0x00,0x00,0x00,0x00,0x00,200,13,0,0,0,False,1.0V,0.030,1467mV,1,False,False,v01.20.7357
26-05-30 12:30:34.541169,2902,496,1044,620,240,280,1796,200,True,True,True,True,True,True,True,True,2902,496,1044,620,240,280,1796,200,0,0,0,0,0,0,0,0,WPT Ready,0,0,False,0,0,0,0,0,0,75%,50%,False,0x00,False,63%,0us,0.000V,0.000V,True,False,Charge Active,v01.23.7357,False,False,0x00,0x00,0x00,0x00,0x00,0x00,0x00,200,13,0,0,0,False,1.0V,0.030,1467mV,1,False,False,v01.20.7357
26-05-30 12:30:34.743670,2902,496,1044,620,240,280,1796,200,True,True,True,True,True,True,True,True,2902,496,1044,620,240,280,1796,200,0,0,0,0,0,0,0,0,WPT Ready,0,0,False,0,0,0,0,0,0,75%,50%,False,0x00,False,63%,0us,0.000V,0.000V,True,False,Charge Active,v01.23.7357,False,False,0x00,0x00,0x00,0x00,0x00,0x00,0x00,200,13,0,0,0,False,1.0V,0.030,1467mV,1,False,False,v01.20.7357
26-05-30 12:30:34.968767,2902,496,1044,620,240,280,1796,200,True,True,True,True,True,True,True,True,2902,496,1044,620,240,280,1796,200,0,0,0,0,0,0,0,0,WPT Ready,0,0,False,0,0,0,0,0,0,75%,50%,False,0x00,False,63%,0us,0.000V,0.000V,True,False,Charge Active,v01.23.7357,False,False,0x00,0x00,0x00,0x00,0x00,0x00,0x00,200,13,0,0,0,False,1.0V,0.030,1467mV,1,False,False,v01.20.7357
26-05-30 12:30:35.143622,2902,496,1044,620,240,280,1796,200,True,True,True,True,True,True,True,True,2902,496,1044,620,240,280,1796,200,0,0,0,0,0,0,0,0,WPT Ready,0,0,False,0,0,0,0,0,0,75%,50%,False,0x00,False,63%,0us,0.000V,0.000V,True,False,Charge Active,v01.23.7357,False,False,0x00,0x00,0x00,0x00,0x00,0x00,0x00,200,13,0,0,0,False,1.0V,0.030,1467mV,1,False,False,v01.20.7357
26-05-30 12:30:35.346012,2902,496,1044,620,240,280,1796,200,True,True,True,True,True,True,True,True,2902,496,1044,620,240,280,1796,200,0,0,0,0,0,0,0,0,WPT Ready,0,0,False,0,0,0,0,0,0,75%,50%,False,0x00,False,63%,0us,0.000V,0.000V,True,False,Charge Active,v01.23.7357,False,False,0x00,0x00,0x00,0x00,0x00,0x00,0x00,200,13,0,0,0,False,1.0V,0.030,1467mV,1,False,False,v01.20.7357
26-05-30 12:30:35.569618,2902,496,1044,620,240,280,1796,200,True,True,True,True,True,True,True,True,2902,496,1044,620,240,280,1796,200,0,0,0,0,0,0,0,0,WPT Ready,0,0,False,0,0,0,0,0,0,75%,50%,False,0x00,False,63%,0us,0.000V,0.000V,True,False,Charge Active,v01.23.7357,False,False,0x00,0x00,0x00,0x00,0x00,0x00,0x00,200,13,0,0,0,False,1.0V,0.030,1467mV,1,False,False,v01.20.7357
26-05-30 12:30:35.747029,2902,496,1044,620,240,280,1796,200,True,True,True,True,True,True,True,True,2902,496,1044,620,240,280,1796,200,0,0,0,0,0,0,0,0,WPT Ready,0,0,False,0,0,0,0,0,0,75%,50%,False,0x00,False,63%,0us,0.000V,0.000V,True,False,Charge Active,v01.23.7357,False,False,0x00,0x00,0x00,0x00,0x00,0x00,0x00,200,13,0,0,0,False,1.0V,0.030,1467mV,1,False,False,v01.20.7357
26-05-30 12:30:35.949818,2902,496,1044,620,240,280,1796,200,True,True,True,True,True,True,True,True,2902,496,1044,620,240,280,1796,200,0,0,0,0,0,0,0,0,WPT Ready,0,0,False,0,0,0,0,0,0,75%,50%,False,0x00,False,63%,0us,0.000V,0.000V,True,False,Charge Active,v01.23.7357,False,False,0x00,0x00,0x00,0x00,0x00,0x00,0x00,200,13,0,0,0,False,1.0V,0.030,1467mV,1,False,False,v01.20.7357
26-05-30 12:30:36.173627,2902,496,1044,620,240,280,1796,200,True,True,True,True,True,True,True,True,2902,496,1044,620,240,280,1796,200,0,0,0,0,0,0,0,0,WPT Ready,0,0,False,0,0,0,0,0,0,75%,50%,False,0x00,False,63%,0us,0.000V,0.000V,True,False,Charge Active,v01.23.7357,False,False,0x00,0x00,0x00,0x00,0x00,0x00,0x00,200,13,0,0,0,False,1.0V,0.030,1467mV,1,False,False,v01.20.7357
26-05-30 12:30:36.347940,2902,496,1044,620,240,280,1796,200,True,True,True,True,True,True,True,True,2902,496,1044,620,240,280,1796,200,0,0,0,0,0,0,0,0,WPT Ready,0,0,False,0,0,0,0,0,0,75%,50%,False,0x00,False,63%,0us,0.000V,0.000V,True,False,Charge Active,v01.23.7357,False,False,0x00,0x00,0x00,0x00,0x00,0x00,0x00,200,13,0,0,0,False,1.0V,0.030,1467mV,1,False,False,v01.20.7357
26-05-30 12:30:36.551685,2902,496,1044,620,240,280,1796,200,True,True,True,True,True,True,True,True,2902,496,1044,620,240,280,1796,200,0,0,0,0,0,0,0,0,WPT Ready,0,0,False,0,0,0,0,0,0,75%,50%,False,0x00,False,63%,0us,0.000V,0.000V,True,False,Charge Active,v01.23.7357,False,False,0x00,0x00,0x00,0x00,0x00,0x00,0x00,200,13,0,0,0,False,1.0V,0.030,1467mV,1,False,False,v01.20.7357
26-05-30 12:30:36.776543,2902,496,1044,620,240,280,1796,200,True,True,True,True,True,True,True,True,2902,496,1044,620,240,280,1796,200,0,0,0,0,0,0,0,0,WPT Ready,0,0,False,0,0,0,0,0,0,75%,50%,False,0x00,False,63%,0us,0.000V,0.000V,True,False,Charge Active,v01.23.7357,False,False,0x00,0x00,0x00,0x00,0x00,0x00,0x00,200,13,0,0,0,False,1.0V,0.030,1467mV,1,False,False,v01.20.7357
26-05-30 12:30:36.949919,2902,496,1044,620,240,280,1796,200,True,True,True,True,True,True,True,True,2902,496,1044,620,240,280,1796,200,0,0,0,0,0,0,0,0,WPT Ready,0,0,False,0,0,0,0,0,0,75%,50%,False,0x00,False,63%,0us,0.000V,0.000V,True,False,Charge Active,v01.23.7357,False,False,0x00,0x00,0x00,0x00,0x00,0x00,0x00,200,13,0,0,0,False,1.0V,0.030,1467mV,1,False,False,v01.20.7357
26-05-30 12:30:37.152508,2902,496,1044,620,240,280,1796,200,True,True,True,True,True,True,True,True,2902,496,1044,620,240,280,1796,200,0,0,0,0,0,0,0,0,WPT Ready,0,0,False,0,0,0,0,0,0,75%,50%,False,0x00,False,63%,0us,0.000V,0.000V,True,False,Charge Active,v01.23.7357,False,False,0x00,0x00,0x00,0x00,0x00,0x00,0x00,200,13,0,0,0,False,1.0V,0.030,1467mV,1,False,False,v01.20.7357
26-05-30 12:30:37.376122,2902,496,1044,620,240,280,1796,200,True,True,True,True,True,True,True,True,2902,496,1044,620,240,280,1796,200,0,0,0,0,0,0,0,0,WPT Ready,0,0,False,0,0,0,0,0,0,75%,50%,False,0x00,False,63%,0us,0.000V,0.000V,True,False,Charge Active,v01.23.7357,False,False,0x00,0x00,0x00,0x00,0x00,0x00,0x00,200,13,0,0,0,False,1.0V,0.030,1467mV,1,False,False,v01.20.7357
26-05-30 12:30:37.553915,2902,496,1044,620,240,280,1796,200,True,True,True,True,True,True,True,True,2902,496,1044,620,240,280,1796,200,0,0,0,0,0,0,0,0,WPT Ready,0,0,False,0,0,0,0,0,0,75%,50%,False,0x00,False,63%,0us,0.000V,0.000V,True,False,Charge Active,v01.23.7357,False,False,0x00,0x00,0x00,0x00,0x00,0x00,0x00,200,13,0,0,0,False,1.0V,0.030,1467mV,1,False,False,v01.20.7357
26-05-30 12:30:37.751671,2902,496,1044,620,240,280,1796,200,True,True,True,True,True,True,True,True,2902,496,1044,620,240,280,1796,200,0,0,0,0,0,0,0,0,WPT Ready,0,0,False,0,0,0,0,0,0,75%,50%,False,0x00,False,63%,0us,0.000V,0.000V,True,False,Charge Active,v01.23.7357,False,False,0x00,0x00,0x00,0x00,0x00,0x00,0x00,200,13,0,0,0,False,1.0V,0.030,1467mV,1,False,False,v01.20.7357
26-05-30 12:30:37.979118,2902,496,1044,620,240,280,1796,200,True,True,True,True,True,True,True,True,2902,496,1044,620,240,280,1796,200,0,0,0,0,0,0,0,0,WPT Ready,0,0,False,0,0,0,0,0,0,75%,50%,False,0x00,False,63%,0us,0.000V,0.000V,True,False,Charge Active,v01.23.7357,False,False,0x00,0x00,0x00,0x00,0x00,0x00,0x00,200,13,0,0,0,False,1.0V,0.030,1467mV,1,False,False,v01.20.7357
26-05-30 12:30:38.167289,2902,496,1044,620,240,280,1796,200,True,True,True,True,True,True,True,True,2902,496,1044,620,240,280,1796,200,0,0,0,0,0,0,0,0,WPT Ready,0,0,False,0,0,0,0,0,0,75%,50%,False,0x00,False,63%,0us,0.000V,0.000V,True,False,Charge Active,v01.23.7357,False,False,0x00,0x00,0x00,0x00,0x00,0x00,0x00,200,13,0,0,0,False,1.0V,0.030,1467mV,1,False,False,v01.20.7357
26-05-30 12:30:38.358020,2902,496,1044,620,240,280,1796,200,True,True,True,True,True,True,True,True,2902,496,1044,620,240,280,1796,200,0,0,0,0,0,0,0,0,WPT Ready,0,0,False,0,0,0,0,0,0,75%,50%,False,0x00,False,63%,0us,0.000V,0.000V,True,False,Charge Active,v01.23.7357,False,False,0x00,0x00,0x00,0x00,0x00,0x00,0x00,200,13,0,0,0,False,1.0V,0.030,1467mV,1,False,False,v01.20.7357
26-05-30 12:30:38.582792,2902,496,1044,620,240,280,1796,200,True,True,True,True,True,True,True,True,2902,496,1044,620,240,280,1796,200,0,0,0,0,0,0,0,0,WPT Ready,0,0,False,0,0,0,0,0,0,75%,50%,False,0x00,False,63%,0us,0.000V,0.000V,True,False,Charge Active,v01.23.7357,False,False,0x00,0x00,0x00,0x00,0x00,0x00,0x00,200,13,0,0,0,False,1.0V,0.030,1467mV,1,False,False,v01.20.7357
26-05-30 12:30:38.765672,2902,496,1044,620,240,280,1796,200,True,True,True,True,True,True,True,True,2902,496,1044,620,240,280,1796,200,0,0,0,0,0,0,0,0,WPT Ready,0,0,False,0,0,0,0,0,0,75%,50%,False,0x00,False,63%,0us,0.000V,0.000V,True,False,Charge Active,v01.23.7357,False,False,0x00,0x00,0x00,0x00,0x00,0x00,0x00,200,13,0,0,0,False,1.0V,0.030,1467mV,1,False,False,v01.20.7357
26-05-30 12:30:38.957602,2902,496,1044,620,240,280,1796,200,True,True,True,True,True,True,True,True,2902,496,1044,620,240,280,1796,200,0,0,0,0,0,0,0,0,WPT Ready,0,0,False,0,0,0,0,0,0,75%,50%,False,0x00,False,63%,0us,0.000V,0.000V,True,False,Charge Active,v01.23.7357,False,False,0x00,0x00,0x00,0x00,0x00,0x00,0x00,200,13,0,0,0,False,1.0V,0.030,1467mV,1,False,False,v01.20.7357
26-05-30 12:30:39.164052,2902,496,1044,620,240,280,1796,200,True,True,True,True,True,True,True,True,2902,496,1044,620,240,280,1796,200,0,0,0,0,0,0,0,0,WPT Ready,0,0,False,0,0,0,0,0,0,75%,50%,False,0x00,False,63%,0us,0.000V,0.000V,True,False,Charge Active,v01.23.7357,False,False,0x00,0x00,0x00,0x00,0x00,0x00,0x00,200,13,0,0,0,False,1.0V,0.030,1467mV,1,False,False,v01.20.7357
26-05-30 12:30:39.360118,2902,496,1044,620,240,280,1796,200,True,True,True,True,True,True,True,True,2902,496,1044,620,240,280,1796,200,0,0,0,0,0,0,0,0,WPT Ready,0,0,False,0,0,0,0,0,0,75%,50%,False,0x00,False,63%,0us,0.000V,0.000V,True,False,Charge Active,v01.23.7357,False,False,0x00,0x00,0x00,0x00,0x00,0x00,0x00,200,13,0,0,0,False,1.0V,0.030,1467mV,1,False,False,v01.20.7357
26-05-30 12:30:39.560428,2902,496,1044,620,240,280,1796,200,True,True,True,True,True,True,True,True,2902,496,1044,620,240,280,1796,200,0,0,0,0,0,0,0,0,WPT Ready,0,0,False,0,0,0,0,0,0,75%,50%,False,0x00,False,63%,0us,0.000V,0.000V,True,False,Charge Active,v01.23.7357,False,False,0x00,0x00,0x00,0x00,0x00,0x00,0x00,200,13,0,0,0,False,1.0V,0.030,1467mV,1,False,False,v01.20.7357
26-05-30 12:30:39.752113,2902,496,1044,620,240,280,1796,200,True,True,True,True,True,True,True,True,2902,496,1044,620,240,280,1796,200,0,0,0,0,0,0,0,0,WPT Ready,0,0,False,0,0,0,0,0,0,75%,50%,False,0x00,False,63%,0us,0.000V,0.000V,True,False,Charge Active,v01.23.7357,False,False,0x00,0x00,0x00,0x00,0x00,0x00,0x00,200,13,0,0,0,False,1.0V,0.030,1467mV,1,False,False,v01.20.7357
26-05-30 12:30:39.951719,2902,496,1044,620,240,280,1796,200,True,True,True,True,True,True,True,True,2902,496,1044,620,240,280,1796,200,0,0,0,0,0,0,0,0,WPT Ready,0,0,False,0,0,0,0,0,0,75%,50%,False,0x00,False,63%,0us,0.000V,0.000V,True,False,Charge Active,v01.23.7357,False,False,0x00,0x00,0x00,0x00,0x00,0x00,0x00,200,13,0,0,0,False,1.0V,0.030,1467mV,1,False,False,v01.20.7357
26-05-30 12:30:40.165660,2902,496,1044,620,240,280,1796,200,True,True,True,True,True,True,True,True,2902,496,1044,620,240,280,1796,200,0,0,0,0,0,0,0,0,WPT Ready,0,0,False,0,0,0,0,0,0,75%,50%,False,0x00,False,63%,0us,0.000V,0.000V,True,False,Charge Active,v01.23.7357,False,False,0x00,0x00,0x00,0x00,0x00,0x00,0x00,200,13,0,0,0,False,1.0V,0.030,1467mV,1,False,False,v01.20.7357
26-05-30 12:30:40.346339,2902,496,1044,620,240,280,1796,200,True,True,True,True,True,True,True,True,2902,496,1044,620,240,280,1796,200,0,0,0,0,0,0,0,0,WPT Ready,0,0,False,0,0,0,0,0,0,75%,50%,False,0x00,False,63%,0us,0.000V,0.000V,True,False,Charge Active,v01.23.7357,False,False,0x00,0x00,0x00,0x00,0x00,0x00,0x00,200,13,0,0,0,False,1.0V,0.030,1467mV,1,False,False,v01.20.7357
26-05-30 12:30:40.547684,2902,496,1044,620,240,280,1796,200,True,True,True,True,True,True,True,True,2902,496,1044,620,240,280,1796,200,0,0,0,0,0,0,0,0,WPT Ready,0,0,False,0,0,0,0,0,0,75%,50%,False,0x00,False,63%,0us,0.000V,0.000V,True,False,Charge Active,v01.23.7357,False,False,0x00,0x00,0x00,0x00,0x00,0x00,0x00,200,13,0,0,0,False,1.0V,0.030,1467mV,1,False,False,v01.20.7357
26-05-30 12:30:40.751982,2902,496,1044,620,240,280,1796,200,True,True,True,True,True,True,True,True,2902,496,1044,620,240,280,1796,200,0,0,0,0,0,0,0,0,WPT Ready,0,0,False,0,0,0,0,0,0,75%,50%,False,0x00,False,63%,0us,0.000V,0.000V,True,False,Charge Active,v01.23.7357,False,False,0x00,0x00,0x00,0x00,0x00,0x00,0x00,200,13,0,0,0,False,1.0V,0.030,1467mV,1,False,False,v01.20.7357
26-05-30 12:30:40.949549,2902,496,1044,620,240,280,1796,200,True,True,True,True,True,True,True,True,2902,496,1044,620,240,280,1796,200,0,0,0,0,0,0,0,0,WPT Ready,0,0,False,0,0,0,0,0,0,75%,50%,False,0x00,False,63%,0us,0.000V,0.000V,True,False,Charge Active,v01.23.7357,False,False,0x00,0x00,0x00,0x00,0x00,0x00,0x00,200,13,0,0,0,False,1.0V,0.030,1467mV,1,False,False,v01.20.7357
26-05-30 12:30:41.150596,2902,496,1044,620,240,280,1796,200,True,True,True,True,True,True,True,True,2902,496,1044,620,240,280,1796,200,0,0,0,0,0,0,0,0,WPT Ready,0,0,False,0,0,0,0,0,0,75%,50%,False,0x00,False,63%,0us,0.000V,0.000V,True,False,Charge Active,v01.23.7357,False,False,0x00,0x00,0x00,0x00,0x00,0x00,0x00,200,13,0,0,0,False,1.0V,0.030,1467mV,1,False,False,v01.20.7357
26-05-30 12:30:41.351251,2902,496,1044,620,240,280,1796,200,True,True,True,True,True,True,True,True,2902,496,1044,620,240,280,1796,200,0,0,0,0,0,0,0,0,WPT Ready,0,0,False,0,0,0,0,0,0,75%,50%,False,0x00,False,63%,0us,0.000V,0.000V,True,False,Charge Active,v01.23.7357,False,False,0x00,0x00,0x00,0x00,0x00,0x00,0x00,200,13,0,0,0,False,1.0V,0.030,1467mV,1,False,False,v01.20.7357
26-05-30 12:30:41.552210,2902,496,1044,620,240,280,1796,200,True,True,True,True,True,True,True,True,2902,496,1044,620,240,280,1796,200,0,0,0,0,0,0,0,0,WPT Ready,0,0,False,0,0,0,0,0,0,75%,50%,False,0x00,False,63%,0us,0.000V,0.000V,True,False,Charge Active,v01.23.7357,False,False,0x00,0x00,0x00,0x00,0x00,0x00,0x00,200,13,0,0,0,False,1.0V,0.030,1467mV,1,False,False,v01.20.7357
26-05-30 12:30:41.753897,2902,496,1044,620,240,280,1796,200,True,True,True,True,True,True,True,True,2902,496,1044,620,240,280,1796,200,0,0,0,0,0,0,0,0,WPT Ready,0,0,False,0,0,0,0,0,0,75%,50%,False,0x00,False,63%,0us,0.000V,0.000V,True,False,Charge Active,v01.23.7357,False,False,0x00,0x00,0x00,0x00,0x00,0x00,0x00,200,13,0,0,0,False,1.0V,0.030,1467mV,1,False,False,v01.20.7357
26-05-30 12:30:41.958547,2902,496,1044,620,240,280,1796,200,True,True,True,True,True,True,True,True,2902,496,1044,620,240,280,1796,200,0,0,0,0,0,0,0,0,WPT Ready,0,0,False,0,0,0,0,0,0,75%,50%,False,0x00,False,63%,0us,0.000V,0.000V,True,False,Charge Active,v01.23.7357,False,False,0x00,0x00,0x00,0x00,0x00,0x00,0x00,200,13,0,0,0,False,1.0V,0.030,1467mV,1,False,False,v01.20.7357
26-05-30 12:30:42.154816,2902,496,1044,620,240,280,1796,200,True,True,True,True,True,True,True,True,2902,496,1044,620,240,280,1796,200,0,0,0,0,0,0,0,0,WPT Ready,0,0,False,0,0,0,0,0,0,75%,50%,False,0x00,False,63%,0us,0.000V,0.000V,True,False,Charge Active,v01.23.7357,False,False,0x00,0x00,0x00,0x00,0x00,0x00,0x00,200,13,0,0,0,False,1.0V,0.030,1467mV,1,False,False,v01.20.7357
26-05-30 12:30:42.354550,2902,496,1044,620,240,280,1796,200,True,True,True,True,True,True,True,True,2902,496,1044,620,240,280,1796,200,0,0,0,0,0,0,0,0,WPT Ready,0,0,False,0,0,0,0,0,0,75%,50%,False,0x00,False,63%,0us,0.000V,0.000V,True,False,Charge Active,v01.23.7357,False,False,0x00,0x00,0x00,0x00,0x00,0x00,0x00,200,13,0,0,0,False,1.0V,0.030,1467mV,1,False,False,v01.20.7357
26-05-30 12:30:42.554861,2902,496,1044,620,240,280,1796,200,True,True,True,True,True,True,True,True,2902,496,1044,620,240,280,1796,200,0,0,0,0,0,0,0,0,WPT Ready,0,0,False,0,0,0,0,0,0,75%,50%,False,0x00,False,63%,0us,0.000V,0.000V,True,False,Charge Active,v01.23.7357,False,False,0x00,0x00,0x00,0x00,0x00,0x00,0x00,200,13,0,0,0,False,1.0V,0.030,1467mV,1,False,False,v01.20.7357
26-05-30 12:30:42.758714,2902,496,1044,620,240,280,1796,200,True,True,True,True,True,True,True,True,2902,496,1044,620,240,280,1796,200,0,0,0,0,0,0,0,0,WPT Ready,0,0,False,0,0,0,0,0,0,75%,50%,False,0x00,False,63%,0us,0.000V,0.000V,True,False,Charge Active,v01.23.7357,False,False,0x00,0x00,0x00,0x00,0x00,0x00,0x00,200,13,0,0,0,False,1.0V,0.030,1467mV,1,False,False,v01.20.7357
26-05-30 12:30:42.957383,2902,496,1044,620,240,280,1796,200,True,True,True,True,True,True,True,True,2902,496,1044,620,240,280,1796,200,0,0,0,0,0,0,0,0,WPT Ready,0,0,False,0,0,0,0,0,0,75%,50%,False,0x00,False,63%,0us,0.000V,0.000V,True,False,Charge Active,v01.23.7357,False,False,0x00,0x00,0x00,0x00,0x00,0x00,0x00,200,13,0,0,0,False,1.0V,0.030,1467mV,1,False,False,v01.20.7357
26-05-30 12:30:43.156544,2902,496,1044,620,240,280,1796,200,True,True,True,True,True,True,True,True,2902,496,1044,620,240,280,1796,200,0,0,0,0,0,0,0,0,WPT Ready,0,0,False,0,0,0,0,0,0,75%,50%,False,0x00,False,63%,0us,0.000V,0.000V,True,False,Charge Active,v01.23.7357,False,False,0x00,0x00,0x00,0x00,0x00,0x00,0x00,200,13,0,0,0,False,1.0V,0.030,1467mV,1,False,False,v01.20.7357
26-05-30 12:30:43.357302,2902,496,1044,620,240,280,1796,200,True,True,True,True,True,True,True,True,2902,496,1044,620,240,280,1796,200,0,0,0,0,0,0,0,0,WPT Ready,0,0,False,0,0,0,0,0,0,75%,50%,False,0x00,False,63%,0us,0.000V,0.000V,True,False,Charge Active,v01.23.7357,False,False,0x00,0x00,0x00,0x00,0x00,0x00,0x00,200,13,0,0,0,False,1.0V,0.030,1467mV,1,False,False,v01.20.7357
26-05-30 12:30:43.560115,2902,496,1044,620,240,280,1796,200,True,True,True,True,True,True,True,True,2902,496,1044,620,240,280,1796,200,0,0,0,0,0,0,0,0,WPT Ready,0,0,False,0,0,0,0,0,0,75%,50%,False,0x00,False,63%,0us,0.000V,0.000V,True,False,Charge Active,v01.23.7357,False,False,0x00,0x00,0x00,0x00,0x00,0x00,0x00,200,13,0,0,0,False,1.0V,0.030,1467mV,1,False,False,v01.20.7357
26-05-30 12:30:43.757575,2902,496,1044,620,240,280,1796,200,True,True,True,True,True,True,True,True,2902,496,1044,620,240,280,1796,200,0,0,0,0,0,0,0,0,WPT Ready,0,0,False,0,0,0,0,0,0,75%,50%,False,0x00,False,63%,0us,0.000V,0.000V,True,False,Charge Active,v01.23.7357,False,False,0x00,0x00,0x00,0x00,0x00,0x00,0x00,200,13,0,0,0,False,1.0V,0.030,1467mV,1,False,False,v01.20.7357
26-05-30 12:30:43.959323,2902,496,1044,620,240,280,1796,200,True,True,True,True,True,True,True,True,2902,496,1044,620,240,280,1796,200,0,0,0,0,0,0,0,0,WPT Ready,0,0,False,0,0,0,0,0,0,75%,50%,False,0x00,False,63%,0us,0.000V,0.000V,True,False,Charge Active,v01.23.7357,False,False,0x00,0x00,0x00,0x00,0x00,0x00,0x00,200,13,0,0,0,False,1.0V,0.030,1467mV,1,False,False,v01.20.7357
26-05-30 12:30:44.159067,2902,496,1044,620,240,280,1796,200,True,True,True,True,True,True,True,True,2902,496,1044,620,240,280,1796,200,0,0,0,0,0,0,0,0,WPT Ready,0,0,False,0,0,0,0,0,0,75%,50%,False,0x00,False,63%,0us,0.000V,0.000V,True,False,Charge Active,v01.23.7357,False,False,0x00,0x00,0x00,0x00,0x00,0x00,0x00,200,13,0,0,0,False,1.0V,0.030,1467mV,1,False,False,v01.20.7357
26-05-30 12:30:44.360685,2902,496,1044,620,240,280,1796,200,True,True,True,True,True,True,True,True,2902,496,1044,620,240,280,1796,200,0,0,0,0,0,0,0,0,WPT Ready,0,0,False,0,0,0,0,0,0,75%,50%,False,0x00,False,63%,0us,0.000V,0.000V,True,False,Charge Active,v01.23.7357,False,False,0x00,0x00,0x00,0x00,0x00,0x00,0x00,200,13,0,0,0,False,1.0V,0.030,1467mV,1,False,False,v01.20.7357
26-05-30 12:30:44.562811,2902,496,1044,620,240,280,1796,200,True,True,True,True,True,True,True,True,2902,496,1044,620,240,280,1796,200,0,0,0,0,0,0,0,0,WPT Ready,0,0,False,0,0,0,0,0,0,75%,50%,False,0x00,False,63%,0us,0.000V,0.000V,True,False,Charge Active,v01.23.7357,False,False,0x00,0x00,0x00,0x00,0x00,0x00,0x00,200,13,0,0,0,False,1.0V,0.030,1467mV,1,False,False,v01.20.7357
26-05-30 12:30:44.760133,2902,496,1044,620,240,280,1796,200,True,True,True,True,True,True,True,True,2902,496,1044,620,240,280,1796,200,0,0,0,0,0,0,0,0,WPT Ready,0,0,False,0,0,0,0,0,0,75%,50%,False,0x00,False,63%,0us,0.000V,0.000V,True,False,Charge Active,v01.23.7357,False,False,0x00,0x00,0x00,0x00,0x00,0x00,0x00,200,13,0,0,0,False,1.0V,0.030,1467mV,1,False,False,v01.20.7357
26-05-30 12:30:44.965623,2902,496,1044,620,240,280,1796,200,True,True,True,True,True,True,True,True,2902,496,1044,620,240,280,1796,200,0,0,0,0,0,0,0,0,WPT Ready,0,0,False,0,0,0,0,0,0,75%,50%,False,0x00,False,63%,0us,0.000V,0.000V,True,False,Charge Active,v01.23.7357,False,False,0x00,0x00,0x00,0x00,0x00,0x00,0x00,200,13,0,0,0,False,1.0V,0.030,1467mV,1,False,False,v01.20.7357
26-05-30 12:30:45.169350,2902,496,1044,620,240,280,1796,200,True,True,True,True,True,True,True,True,2902,496,1044,620,240,280,1796,200,0,0,0,0,0,0,0,0,WPT Ready,0,0,False,0,0,0,0,0,0,75%,50%,False,0x00,False,63%,0us,0.000V,0.000V,True,False,Charge Active,v01.23.7357,False,False,0x00,0x00,0x00,0x00,0x00,0x00,0x00,200,13,0,0,0,False,1.0V,0.030,1467mV,1,False,False,v01.20.7357
26-05-30 12:30:45.358736,2902,496,1044,620,240,280,1796,200,True,True,True,True,True,True,True,True,2902,496,1044,620,240,280,1796,200,0,0,0,0,0,0,0,0,WPT Ready,0,0,False,0,0,0,0,0,0,75%,50%,False,0x00,False,63%,0us,0.000V,0.000V,True,False,Charge Active,v01.23.7357,False,False,0x00,0x00,0x00,0x00,0x00,0x00,0x00,200,13,0,0,0,False,1.0V,0.030,1467mV,1,False,False,v01.20.7357
26-05-30 12:30:45.561732,2902,496,1044,620,240,280,1796,200,True,True,True,True,True,True,True,True,2902,496,1044,620,240,280,1796,200,0,0,0,0,0,0,0,0,WPT Ready,0,0,False,0,0,0,0,0,0,75%,50%,False,0x00,False,63%,0us,0.000V,0.000V,True,False,Charge Active,v01.23.7357,False,False,0x00,0x00,0x00,0x00,0x00,0x00,0x00,200,13,0,0,0,False,1.0V,0.030,1467mV,1,False,False,v01.20.7357
26-05-30 12:30:45.763995,2902,496,1044,620,240,280,1796,200,True,True,True,True,True,True,True,True,2902,496,1044,620,240,280,1796,200,0,0,0,0,0,0,0,0,WPT Ready,0,0,False,0,0,0,0,0,0,75%,50%,False,0x00,False,63%,0us,0.000V,0.000V,True,False,Charge Active,v01.23.7357,False,False,0x00,0x00,0x00,0x00,0x00,0x00,0x00,200,13,0,0,0,False,1.0V,0.030,1467mV,1,False,False,v01.20.7357
26-05-30 12:30:45.966565,2902,496,1044,620,240,280,1796,200,True,True,True,True,True,True,True,True,2902,496,1044,620,240,280,1796,200,0,0,0,0,0,0,0,0,WPT Ready,0,0,False,0,0,0,0,0,0,75%,50%,False,0x00,False,63%,0us,0.000V,0.000V,True,False,Charge Active,v01.23.7357,False,False,0x00,0x00,0x00,0x00,0x00,0x00,0x00,200,13,0,0,0,False,1.0V,0.030,1467mV,1,False,False,v01.20.7357
26-05-30 12:30:46.161677,2902,496,1044,620,240,280,1796,200,True,True,True,True,True,True,True,True,2902,496,1044,620,240,280,1796,200,0,0,0,0,0,0,0,0,WPT Ready,0,0,False,0,0,0,0,0,0,75%,50%,False,0x00,False,63%,0us,0.000V,0.000V,True,False,Charge Active,v01.23.7357,False,False,0x00,0x00,0x00,0x00,0x00,0x00,0x00,200,13,0,0,0,False,1.0V,0.030,1467mV,1,False,False,v01.20.7357
26-05-30 12:30:46.362135,2902,496,1044,620,240,280,1796,200,True,True,True,True,True,True,True,True,2902,496,1044,620,240,280,1796,200,0,0,0,0,0,0,0,0,WPT Ready,0,0,False,0,0,0,0,0,0,75%,50%,False,0x00,False,63%,0us,0.000V,0.000V,True,False,Charge Active,v01.23.7357,False,False,0x00,0x00,0x00,0x00,0x00,0x00,0x00,200,13,0,0,0,False,1.0V,0.030,1467mV,1,False,False,v01.20.7357
26-05-30 12:30:46.563605,2902,496,1044,620,240,280,1796,200,True,True,True,True,True,True,True,True,2902,496,1044,620,240,280,1796,200,0,0,0,0,0,0,0,0,WPT Ready,0,0,False,0,0,0,0,0,0,75%,50%,False,0x00,False,63%,0us,0.000V,0.000V,True,False,Charge Active,v01.23.7357,False,False,0x00,0x00,0x00,0x00,0x00,0x00,0x00,200,13,0,0,0,False,1.0V,0.030,1467mV,1,False,False,v01.20.7357
26-05-30 12:30:46.772655,2902,496,1044,620,240,280,1796,200,True,True,True,True,True,True,True,True,2902,496,1044,620,240,280,1796,200,0,0,0,0,0,0,0,0,WPT Ready,0,0,False,0,0,0,0,0,0,75%,50%,False,0x00,False,63%,0us,0.000V,0.000V,True,False,Charge Active,v01.23.7357,False,False,0x00,0x00,0x00,0x00,0x00,0x00,0x00,200,13,0,0,0,False,1.0V,0.030,1467mV,1,False,False,v01.20.7357
26-05-30 12:30:46.939196,2902,496,1044,620,240,280,1796,200,True,True,True,True,True,True,True,True,2902,496,1044,620,240,280,1796,200,0,0,0,0,0,0,0,0,WPT Ready,0,0,False,0,0,0,0,0,0,75%,50%,False,0x00,False,63%,0us,0.000V,0.000V,True,False,Charge Active,v01.23.7357,False,False,0x00,0x00,0x00,0x00,0x00,0x00,0x00,200,13,0,0,0,False,1.0V,0.030,1467mV,1,False,False,v01.20.7357
26-05-30 12:30:47.174500,2902,496,1044,620,240,280,1796,200,True,True,True,True,True,True,True,True,2902,496,1044,620,240,280,1796,200,0,0,0,0,0,0,0,0,WPT Ready,0,0,False,0,0,0,0,0,0,75%,50%,False,0x00,False,63%,0us,0.000V,0.000V,True,False,Charge Active,v01.23.7357,False,False,0x00,0x00,0x00,0x00,0x00,0x00,0x00,200,13,0,0,0,False,1.0V,0.030,1467mV,1,False,False,v01.20.7357
26-05-30 12:30:47.372778,2902,496,1044,620,240,280,1796,200,True,True,True,True,True,True,True,True,2902,496,1044,620,240,280,1796,200,0,0,0,0,0,0,0,0,WPT Ready,0,0,False,0,0,0,0,0,0,75%,50%,False,0x00,False,63%,0us,0.000V,0.000V,True,False,Charge Active,v01.23.7357,False,False,0x00,0x00,0x00,0x00,0x00,0x00,0x00,200,13,0,0,0,False,1.0V,0.030,1467mV,1,False,False,v01.20.7357
26-05-30 12:30:47.571708,2902,496,1044,620,240,280,1796,200,True,True,True,True,True,True,True,True,2902,496,1044,620,240,280,1796,200,0,0,0,0,0,0,0,0,WPT Ready,0,0,False,0,0,0,0,0,0,75%,50%,False,0x00,False,63%,0us,0.000V,0.000V,True,False,Charge Active,v01.23.7357,False,False,0x00,0x00,0x00,0x00,0x00,0x00,0x00,200,13,0,0,0,False,1.0V,0.030,1467mV,1,False,False,v01.20.7357
26-05-30 12:30:47.740731,2902,496,1044,620,240,280,1796,200,True,True,True,True,True,True,True,True,2902,496,1044,620,240,280,1796,200,0,0,0,0,0,0,0,0,WPT Ready,0,0,False,0,0,0,0,0,0,75%,50%,False,0x00,False,63%,0us,0.000V,0.000V,True,False,Charge Active,v01.23.7357,False,False,0x00,0x00,0x00,0x00,0x00,0x00,0x00,200,13,0,0,0,False,1.0V,0.030,1467mV,1,False,False,v01.20.7357
26-05-30 12:30:47.967973,2902,496,1044,620,240,280,1796,200,True,True,True,True,True,True,True,True,2902,496,1044,620,240,280,1796,200,0,0,0,0,0,0,0,0,WPT Ready,0,0,False,0,0,0,0,0,0,75%,50%,False,0x00,False,63%,0us,0.000V,0.000V,True,False,Charge Active,v01.23.7357,False,False,0x00,0x00,0x00,0x00,0x00,0x00,0x00,200,13,0,0,0,False,1.0V,0.030,1467mV,1,False,False,v01.20.7357
26-05-30 12:30:48.141710,2902,496,1044,620,240,280,1796,200,True,True,True,True,True,True,True,True,2902,496,1044,620,240,280,1796,200,0,0,0,0,0,0,0,0,WPT Ready,0,0,False,0,0,0,0,0,0,75%,50%,False,0x00,False,63%,0us,0.000V,0.000V,True,False,Charge Active,v01.23.7357,False,False,0x00,0x00,0x00,0x00,0x00,0x00,0x00,200,13,0,0,0,False,1.0V,0.030,1467mV,1,False,False,v01.20.7357
26-05-30 12:30:48.395007,2902,496,1044,620,240,280,1796,200,True,True,True,True,True,True,True,True,2902,496,1044,620,240,280,1796,200,0,0,0,0,0,0,0,0,WPT Ready,0,0,False,0,0,0,0,0,0,75%,50%,False,0x00,False,63%,0us,0.000V,0.000V,True,False,Charge Active,v01.23.7357,False,False,0x00,0x00,0x00,0x00,0x00,0x00,0x00,200,13,0,0,0,False,1.0V,0.030,1467mV,1,False,False,v01.20.7357
26-05-30 12:30:48.553609,2902,496,1044,620,240,280,1796,200,True,True,True,True,True,True,True,True,2902,496,1044,620,240,280,1796,200,0,0,0,0,0,0,0,0,WPT Ready,0,0,False,0,0,0,0,0,0,75%,50%,False,0x00,False,63%,0us,0.000V,0.000V,True,False,Charge Active,v01.23.7357,False,False,0x00,0x00,0x00,0x00,0x00,0x00,0x00,200,13,0,0,0,False,1.0V,0.030,1467mV,1,False,False,v01.20.7357
26-05-30 12:30:48.780622,2902,496,1044,620,240,280,1796,200,True,True,True,True,True,True,True,True,2902,496,1044,620,240,280,1796,200,0,0,0,0,0,0,0,0,WPT Ready,0,0,False,0,0,0,0,0,0,75%,50%,False,0x00,False,63%,0us,0.000V,0.000V,True,False,Charge Active,v01.23.7357,False,False,0x00,0x00,0x00,0x00,0x00,0x00,0x00,200,13,0,0,0,False,1.0V,0.030,1467mV,1,False,False,v01.20.7357
26-05-30 12:30:48.953020,2902,496,1044,620,240,280,1796,200,True,True,True,True,True,True,True,True,2902,496,1044,620,240,280,1796,200,0,0,0,0,0,0,0,0,WPT Ready,0,0,False,0,0,0,0,0,0,75%,50%,False,0x00,False,63%,0us,0.000V,0.000V,True,False,Charge Active,v01.23.7357,False,False,0x00,0x00,0x00,0x00,0x00,0x00,0x00,200,13,0,0,0,False,1.0V,0.030,1467mV,1,False,False,v01.20.7357
26-05-30 12:30:49.150310,2902,496,1044,620,240,280,1796,200,True,True,True,True,True,True,True,True,2902,496,1044,620,240,280,1796,200,0,0,0,0,0,0,0,0,WPT Ready,0,0,False,0,0,0,0,0,0,75%,50%,False,0x00,False,63%,0us,0.000V,0.000V,True,False,Charge Active,v01.23.7357,False,False,0x00,0x00,0x00,0x00,0x00,0x00,0x00,200,13,0,0,0,False,1.0V,0.030,1467mV,1,False,False,v01.20.7357
26-05-30 12:30:49.355107,2902,496,1044,620,240,280,1796,200,True,True,True,True,True,True,True,True,2902,496,1044,620,240,280,1796,200,0,0,0,0,0,0,0,0,WPT Ready,0,0,False,0,0,0,0,0,0,75%,50%,False,0x00,False,63%,0us,0.000V,0.000V,True,False,Charge Active,v01.23.7357,False,False,0x00,0x00,0x00,0x00,0x00,0x00,0x00,200,13,0,0,0,False,1.0V,0.030,1467mV,1,False,False,v01.20.7357
26-05-30 12:30:49.561270,2902,496,1044,620,240,280,1796,200,True,True,True,True,True,True,True,True,2902,496,1044,620,240,280,1796,200,0,0,0,0,0,0,0,0,WPT Ready,0,0,False,0,0,0,0,0,0,75%,50%,False,0x00,False,63%,0us,0.000V,0.000V,True,False,Charge Active,v01.23.7357,False,False,0x00,0x00,0x00,0x00,0x00,0x00,0x00,200,13,0,0,0,False,1.0V,0.030,1467mV,1,False,False,v01.20.7357
26-05-30 12:30:49.756602,2902,496,1044,620,240,280,1796,200,True,True,True,True,True,True,True,True,2902,496,1044,620,240,280,1796,200,0,0,0,0,0,0,0,0,WPT Ready,0,0,False,0,0,0,0,0,0,75%,50%,False,0x00,False,63%,0us,0.000V,0.000V,True,False,Charge Active,v01.23.7357,False,False,0x00,0x00,0x00,0x00,0x00,0x00,0x00,200,13,0,0,0,False,1.0V,0.030,1467mV,1,False,False,v01.20.7357
26-05-30 12:30:49.965352,2902,496,1044,620,240,280,1796,200,True,True,True,True,True,True,True,True,2902,496,1044,620,240,280,1796,200,0,0,0,0,0,0,0,0,WPT Ready,0,0,False,0,0,0,0,0,0,75%,50%,False,0x00,False,63%,0us,0.000V,0.000V,True,False,Charge Active,v01.23.7357,False,False,0x00,0x00,0x00,0x00,0x00,0x00,0x00,200,13,0,0,0,False,1.0V,0.030,1467mV,1,False,False,v01.20.7357
26-05-30 12:30:50.162155,2902,496,1044,620,240,280,1796,200,True,True,True,True,True,True,True,True,2902,496,1044,620,240,280,1796,200,0,0,0,0,0,0,0,0,WPT Ready,0,0,False,0,0,0,0,0,0,75%,50%,False,0x00,False,63%,0us,0.000V,0.000V,True,False,Charge Active,v01.23.7357,False,False,0x00,0x00,0x00,0x00,0x00,0x00,0x00,200,13,0,0,0,False,1.0V,0.030,1467mV,1,False,False,v01.20.7357
26-05-30 12:30:50.358850,2902,496,1044,620,240,280,1796,200,True,True,True,True,True,True,True,True,2902,496,1044,620,240,280,1796,200,0,0,0,0,0,0,0,0,WPT Ready,0,0,False,0,0,0,0,0,0,75%,50%,False,0x00,False,63%,0us,0.000V,0.000V,True,False,Charge Active,v01.23.7357,False,False,0x00,0x00,0x00,0x00,0x00,0x00,0x00,200,13,0,0,0,False,1.0V,0.030,1467mV,1,False,False,v01.20.7357
26-05-30 12:30:50.552747,2902,496,1044,620,240,280,1796,200,True,True,True,True,True,True,True,True,2902,496,1044,620,240,280,1796,200,0,0,0,0,0,0,0,0,WPT Ready,0,0,False,0,0,0,0,0,0,75%,50%,False,0x00,False,63%,0us,0.000V,0.000V,True,False,Charge Active,v01.23.7357,False,False,0x00,0x00,0x00,0x00,0x00,0x00,0x00,200,13,0,0,0,False,1.0V,0.030,1467mV,1,False,False,v01.20.7357
26-05-30 12:30:50.753456,2902,496,1044,620,240,280,1796,200,True,True,True,True,True,True,True,True,2902,496,1044,620,240,280,1796,200,0,0,0,0,0,0,0,0,WPT Ready,0,0,False,0,0,0,0,0,0,75%,50%,False,0x00,False,63%,0us,0.000V,0.000V,True,False,Charge Active,v01.23.7357,False,False,0x00,0x00,0x00,0x00,0x00,0x00,0x00,200,13,0,0,0,False,1.0V,0.030,1467mV,1,False,False,v01.20.7357
26-05-30 12:30:50.953905,2902,496,1044,620,240,280,1796,200,True,True,True,True,True,True,True,True,2902,496,1044,620,240,280,1796,200,0,0,0,0,0,0,0,0,WPT Ready,0,0,False,0,0,0,0,0,0,75%,50%,False,0x00,False,63%,0us,0.000V,0.000V,True,False,Charge Active,v01.23.7357,False,False,0x00,0x00,0x00,0x00,0x00,0x00,0x00,200,13,0,0,0,False,1.0V,0.030,1467mV,1,False,False,v01.20.7357
26-05-30 12:30:51.150740,2902,496,1044,620,240,280,1796,200,True,True,True,True,True,True,True,True,2902,496,1044,620,240,280,1796,200,0,0,0,0,0,0,0,0,WPT Ready,0,0,False,0,0,0,0,0,0,75%,50%,False,0x00,False,63%,0us,0.000V,0.000V,True,False,Charge Active,v01.23.7357,False,False,0x00,0x00,0x00,0x00,0x00,0x00,0x00,200,13,0,0,0,False,1.0V,0.030,1467mV,1,False,False,v01.20.7357
26-05-30 12:30:51.347267,2902,496,1044,620,240,280,1796,200,True,True,True,True,True,True,True,True,2902,496,1044,620,240,280,1796,200,0,0,0,0,0,0,0,0,WPT Ready,0,0,False,0,0,0,0,0,0,75%,50%,False,0x00,False,63%,0us,0.000V,0.000V,True,False,Charge Active,v01.23.7357,False,False,0x00,0x00,0x00,0x00,0x00,0x00,0x00,200,13,0,0,0,False,1.0V,0.030,1467mV,1,False,False,v01.20.7357
26-05-30 12:30:51.560611,2902,496,1044,620,240,280,1796,200,True,True,True,True,True,True,True,True,2902,496,1044,620,240,280,1796,200,0,0,0,0,0,0,0,0,WPT Ready,0,0,False,0,0,0,0,0,0,75%,50%,False,0x00,False,63%,0us,0.000V,0.000V,True,False,Charge Active,v01.23.7357,False,False,0x00,0x00,0x00,0x00,0x00,0x00,0x00,200,13,0,0,0,False,1.0V,0.030,1467mV,1,False,False,v01.20.7357
26-05-30 12:30:51.740391,2902,496,1044,620,240,280,1796,200,True,True,True,True,True,True,True,True,2902,496,1044,620,240,280,1796,200,0,0,0,0,0,0,0,0,WPT Ready,0,0,False,0,0,0,0,0,0,75%,50%,False,0x00,False,63%,0us,0.000V,0.000V,True,False,Charge Active,v01.23.7357,False,False,0x00,0x00,0x00,0x00,0x00,0x00,0x00,200,13,0,0,0,False,1.0V,0.030,1467mV,1,False,False,v01.20.7357
26-05-30 12:30:51.943720,2902,496,1044,620,240,280,1796,200,True,True,True,True,True,True,True,True,2902,496,1044,620,240,280,1796,200,0,0,0,0,0,0,0,0,WPT Ready,0,0,False,0,0,0,0,0,0,75%,50%,False,0x00,False,63%,0us,0.000V,0.000V,True,False,Charge Active,v01.23.7357,False,False,0x00,0x00,0x00,0x00,0x00,0x00,0x00,200,13,0,0,0,False,1.0V,0.030,1467mV,1,False,False,v01.20.7357
26-05-30 12:30:52.164638,2902,496,1044,620,240,280,1796,200,True,True,True,True,True,True,True,True,2902,496,1044,620,240,280,1796,200,0,0,0,0,0,0,0,0,WPT Ready,0,0,False,0,0,0,0,0,0,75%,50%,False,0x00,False,63%,0us,0.000V,0.000V,True,False,Charge Active,v01.23.7357,False,False,0x00,0x00,0x00,0x00,0x00,0x00,0x00,200,13,0,0,0,False,1.0V,0.030,1467mV,1,False,False,v01.20.7357
26-05-30 12:30:52.346116,2902,496,1044,620,240,280,1796,200,True,True,True,True,True,True,True,True,2902,496,1044,620,240,280,1796,200,0,0,0,0,0,0,0,0,WPT Ready,0,0,False,0,0,0,0,0,0,75%,50%,False,0x00,False,63%,0us,0.000V,0.000V,True,False,Charge Active,v01.23.7357,False,False,0x00,0x00,0x00,0x00,0x00,0x00,0x00,200,13,0,0,0,False,1.0V,0.030,1467mV,1,False,False,v01.20.7357
26-05-30 12:30:52.545674,2902,496,1044,620,240,280,1796,200,True,True,True,True,True,True,True,True,2902,496,1044,620,240,280,1796,200,0,0,0,0,0,0,0,0,WPT Ready,0,0,False,0,0,0,0,0,0,75%,50%,False,0x00,False,63%,0us,0.000V,0.000V,True,False,Charge Active,v01.23.7357,False,False,0x00,0x00,0x00,0x00,0x00,0x00,0x00,200,13,0,0,0,False,1.0V,0.030,1467mV,1,False,False,v01.20.7357
26-05-30 12:30:52.757355,2902,496,1044,620,240,280,1796,200,True,True,True,True,True,True,True,True,2902,496,1044,620,240,280,1796,200,0,0,0,0,0,0,0,0,WPT Ready,0,0,False,0,0,0,0,0,0,75%,50%,False,0x00,False,63%,0us,0.000V,0.000V,True,False,Charge Active,v01.23.7357,False,False,0x00,0x00,0x00,0x00,0x00,0x00,0x00,200,13,0,0,0,False,1.0V,0.030,1467mV,1,False,False,v01.20.7357
26-05-30 12:30:52.958650,2902,496,1044,620,240,280,1796,200,True,True,True,True,True,True,True,True,2902,496,1044,620,240,280,1796,200,0,0,0,0,0,0,0,0,WPT Ready,0,0,False,0,0,0,0,0,0,75%,50%,False,0x00,False,63%,0us,0.000V,0.000V,True,False,Charge Active,v01.23.7357,False,False,0x00,0x00,0x00,0x00,0x00,0x00,0x00,200,13,0,0,0,False,1.0V,0.030,1467mV,1,False,False,v01.20.7357
26-05-30 12:30:53.147233,2902,496,1044,620,240,280,1796,200,True,True,True,True,True,True,True,True,2902,496,1044,620,240,280,1796,200,0,0,0,0,0,0,0,0,WPT Ready,0,0,False,0,0,0,0,0,0,75%,50%,False,0x00,False,63%,0us,0.000V,0.000V,True,False,Charge Active,v01.23.7357,False,False,0x00,0x00,0x00,0x00,0x00,0x00,0x00,200,13,0,0,0,False,1.0V,0.030,1467mV,1,False,False,v01.20.7357
26-05-30 12:30:53.355957,2902,496,1044,620,240,280,1796,200,True,True,True,True,True,True,True,True,2902,496,1044,620,240,280,1796,200,0,0,0,0,0,0,0,0,WPT Ready,0,0,False,0,0,0,0,0,0,75%,50%,False,0x00,False,63%,0us,0.000V,0.000V,True,False,Charge Active,v01.23.7357,False,False,0x00,0x00,0x00,0x00,0x00,0x00,0x00,200,13,0,0,0,False,1.0V,0.030,1467mV,1,False,False,v01.20.7357
26-05-30 12:30:53.542044,2902,496,1044,620,240,280,1796,200,True,True,True,True,True,True,True,True,2902,496,1044,620,240,280,1796,200,0,0,0,0,0,0,0,0,WPT Ready,0,0,False,0,0,0,0,0,0,75%,50%,False,0x00,False,63%,0us,0.000V,0.000V,True,False,Charge Active,v01.23.7357,False,False,0x00,0x00,0x00,0x00,0x00,0x00,0x00,200,13,0,0,0,False,1.0V,0.030,1467mV,1,False,False,v01.20.7357
26-05-30 12:30:53.740079,2902,496,1044,620,240,280,1796,200,True,True,True,True,True,True,True,True,2902,496,1044,620,240,280,1796,200,0,0,0,0,0,0,0,0,WPT Ready,0,0,False,0,0,0,0,0,0,75%,50%,False,0x00,False,63%,0us,0.000V,0.000V,True,False,Charge Active,v01.23.7357,False,False,0x00,0x00,0x00,0x00,0x00,0x00,0x00,200,13,0,0,0,False,1.0V,0.030,1467mV,1,False,False,v01.20.7357
26-05-30 12:30:53.945425,2902,496,1044,620,240,280,1796,200,True,True,True,True,True,True,True,True,2902,496,1044,620,240,280,1796,200,0,0,0,0,0,0,0,0,WPT Ready,0,0,False,0,0,0,0,0,0,75%,50%,False,0x00,False,63%,0us,0.000V,0.000V,True,False,Charge Active,v01.23.7357,False,False,0x00,0x00,0x00,0x00,0x00,0x00,0x00,200,13,0,0,0,False,1.0V,0.030,1467mV,1,False,False,v01.20.7357
26-05-30 12:30:54.140346,2902,496,1044,620,240,280,1796,200,True,True,True,True,True,True,True,True,2902,496,1044,620,240,280,1796,200,0,0,0,0,0,0,0,0,WPT Ready,0,0,False,0,0,0,0,0,0,75%,50%,False,0x00,False,63%,0us,0.000V,0.000V,True,False,Charge Active,v01.23.7357,False,False,0x00,0x00,0x00,0x00,0x00,0x00,0x00,200,13,0,0,0,False,1.0V,0.030,1467mV,1,False,False,v01.20.7357
26-05-30 12:30:54.354931,2902,496,1044,620,240,280,1796,200,True,True,True,True,True,True,True,True,2902,496,1044,620,240,280,1796,200,0,0,0,0,0,0,0,0,WPT Ready,0,0,False,0,0,0,0,0,0,75%,50%,False,0x00,False,63%,0us,0.000V,0.000V,True,False,Charge Active,v01.23.7357,False,False,0x00,0x00,0x00,0x00,0x00,0x00,0x00,200,13,0,0,0,False,1.0V,0.030,1467mV,1,False,False,v01.20.7357
26-05-30 12:30:54.565548,2902,496,1044,620,240,280,1796,200,True,True,True,True,True,True,True,True,2902,496,1044,620,240,280,1796,200,0,0,0,0,0,0,0,0,WPT Ready,0,0,False,0,0,0,0,0,0,75%,50%,False,0x00,False,63%,0us,0.000V,0.000V,True,False,Charge Active,v01.23.7357,False,False,0x00,0x00,0x00,0x00,0x00,0x00,0x00,200,13,0,0,0,False,1.0V,0.030,1467mV,1,False,False,v01.20.7357
26-05-30 12:30:54.746213,2902,496,1044,620,240,280,1796,200,True,True,True,True,True,True,True,True,2902,496,1044,620,240,280,1796,200,0,0,0,0,0,0,0,0,WPT Ready,0,0,False,0,0,0,0,0,0,75%,50%,False,0x00,False,63%,0us,0.000V,0.000V,True,False,Charge Active,v01.23.7357,False,False,0x00,0x00,0x00,0x00,0x00,0x00,0x00,200,13,0,0,0,False,1.0V,0.030,1467mV,1,False,False,v01.20.7357
26-05-30 12:30:54.961548,2902,496,1044,620,240,280,1796,200,True,True,True,True,True,True,True,True,2902,496,1044,620,240,280,1796,200,0,0,0,0,0,0,0,0,WPT Ready,0,0,False,0,0,0,0,0,0,75%,50%,False,0x00,False,63%,0us,0.000V,0.000V,True,False,Charge Active,v01.23.7357,False,False,0x00,0x00,0x00,0x00,0x00,0x00,0x00,200,13,0,0,0,False,1.0V,0.030,1467mV,1,False,False,v01.20.7357
26-05-30 12:30:55.164179,2902,496,1044,620,240,280,1796,200,True,True,True,True,True,True,True,True,2902,496,1044,620,240,280,1796,200,0,0,0,0,0,0,0,0,WPT Ready,0,0,False,0,0,0,0,0,0,75%,50%,False,0x00,False,63%,0us,0.000V,0.000V,True,False,Charge Active,v01.23.7357,False,False,0x00,0x00,0x00,0x00,0x00,0x00,0x00,200,13,0,0,0,False,1.0V,0.030,1467mV,1,False,False,v01.20.7357
26-05-30 12:30:55.345220,2902,496,1044,620,240,280,1796,200,True,True,True,True,True,True,True,True,2902,496,1044,620,240,280,1796,200,0,0,0,0,0,0,0,0,WPT Ready,0,0,False,0,0,0,0,0,0,75%,50%,False,0x00,False,63%,0us,0.000V,0.000V,True,False,Charge Active,v01.23.7357,False,False,0x00,0x00,0x00,0x00,0x00,0x00,0x00,200,13,0,0,0,False,1.0V,0.030,1467mV,1,False,False,v01.20.7357
26-05-30 12:30:55.554817,2902,496,1044,620,240,280,1796,200,True,True,True,True,True,True,True,True,2902,496,1044,620,240,280,1796,200,0,0,0,0,0,0,0,0,WPT Ready,0,0,False,0,0,0,0,0,0,75%,50%,False,0x00,False,63%,0us,0.000V,0.000V,True,False,Charge Active,v01.23.7357,False,False,0x00,0x00,0x00,0x00,0x00,0x00,0x00,200,13,0,0,0,False,1.0V,0.030,1467mV,1,False,False,v01.20.7357
26-05-30 12:30:55.750108,2902,496,1044,620,240,280,1796,200,True,True,True,True,True,True,True,True,2902,496,1044,620,240,280,1796,200,0,0,0,0,0,0,0,0,WPT Ready,0,0,False,0,0,0,0,0,0,75%,50%,False,0x00,False,63%,0us,0.000V,0.000V,True,False,Charge Active,v01.23.7357,False,False,0x00,0x00,0x00,0x00,0x00,0x00,0x00,200,13,0,0,0,False,1.0V,0.030,1467mV,1,False,False,v01.20.7357
26-05-30 12:30:55.956350,2902,496,1044,620,240,280,1796,200,True,True,True,True,True,True,True,True,2902,496,1044,620,240,280,1796,200,0,0,0,0,0,0,0,0,WPT Ready,0,0,False,0,0,0,0,0,0,75%,50%,False,0x00,False,63%,0us,0.000V,0.000V,True,False,Charge Active,v01.23.7357,False,False,0x00,0x00,0x00,0x00,0x00,0x00,0x00,200,13,0,0,0,False,1.0V,0.030,1467mV,1,False,False,v01.20.7357
26-05-30 12:30:56.146276,2902,496,1044,620,240,280,1796,200,True,True,True,True,True,True,True,True,2902,496,1044,620,240,280,1796,200,0,0,0,0,0,0,0,0,WPT Ready,0,0,False,0,0,0,0,0,0,75%,50%,False,0x00,False,63%,0us,0.000V,0.000V,True,False,Charge Active,v01.23.7357,False,False,0x00,0x00,0x00,0x00,0x00,0x00,0x00,200,13,0,0,0,False,1.0V,0.030,1467mV,1,False,False,v01.20.7357
26-05-30 12:30:56.357158,2902,496,1044,620,240,280,1796,200,True,True,True,True,True,True,True,True,2902,496,1044,620,240,280,1796,200,0,0,0,0,0,0,0,0,WPT Ready,0,0,False,0,0,0,0,0,0,75%,50%,False,0x00,False,63%,0us,0.000V,0.000V,True,False,Charge Active,v01.23.7357,False,False,0x00,0x00,0x00,0x00,0x00,0x00,0x00,200,13,0,0,0,False,1.0V,0.030,1467mV,1,False,False,v01.20.7357
26-05-30 12:30:56.561490,2902,496,1044,620,240,280,1796,200,True,True,True,True,True,True,True,True,2902,496,1044,620,240,280,1796,200,0,0,0,0,0,0,0,0,WPT Ready,0,0,False,0,0,0,0,0,0,75%,50%,False,0x00,False,63%,0us,0.000V,0.000V,True,False,Charge Active,v01.23.7357,False,False,0x00,0x00,0x00,0x00,0x00,0x00,0x00,200,13,0,0,0,False,1.0V,0.030,1467mV,1,False,False,v01.20.7357
26-05-30 12:30:56.751313,2902,496,1044,620,240,280,1796,200,True,True,True,True,True,True,True,True,2902,496,1044,620,240,280,1796,200,0,0,0,0,0,0,0,0,WPT Ready,0,0,False,0,0,0,0,0,0,75%,50%,False,0x00,False,63%,0us,0.000V,0.000V,True,False,Charge Active,v01.23.7357,False,False,0x00,0x00,0x00,0x00,0x00,0x00,0x00,200,13,0,0,0,False,1.0V,0.030,1467mV,1,False,False,v01.20.7357
26-05-30 12:30:56.966210,2902,496,1044,620,240,280,1796,200,True,True,True,True,True,True,True,True,2902,496,1044,620,240,280,1796,200,0,0,0,0,0,0,0,0,WPT Ready,0,0,False,0,0,0,0,0,0,75%,50%,False,0x00,False,63%,0us,0.000V,0.000V,True,False,Charge Active,v01.23.7357,False,False,0x00,0x00,0x00,0x00,0x00,0x00,0x00,200,13,0,0,0,False,1.0V,0.030,1467mV,1,False,False,v01.20.7357
26-05-30 12:30:57.162373,2902,496,1044,620,240,280,1796,200,True,True,True,True,True,True,True,True,2902,496,1044,620,240,280,1796,200,0,0,0,0,0,0,0,0,WPT Ready,0,0,False,0,0,0,0,0,0,75%,50%,False,0x00,False,63%,0us,0.000V,0.000V,True,False,Charge Active,v01.23.7357,False,False,0x00,0x00,0x00,0x00,0x00,0x00,0x00,200,13,0,0,0,False,1.0V,0.030,1467mV,1,False,False,v01.20.7357
26-05-30 12:30:57.364891,2902,496,1044,620,240,280,1796,200,True,True,True,True,True,True,True,True,2902,496,1044,620,240,280,1796,200,0,0,0,0,0,0,0,0,WPT Ready,0,0,False,0,0,0,0,0,0,75%,50%,False,0x00,False,63%,0us,0.000V,0.000V,True,False,Charge Active,v01.23.7357,False,False,0x00,0x00,0x00,0x00,0x00,0x00,0x00,200,13,0,0,0,False,1.0V,0.030,1467mV,1,False,False,v01.20.7357
26-05-30 12:30:57.565000,2902,496,1044,620,240,280,1796,200,True,True,True,True,True,True,True,True,2902,496,1044,620,240,280,1796,200,0,0,0,0,0,0,0,0,WPT Ready,0,0,False,0,0,0,0,0,0,75%,50%,False,0x00,False,63%,0us,0.000V,0.000V,True,False,Charge Active,v01.23.7357,False,False,0x00,0x00,0x00,0x00,0x00,0x00,0x00,200,13,0,0,0,False,1.0V,0.030,1467mV,1,False,False,v01.20.7357
26-05-30 12:30:57.770987,2902,496,1044,620,240,280,1796,200,True,True,True,True,True,True,True,True,2902,496,1044,620,240,280,1796,200,0,0,0,0,0,0,0,0,WPT Ready,0,0,False,0,0,0,0,0,0,75%,50%,False,0x00,False,63%,0us,0.000V,0.000V,True,False,Charge Active,v01.23.7357,False,False,0x00,0x00,0x00,0x00,0x00,0x00,0x00,200,13,0,0,0,False,1.0V,0.030,1467mV,1,False,False,v01.20.7357
26-05-30 12:30:57.961552,2902,496,1044,620,240,280,1796,200,True,True,True,True,True,True,True,True,2902,496,1044,620,240,280,1796,200,0,0,0,0,0,0,0,0,WPT Ready,0,0,False,0,0,0,0,0,0,75%,50%,False,0x00,False,63%,0us,0.000V,0.000V,True,False,Charge Active,v01.23.7357,False,False,0x00,0x00,0x00,0x00,0x00,0x00,0x00,200,13,0,0,0,False,1.0V,0.030,1467mV,1,False,False,v01.20.7357
26-05-30 12:30:58.159227,2902,496,1044,620,240,280,1796,200,True,True,True,True,True,True,True,True,2902,496,1044,620,240,280,1796,200,0,0,0,0,0,0,0,0,WPT Ready,0,0,False,0,0,0,0,0,0,75%,50%,False,0x00,False,63%,0us,0.000V,0.000V,True,False,Charge Active,v01.23.7357,False,False,0x00,0x00,0x00,0x00,0x00,0x00,0x00,200,13,0,0,0,False,1.0V,0.030,1467mV,1,False,False,v01.20.7357
26-05-30 12:30:58.367611,2902,496,1044,620,240,280,1796,200,True,True,True,True,True,True,True,True,2902,496,1044,620,240,280,1796,200,0,0,0,0,0,0,0,0,WPT Ready,0,0,False,0,0,0,0,0,0,75%,50%,False,0x00,False,63%,0us,0.000V,0.000V,True,False,Charge Active,v01.23.7357,False,False,0x00,0x00,0x00,0x00,0x00,0x00,0x00,200,13,0,0,0,False,1.0V,0.030,1467mV,1,False,False,v01.20.7357
26-05-30 12:30:58.574296,2902,496,1044,620,240,280,1796,200,True,True,True,True,True,True,True,True,2902,496,1044,620,240,280,1796,200,0,0,0,0,0,0,0,0,WPT Ready,0,0,False,0,0,0,0,0,0,75%,50%,False,0x00,False,63%,0us,0.000V,0.000V,True,False,Charge Active,v01.23.7357,False,False,0x00,0x00,0x00,0x00,0x00,0x00,0x00,200,13,0,0,0,False,1.0V,0.030,1467mV,1,False,False,v01.20.7357
26-05-30 12:30:58.771694,2902,496,1044,620,240,280,1796,200,True,True,True,True,True,True,True,True,2902,496,1044,620,240,280,1796,200,0,0,0,0,0,0,0,0,WPT Ready,0,0,False,0,0,0,0,0,0,75%,50%,False,0x00,False,63%,0us,0.000V,0.000V,True,False,Charge Active,v01.23.7357,False,False,0x00,0x00,0x00,0x00,0x00,0x00,0x00,200,13,0,0,0,False,1.0V,0.030,1467mV,1,False,False,v01.20.7357
26-05-30 12:30:58.978286,2902,496,1044,620,240,280,1796,200,True,True,True,True,True,True,True,True,2902,496,1044,620,240,280,1796,200,0,0,0,0,0,0,0,0,WPT Ready,0,0,False,0,0,0,0,0,0,75%,50%,False,0x00,False,63%,0us,0.000V,0.000V,True,False,Charge Active,v01.23.7357,False,False,0x00,0x00,0x00,0x00,0x00,0x00,0x00,200,13,0,0,0,False,1.0V,0.030,1467mV,1,False,False,v01.20.7357
26-05-30 12:30:59.145360,2902,496,1044,620,240,280,1796,200,True,True,True,True,True,True,True,True,2902,496,1044,620,240,280,1796,200,0,0,0,0,0,0,0,0,WPT Ready,0,0,False,0,0,0,0,0,0,75%,50%,False,0x00,False,63%,0us,0.000V,0.000V,True,False,Charge Active,v01.23.7357,False,False,0x00,0x00,0x00,0x00,0x00,0x00,0x00,200,13,0,0,0,False,1.0V,0.030,1467mV,1,False,False,v01.20.7357
26-05-30 12:30:59.348999,2902,496,1044,620,240,280,1796,200,True,True,True,True,True,True,True,True,2902,496,1044,620,240,280,1796,200,0,0,0,0,0,0,0,0,WPT Ready,0,0,False,0,0,0,0,0,0,75%,50%,False,0x00,False,63%,0us,0.000V,0.000V,True,False,Charge Active,v01.23.7357,False,False,0x00,0x00,0x00,0x00,0x00,0x00,0x00,200,13,0,0,0,False,1.0V,0.030,1467mV,1,False,False,v01.20.7357
26-05-30 12:30:59.551830,2902,496,1044,620,240,280,1796,200,True,True,True,True,True,True,True,True,2902,496,1044,620,240,280,1796,200,0,0,0,0,0,0,0,0,WPT Ready,0,0,False,0,0,0,0,0,0,75%,50%,False,0x00,False,63%,0us,0.000V,0.000V,True,False,Charge Active,v01.23.7357,False,False,0x00,0x00,0x00,0x00,0x00,0x00,0x00,200,13,0,0,0,False,1.0V,0.030,1467mV,1,False,False,v01.20.7357
26-05-30 12:30:59.743518,2902,496,1044,620,240,280,1796,200,True,True,True,True,True,True,True,True,2902,496,1044,620,240,280,1796,200,0,0,0,0,0,0,0,0,WPT Ready,0,0,False,0,0,0,0,0,0,75%,50%,False,0x00,False,63%,0us,0.000V,0.000V,True,False,Charge Active,v01.23.7357,False,False,0x00,0x00,0x00,0x00,0x00,0x00,0x00,200,13,0,0,0,False,1.0V,0.030,1467mV,1,False,False,v01.20.7357
26-05-30 12:30:59.947447,2902,496,1044,620,240,280,1796,200,True,True,True,True,True,True,True,True,2902,496,1044,620,240,280,1796,200,0,0,0,0,0,0,0,0,WPT Ready,0,0,False,0,0,0,0,0,0,75%,50%,False,0x00,False,63%,0us,0.000V,0.000V,True,False,Charge Active,v01.23.7357,False,False,0x00,0x00,0x00,0x00,0x00,0x00,0x00,200,13,0,0,0,False,1.0V,0.030,1467mV,1,False,False,v01.20.7357
26-05-30 12:31:00.149523,2902,496,1044,620,240,280,1796,200,True,True,True,True,True,True,True,True,2902,496,1044,620,240,280,1796,200,0,0,0,0,0,0,0,0,WPT Ready,0,0,False,0,0,0,0,0,0,75%,50%,False,0x00,False,63%,0us,0.000V,0.000V,True,False,Charge Active,v01.23.7357,False,False,0x00,0x00,0x00,0x00,0x00,0x00,0x00,200,13,0,0,0,False,1.0V,0.030,1467mV,1,False,False,v01.20.7357
26-05-30 12:31:00.364891,2902,496,1044,620,240,280,1796,200,True,True,True,True,True,True,True,True,2902,496,1044,620,240,280,1796,200,0,0,0,0,0,0,0,0,WPT Ready,0,0,False,0,0,0,0,0,0,75%,50%,False,0x00,False,63%,0us,0.000V,0.000V,True,False,Charge Active,v01.23.7357,False,False,0x00,0x00,0x00,0x00,0x00,0x00,0x00,200,13,0,0,0,False,1.0V,0.030,1467mV,1,False,False,v01.20.7357
26-05-30 12:31:00.552512,2902,496,1044,620,240,280,1796,200,True,True,True,True,True,True,True,True,2902,496,1044,620,240,280,1796,200,0,0,0,0,0,0,0,0,WPT Ready,0,0,False,0,0,0,0,0,0,75%,50%,False,0x00,False,63%,0us,0.000V,0.000V,True,False,Charge Active,v01.23.7357,False,False,0x00,0x00,0x00,0x00,0x00,0x00,0x00,200,13,0,0,0,False,1.0V,0.030,1467mV,1,False,False,v01.20.7357
26-05-30 12:31:00.745290,2902,496,1044,620,240,280,1796,200,True,True,True,True,True,True,True,True,2902,496,1044,620,240,280,1796,200,0,0,0,0,0,0,0,0,WPT Ready,0,0,False,0,0,0,0,0,0,75%,50%,False,0x00,False,63%,0us,0.000V,0.000V,True,False,Charge Active,v01.23.7357,False,False,0x00,0x00,0x00,0x00,0x00,0x00,0x00,200,13,0,0,0,False,1.0V,0.030,1467mV,1,False,False,v01.20.7357
26-05-30 12:31:00.950006,2902,496,1044,620,240,280,1796,200,True,True,True,True,True,True,True,True,2902,496,1044,620,240,280,1796,200,0,0,0,0,0,0,0,0,WPT Ready,0,0,False,0,0,0,0,0,0,75%,50%,False,0x00,False,63%,0us,0.000V,0.000V,True,False,Charge Active,v01.23.7357,False,False,0x00,0x00,0x00,0x00,0x00,0x00,0x00,200,13,0,0,0,False,1.0V,0.030,1467mV,1,False,False,v01.20.7357
26-05-30 12:31:01.154362,2902,496,1044,620,240,280,1796,200,True,True,True,True,True,True,True,True,2902,496,1044,620,240,280,1796,200,0,0,0,0,0,0,0,0,WPT Ready,0,0,False,0,0,0,0,0,0,75%,50%,False,0x00,False,63%,0us,0.000V,0.000V,True,False,Charge Active,v01.23.7357,False,False,0x00,0x00,0x00,0x00,0x00,0x00,0x00,200,13,0,0,0,False,1.0V,0.030,1467mV,1,False,False,v01.20.7357
26-05-30 12:31:01.353512,2902,496,1044,620,240,280,1796,200,True,True,True,True,True,True,True,True,2902,496,1044,620,240,280,1796,200,0,0,0,0,0,0,0,0,WPT Ready,0,0,False,0,0,0,0,0,0,75%,50%,False,0x00,False,63%,0us,0.000V,0.000V,True,False,Charge Active,v01.23.7357,False,False,0x00,0x00,0x00,0x00,0x00,0x00,0x00,200,13,0,0,0,False,1.0V,0.030,1467mV,1,False,False,v01.20.7357
26-05-30 12:31:01.554886,2902,496,1044,620,240,280,1796,200,True,True,True,True,True,True,True,True,2902,496,1044,620,240,280,1796,200,0,0,0,0,0,0,0,0,WPT Ready,0,0,False,0,0,0,0,0,0,75%,50%,False,0x00,False,63%,0us,0.000V,0.000V,True,False,Charge Active,v01.23.7357,False,False,0x00,0x00,0x00,0x00,0x00,0x00,0x00,200,13,0,0,0,False,1.0V,0.030,1467mV,1,False,False,v01.20.7357
26-05-30 12:31:01.741648,2902,496,1044,620,240,280,1796,200,True,True,True,True,True,True,True,True,2902,496,1044,620,240,280,1796,200,0,0,0,0,0,0,0,0,WPT Ready,0,0,False,0,0,0,0,0,0,75%,50%,False,0x00,False,63%,0us,0.000V,0.000V,True,False,Charge Active,v01.23.7357,False,False,0x00,0x00,0x00,0x00,0x00,0x00,0x00,200,13,0,0,0,False,1.0V,0.030,1467mV,1,False,False,v01.20.7357
26-05-30 12:31:01.956713,2902,496,1044,620,240,280,1796,200,True,True,True,True,True,True,True,True,2902,496,1044,620,240,280,1796,200,0,0,0,0,0,0,0,0,WPT Ready,0,0,False,0,0,0,0,0,0,75%,50%,False,0x00,False,63%,0us,0.000V,0.000V,True,False,Charge Active,v01.23.7357,False,False,0x00,0x00,0x00,0x00,0x00,0x00,0x00,200,13,0,0,0,False,1.0V,0.030,1467mV,1,False,False,v01.20.7357
26-05-30 12:31:02.160348,2902,496,1044,620,240,280,1796,200,True,True,True,True,True,True,True,True,2902,496,1044,620,240,280,1796,200,0,0,0,0,0,0,0,0,WPT Ready,0,0,False,0,0,0,0,0,0,75%,50%,False,0x00,False,63%,0us,0.000V,0.000V,True,False,Charge Active,v01.23.7357,False,False,0x00,0x00,0x00,0x00,0x00,0x00,0x00,200,13,0,0,0,False,1.0V,0.030,1467mV,1,False,False,v01.20.7357
26-05-30 12:31:02.340259,2902,496,1044,620,240,280,1796,200,True,True,True,True,True,True,True,True,2902,496,1044,620,240,280,1796,200,0,0,0,0,0,0,0,0,WPT Ready,0,0,False,0,0,0,0,0,0,75%,50%,False,0x00,False,63%,0us,0.000V,0.000V,True,False,Charge Active,v01.23.7357,False,False,0x00,0x00,0x00,0x00,0x00,0x00,0x00,200,13,0,0,0,False,1.0V,0.030,1467mV,1,False,False,v01.20.7357
26-05-30 12:31:02.559637,2902,496,1044,620,240,280,1796,200,True,True,True,True,True,True,True,True,2902,496,1044,620,240,280,1796,200,0,0,0,0,0,0,0,0,WPT Ready,0,0,False,0,0,0,0,0,0,75%,50%,False,0x00,False,63%,0us,0.000V,0.000V,True,False,Charge Active,v01.23.7357,False,False,0x00,0x00,0x00,0x00,0x00,0x00,0x00,200,13,0,0,0,False,1.0V,0.030,1467mV,1,False,False,v01.20.7357
26-05-30 12:31:02.760484,2902,496,1044,620,240,280,1796,200,True,True,True,True,True,True,True,True,2902,496,1044,620,240,280,1796,200,0,0,0,0,0,0,0,0,WPT Ready,0,0,False,0,0,0,0,0,0,75%,50%,False,0x00,False,63%,0us,0.000V,0.000V,True,False,Charge Active,v01.23.7357,False,False,0x00,0x00,0x00,0x00,0x00,0x00,0x00,200,13,0,0,0,False,1.0V,0.030,1467mV,1,False,False,v01.20.7357
26-05-30 12:31:02.943664,2902,496,1044,620,240,280,1796,200,True,True,True,True,True,True,True,True,2902,496,1044,620,240,280,1796,200,0,0,0,0,0,0,0,0,WPT Ready,0,0,False,0,0,0,0,0,0,75%,50%,False,0x00,False,63%,0us,0.000V,0.000V,True,False,Charge Active,v01.23.7357,False,False,0x00,0x00,0x00,0x00,0x00,0x00,0x00,200,13,0,0,0,False,1.0V,0.030,1467mV,1,False,False,v01.20.7357
26-05-30 12:31:03.158905,2902,496,1044,620,240,280,1796,200,True,True,True,True,True,True,True,True,2902,496,1044,620,240,280,1796,200,0,0,0,0,0,0,0,0,WPT Ready,0,0,False,0,0,0,0,0,0,75%,50%,False,0x00,False,63%,0us,0.000V,0.000V,True,False,Charge Active,v01.23.7357,False,False,0x00,0x00,0x00,0x00,0x00,0x00,0x00,200,13,0,0,0,False,1.0V,0.030,1467mV,1,False,False,v01.20.7357
26-05-30 12:31:03.362636,2902,496,1044,620,240,280,1796,200,True,True,True,True,True,True,True,True,2902,496,1044,620,240,280,1796,200,0,0,0,0,0,0,0,0,WPT Ready,0,0,False,0,0,0,0,0,0,75%,50%,False,0x00,False,63%,0us,0.000V,0.000V,True,False,Charge Active,v01.23.7357,False,False,0x00,0x00,0x00,0x00,0x00,0x00,0x00,200,13,0,0,0,False,1.0V,0.030,1467mV,1,False,False,v01.20.7357
26-05-30 12:31:03.549758,2902,496,1044,620,240,280,1796,200,True,True,True,True,True,True,True,True,2902,496,1044,620,240,280,1796,200,0,0,0,0,0,0,0,0,WPT Ready,0,0,False,0,0,0,0,0,0,75%,50%,False,0x00,False,63%,0us,0.000V,0.000V,True,False,Charge Active,v01.23.7357,False,False,0x00,0x00,0x00,0x00,0x00,0x00,0x00,200,13,0,0,0,False,1.0V,0.030,1467mV,1,False,False,v01.20.7357
26-05-30 12:31:03.743621,2902,496,1044,620,240,280,1796,200,True,True,True,True,True,True,True,True,2902,496,1044,620,240,280,1796,200,0,0,0,0,0,0,0,0,WPT Ready,0,0,False,0,0,0,0,0,0,75%,50%,False,0x00,False,63%,0us,0.000V,0.000V,True,False,Charge Active,v01.23.7357,False,False,0x00,0x00,0x00,0x00,0x00,0x00,0x00,200,13,0,0,0,False,1.0V,0.030,1467mV,1,False,False,v01.20.7357
26-05-30 12:31:03.949075,2902,496,1044,620,240,280,1796,200,True,True,True,True,True,True,True,True,2902,496,1044,620,240,280,1796,200,0,0,0,0,0,0,0,0,WPT Ready,0,0,False,0,0,0,0,0,0,75%,50%,False,0x00,False,63%,0us,0.000V,0.000V,True,False,Charge Active,v01.23.7357,False,False,0x00,0x00,0x00,0x00,0x00,0x00,0x00,200,13,0,0,0,False,1.0V,0.030,1467mV,1,False,False,v01.20.7357
26-05-30 12:31:04.146204,2902,496,1044,620,240,280,1796,200,True,True,True,True,True,True,True,True,2902,496,1044,620,240,280,1796,200,0,0,0,0,0,0,0,0,WPT Ready,0,0,False,0,0,0,0,0,0,75%,50%,False,0x00,False,63%,0us,0.000V,0.000V,True,False,Charge Active,v01.23.7357,False,False,0x00,0x00,0x00,0x00,0x00,0x00,0x00,200,13,0,0,0,False,1.0V,0.030,1467mV,1,False,False,v01.20.7357
26-05-30 12:31:04.342196,2902,496,1044,620,240,280,1796,200,True,True,True,True,True,True,True,True,2902,496,1044,620,240,280,1796,200,0,0,0,0,0,0,0,0,WPT Ready,0,0,False,0,0,0,0,0,0,75%,50%,False,0x00,False,63%,0us,0.000V,0.000V,True,False,Charge Active,v01.23.7357,False,False,0x00,0x00,0x00,0x00,0x00,0x00,0x00,200,13,0,0,0,False,1.0V,0.030,1467mV,1,False,False,v01.20.7357
26-05-30 12:31:04.548045,2902,496,1044,620,240,280,1796,200,True,True,True,True,True,True,True,True,2902,496,1044,620,240,280,1796,200,0,0,0,0,0,0,0,0,WPT Ready,0,0,False,0,0,0,0,0,0,75%,50%,False,0x00,False,63%,0us,0.000V,0.000V,True,False,Charge Active,v01.23.7357,False,False,0x00,0x00,0x00,0x00,0x00,0x00,0x00,200,13,0,0,0,False,1.0V,0.030,1467mV,1,False,False,v01.20.7357
26-05-30 12:31:04.743748,2902,496,1044,620,240,280,1796,200,True,True,True,True,True,True,True,True,2902,496,1044,620,240,280,1796,200,0,0,0,0,0,0,0,0,WPT Ready,0,0,False,0,0,0,0,0,0,75%,50%,False,0x00,False,63%,0us,0.000V,0.000V,True,False,Charge Active,v01.23.7357,False,False,0x00,0x00,0x00,0x00,0x00,0x00,0x00,200,13,0,0,0,False,1.0V,0.030,1467mV,1,False,False,v01.20.7357
26-05-30 12:31:04.946512,2902,496,1044,620,240,280,1796,200,True,True,True,True,True,True,True,True,2902,496,1044,620,240,280,1796,200,0,0,0,0,0,0,0,0,WPT Ready,0,0,False,0,0,0,0,0,0,75%,50%,False,0x00,False,63%,0us,0.000V,0.000V,True,False,Charge Active,v01.23.7357,False,False,0x00,0x00,0x00,0x00,0x00,0x00,0x00,200,13,0,0,0,False,1.0V,0.030,1467mV,1,False,False,v01.20.7357
26-05-30 12:31:05.145738,2902,496,1044,620,240,280,1796,200,True,True,True,True,True,True,True,True,2902,496,1044,620,240,280,1796,200,0,0,0,0,0,0,0,0,WPT Ready,0,0,False,0,0,0,0,0,0,75%,50%,False,0x00,False,63%,0us,0.000V,0.000V,True,False,Charge Active,v01.23.7357,False,False,0x00,0x00,0x00,0x00,0x00,0x00,0x00,200,13,0,0,0,False,1.0V,0.030,1467mV,1,False,False,v01.20.7357
26-05-30 12:31:05.347388,2902,496,1044,620,240,280,1796,200,True,True,True,True,True,True,True,True,2902,496,1044,620,240,280,1796,200,0,0,0,0,0,0,0,0,WPT Ready,0,0,False,0,0,0,0,0,0,75%,50%,False,0x00,False,63%,0us,0.000V,0.000V,True,False,Charge Active,v01.23.7357,False,False,0x00,0x00,0x00,0x00,0x00,0x00,0x00,200,13,0,0,0,False,1.0V,0.030,1467mV,1,False,False,v01.20.7357
26-05-30 12:31:05.548611,2902,496,1044,620,240,280,1796,200,True,True,True,True,True,True,True,True,2902,496,1044,620,240,280,1796,200,0,0,0,0,0,0,0,0,WPT Ready,0,0,False,0,0,0,0,0,0,75%,50%,False,0x00,False,63%,0us,0.000V,0.000V,True,False,Charge Active,v01.23.7357,False,False,0x00,0x00,0x00,0x00,0x00,0x00,0x00,200,13,0,0,0,False,1.0V,0.030,1467mV,1,False,False,v01.20.7357
26-05-30 12:31:05.755468,2902,496,1044,620,240,280,1796,200,True,True,True,True,True,True,True,True,2902,496,1044,620,240,280,1796,200,0,0,0,0,0,0,0,0,WPT Ready,0,0,False,0,0,0,0,0,0,75%,50%,False,0x00,False,63%,0us,0.000V,0.000V,True,False,Charge Active,v01.23.7357,False,False,0x00,0x00,0x00,0x00,0x00,0x00,0x00,200,13,0,0,0,False,1.0V,0.030,1467mV,1,False,False,v01.20.7357
26-05-30 12:31:05.955754,2902,496,1044,620,240,280,1796,200,True,True,True,True,True,True,True,True,2902,496,1044,620,240,280,1796,200,0,0,0,0,0,0,0,0,WPT Ready,0,0,False,0,0,0,0,0,0,75%,50%,False,0x00,False,63%,0us,0.000V,0.000V,True,False,Charge Active,v01.23.7357,False,False,0x00,0x00,0x00,0x00,0x00,0x00,0x00,200,13,0,0,0,False,1.0V,0.030,1467mV,1,False,False,v01.20.7357
26-05-30 12:31:06.150954,2902,496,1044,620,240,280,1796,200,True,True,True,True,True,True,True,True,2902,496,1044,620,240,280,1796,200,0,0,0,0,0,0,0,0,WPT Ready,0,0,False,0,0,0,0,0,0,75%,50%,False,0x00,False,63%,0us,0.000V,0.000V,True,False,Charge Active,v01.23.7357,False,False,0x00,0x00,0x00,0x00,0x00,0x00,0x00,200,13,0,0,0,False,1.0V,0.030,1467mV,1,False,False,v01.20.7357
26-05-30 12:31:06.353574,2902,496,1044,620,240,280,1796,200,True,True,True,True,True,True,True,True,2902,496,1044,620,240,280,1796,200,0,0,0,0,0,0,0,0,WPT Ready,0,0,False,0,0,0,0,0,0,75%,50%,False,0x00,False,63%,0us,0.000V,0.000V,True,False,Charge Active,v01.23.7357,False,False,0x00,0x00,0x00,0x00,0x00,0x00,0x00,200,13,0,0,0,False,1.0V,0.030,1467mV,1,False,False,v01.20.7357
26-05-30 12:31:06.551963,2902,496,1044,620,240,280,1796,200,True,True,True,True,True,True,True,True,2902,496,1044,620,240,280,1796,200,0,0,0,0,0,0,0,0,WPT Ready,0,0,False,0,0,0,0,0,0,75%,50%,False,0x00,False,63%,0us,0.000V,0.000V,True,False,Charge Active,v01.23.7357,False,False,0x00,0x00,0x00,0x00,0x00,0x00,0x00,200,13,0,0,0,False,1.0V,0.030,1467mV,1,False,False,v01.20.7357
26-05-30 12:31:06.756786,2902,496,1044,620,240,280,1796,200,True,True,True,True,True,True,True,True,2902,496,1044,620,240,280,1796,200,0,0,0,0,0,0,0,0,WPT Ready,0,0,False,0,0,0,0,0,0,75%,50%,False,0x00,False,63%,0us,0.000V,0.000V,True,False,Charge Active,v01.23.7357,False,False,0x00,0x00,0x00,0x00,0x00,0x00,0x00,200,13,0,0,0,False,1.0V,0.030,1467mV,1,False,False,v01.20.7357
26-05-30 12:31:06.956860,2902,496,1044,620,240,280,1796,200,True,True,True,True,True,True,True,True,2902,496,1044,620,240,280,1796,200,0,0,0,0,0,0,0,0,WPT Ready,0,0,False,0,0,0,0,0,0,75%,50%,False,0x00,False,63%,0us,0.000V,0.000V,True,False,Charge Active,v01.23.7357,False,False,0x00,0x00,0x00,0x00,0x00,0x00,0x00,200,13,0,0,0,False,1.0V,0.030,1467mV,1,False,False,v01.20.7357
26-05-30 12:31:07.148433,2902,496,1044,620,240,280,1796,200,True,True,True,True,True,True,True,True,2902,496,1044,620,240,280,1796,200,0,0,0,0,0,0,0,0,WPT Ready,0,0,False,0,0,0,0,0,0,75%,50%,False,0x00,False,63%,0us,0.000V,0.000V,True,False,Charge Active,v01.23.7357,False,False,0x00,0x00,0x00,0x00,0x00,0x00,0x00,200,13,0,0,0,False,1.0V,0.030,1467mV,1,False,False,v01.20.7357
26-05-30 12:31:07.348728,2902,496,1044,620,240,280,1796,200,True,True,True,True,True,True,True,True,2902,496,1044,620,240,280,1796,200,0,0,0,0,0,0,0,0,WPT Ready,0,0,False,0,0,0,0,0,0,75%,50%,False,0x00,False,63%,0us,0.000V,0.000V,True,False,Charge Active,v01.23.7357,False,False,0x00,0x00,0x00,0x00,0x00,0x00,0x00,200,13,0,0,0,False,1.0V,0.030,1467mV,1,False,False,v01.20.7357
26-05-30 12:31:07.552987,2902,496,1044,620,240,280,1796,200,True,True,True,True,True,True,True,True,2902,496,1044,620,240,280,1796,200,0,0,0,0,0,0,0,0,WPT Ready,0,0,False,0,0,0,0,0,0,75%,50%,False,0x00,False,63%,0us,0.000V,0.000V,True,False,Charge Active,v01.23.7357,False,False,0x00,0x00,0x00,0x00,0x00,0x00,0x00,200,13,0,0,0,False,1.0V,0.030,1467mV,1,False,False,v01.20.7357
26-05-30 12:31:07.753893,2902,496,1044,620,240,280,1796,200,True,True,True,True,True,True,True,True,2902,496,1044,620,240,280,1796,200,0,0,0,0,0,0,0,0,WPT Ready,0,0,False,0,0,0,0,0,0,75%,50%,False,0x00,False,63%,0us,0.000V,0.000V,True,False,Charge Active,v01.23.7357,False,False,0x00,0x00,0x00,0x00,0x00,0x00,0x00,200,13,0,0,0,False,1.0V,0.030,1467mV,1,False,False,v01.20.7357
26-05-30 12:31:07.954141,2902,496,1044,620,240,280,1796,200,True,True,True,True,True,True,True,True,2902,496,1044,620,240,280,1796,200,0,0,0,0,0,0,0,0,WPT Ready,0,0,False,0,0,0,0,0,0,75%,50%,False,0x00,False,63%,0us,0.000V,0.000V,True,False,Charge Active,v01.23.7357,False,False,0x00,0x00,0x00,0x00,0x00,0x00,0x00,200,13,0,0,0,False,1.0V,0.030,1467mV,1,False,False,v01.20.7357
26-05-30 12:31:08.161645,2902,496,1044,620,240,280,1796,200,True,True,True,True,True,True,True,True,2902,496,1044,620,240,280,1796,200,0,0,0,0,0,0,0,0,WPT Ready,0,0,False,0,0,0,0,0,0,75%,50%,False,0x00,False,63%,0us,0.000V,0.000V,True,False,Charge Active,v01.23.7357,False,False,0x00,0x00,0x00,0x00,0x00,0x00,0x00,200,13,0,0,0,False,1.0V,0.030,1467mV,1,False,False,v01.20.7357
26-05-30 12:31:08.349170,2902,496,1044,620,240,280,1796,200,True,True,True,True,True,True,True,True,2902,496,1044,620,240,280,1796,200,0,0,0,0,0,0,0,0,WPT Ready,0,0,False,0,0,0,0,0,0,75%,50%,False,0x00,False,63%,0us,0.000V,0.000V,True,False,Charge Active,v01.23.7357,False,False,0x00,0x00,0x00,0x00,0x00,0x00,0x00,200,13,0,0,0,False,1.0V,0.030,1467mV,1,False,False,v01.20.7357
26-05-30 12:31:08.559701,2902,496,1044,620,240,280,1796,200,True,True,True,True,True,True,True,True,2902,496,1044,620,240,280,1796,200,0,0,0,0,0,0,0,0,WPT Ready,0,0,False,0,0,0,0,0,0,75%,50%,False,0x00,False,63%,0us,0.000V,0.000V,True,False,Charge Active,v01.23.7357,False,False,0x00,0x00,0x00,0x00,0x00,0x00,0x00,200,13,0,0,0,False,1.0V,0.030,1467mV,1,False,False,v01.20.7357
26-05-30 12:31:08.758211,2902,496,1044,620,240,280,1796,200,True,True,True,True,True,True,True,True,2902,496,1044,620,240,280,1796,200,0,0,0,0,0,0,0,0,WPT Ready,0,0,False,0,0,0,0,0,0,75%,50%,False,0x00,False,63%,0us,0.000V,0.000V,True,False,Charge Active,v01.23.7357,False,False,0x00,0x00,0x00,0x00,0x00,0x00,0x00,200,13,0,0,0,False,1.0V,0.030,1467mV,1,False,False,v01.20.7357
26-05-30 12:31:08.961097,2902,496,1044,620,240,280,1796,200,True,True,True,True,True,True,True,True,2902,496,1044,620,240,280,1796,200,0,0,0,0,0,0,0,0,WPT Ready,0,0,False,0,0,0,0,0,0,75%,50%,False,0x00,False,63%,0us,0.000V,0.000V,True,False,Charge Active,v01.23.7357,False,False,0x00,0x00,0x00,0x00,0x00,0x00,0x00,200,13,0,0,0,False,1.0V,0.030,1467mV,1,False,False,v01.20.7357
26-05-30 12:31:09.152974,2902,496,1044,620,240,280,1796,200,True,True,True,True,True,True,True,True,2902,496,1044,620,240,280,1796,200,0,0,0,0,0,0,0,0,WPT Ready,0,0,False,0,0,0,0,0,0,75%,50%,False,0x00,False,63%,0us,0.000V,0.000V,True,False,Charge Active,v01.23.7357,False,False,0x00,0x00,0x00,0x00,0x00,0x00,0x00,200,13,0,0,0,False,1.0V,0.030,1467mV,1,False,False,v01.20.7357
26-05-30 12:31:09.359435,2902,496,1044,620,240,280,1796,200,True,True,True,True,True,True,True,True,2902,496,1044,620,240,280,1796,200,0,0,0,0,0,0,0,0,WPT Ready,0,0,False,0,0,0,0,0,0,75%,50%,False,0x00,False,63%,0us,0.000V,0.000V,True,False,Charge Active,v01.23.7357,False,False,0x00,0x00,0x00,0x00,0x00,0x00,0x00,200,13,0,0,0,False,1.0V,0.030,1467mV,1,False,False,v01.20.7357
26-05-30 12:31:09.552492,2902,496,1044,620,240,280,1796,200,True,True,True,True,True,True,True,True,2902,496,1044,620,240,280,1796,200,0,0,0,0,0,0,0,0,WPT Ready,0,0,False,0,0,0,0,0,0,75%,50%,False,0x00,False,63%,0us,0.000V,0.000V,True,False,Charge Active,v01.23.7357,False,False,0x00,0x00,0x00,0x00,0x00,0x00,0x00,200,13,0,0,0,False,1.0V,0.030,1467mV,1,False,False,v01.20.7357
26-05-30 12:31:09.745549,2902,496,1044,620,240,280,1796,200,True,True,True,True,True,True,True,True,2902,496,1044,620,240,280,1796,200,0,0,0,0,0,0,0,0,WPT Ready,0,0,False,0,0,0,0,0,0,75%,50%,False,0x00,False,63%,0us,0.000V,0.000V,True,False,Charge Active,v01.23.7357,False,False,0x00,0x00,0x00,0x00,0x00,0x00,0x00,200,13,0,0,0,False,1.0V,0.030,1467mV,1,False,False,v01.20.7357
26-05-30 12:31:09.961899,2902,496,1044,620,240,280,1796,200,True,True,True,True,True,True,True,True,2902,496,1044,620,240,280,1796,200,0,0,0,0,0,0,0,0,WPT Ready,0,0,False,0,0,0,0,0,0,75%,50%,False,0x00,False,63%,0us,0.000V,0.000V,True,False,Charge Active,v01.23.7357,False,False,0x00,0x00,0x00,0x00,0x00,0x00,0x00,200,13,0,0,0,False,1.0V,0.030,1467mV,1,False,False,v01.20.7357
26-05-30 12:31:10.164418,2902,496,1044,620,240,280,1796,200,True,True,True,True,True,True,True,True,2902,496,1044,620,240,280,1796,200,0,0,0,0,0,0,0,0,WPT Ready,0,0,False,0,0,0,0,0,0,75%,50%,False,0x00,False,63%,0us,0.000V,0.000V,True,False,Charge Active,v01.23.7357,False,False,0x00,0x00,0x00,0x00,0x00,0x00,0x00,200,13,0,0,0,False,1.0V,0.030,1467mV,1,False,False,v01.20.7357
26-05-30 12:31:10.345274,2902,496,1044,620,240,280,1796,200,True,True,True,True,True,True,True,True,2902,496,1044,620,240,280,1796,200,0,0,0,0,0,0,0,0,WPT Ready,0,0,False,0,0,0,0,0,0,75%,50%,False,0x00,False,63%,0us,0.000V,0.000V,True,False,Charge Active,v01.23.7357,False,False,0x00,0x00,0x00,0x00,0x00,0x00,0x00,200,13,0,0,0,False,1.0V,0.030,1467mV,1,False,False,v01.20.7357
26-05-30 12:31:10.563906,2902,496,1044,620,240,280,1796,200,True,True,True,True,True,True,True,True,2902,496,1044,620,240,280,1796,200,0,0,0,0,0,0,0,0,WPT Ready,0,0,False,0,0,0,0,0,0,75%,50%,False,0x00,False,63%,0us,0.000V,0.000V,True,False,Charge Active,v01.23.7357,False,False,0x00,0x00,0x00,0x00,0x00,0x00,0x00,200,13,0,0,0,False,1.0V,0.030,1467mV,1,False,False,v01.20.7357
26-05-30 12:31:10.758851,2902,496,1044,620,240,280,1796,200,True,True,True,True,True,True,True,True,2902,496,1044,620,240,280,1796,200,0,0,0,0,0,0,0,0,WPT Ready,0,0,False,0,0,0,0,0,0,75%,50%,False,0x00,False,63%,0us,0.000V,0.000V,True,False,Charge Active,v01.23.7357,False,False,0x00,0x00,0x00,0x00,0x00,0x00,0x00,200,13,0,0,0,False,1.0V,0.030,1467mV,1,False,False,v01.20.7357
26-05-30 12:31:10.955870,2902,496,1044,620,240,280,1796,200,True,True,True,True,True,True,True,True,2902,496,1044,620,240,280,1796,200,0,0,0,0,0,0,0,0,WPT Ready,0,0,False,0,0,0,0,0,0,75%,50%,False,0x00,False,63%,0us,0.000V,0.000V,True,False,Charge Active,v01.23.7357,False,False,0x00,0x00,0x00,0x00,0x00,0x00,0x00,200,13,0,0,0,False,1.0V,0.030,1467mV,1,False,False,v01.20.7357
26-05-30 12:31:11.157631,2902,496,1044,620,240,280,1796,200,True,True,True,True,True,True,True,True,2902,496,1044,620,240,280,1796,200,0,0,0,0,0,0,0,0,WPT Ready,0,0,False,0,0,0,0,0,0,75%,50%,False,0x00,False,63%,0us,0.000V,0.000V,True,False,Charge Active,v01.23.7357,False,False,0x00,0x00,0x00,0x00,0x00,0x00,0x00,200,13,0,0,0,False,1.0V,0.030,1467mV,1,False,False,v01.20.7357
26-05-30 12:31:11.362428,2902,496,1044,620,240,280,1796,200,True,True,True,True,True,True,True,True,2902,496,1044,620,240,280,1796,200,0,0,0,0,0,0,0,0,WPT Ready,0,0,False,0,0,0,0,0,0,75%,50%,False,0x00,False,63%,0us,0.000V,0.000V,True,False,Charge Active,v01.23.7357,False,False,0x00,0x00,0x00,0x00,0x00,0x00,0x00,200,13,0,0,0,False,1.0V,0.030,1467mV,1,False,False,v01.20.7357
26-05-30 12:31:11.558645,2902,496,1044,620,240,280,1796,200,True,True,True,True,True,True,True,True,2902,496,1044,620,240,280,1796,200,0,0,0,0,0,0,0,0,WPT Ready,0,0,False,0,0,0,0,0,0,75%,50%,False,0x00,False,63%,0us,0.000V,0.000V,True,False,Charge Active,v01.23.7357,False,False,0x00,0x00,0x00,0x00,0x00,0x00,0x00,200,13,0,0,0,False,1.0V,0.030,1467mV,1,False,False,v01.20.7357
26-05-30 12:31:11.760843,2902,496,1044,620,240,280,1796,200,True,True,True,True,True,True,True,True,2902,496,1044,620,240,280,1796,200,0,0,0,0,0,0,0,0,WPT Ready,0,0,False,0,0,0,0,0,0,75%,50%,False,0x00,False,63%,0us,0.000V,0.000V,True,False,Charge Active,v01.23.7357,False,False,0x00,0x00,0x00,0x00,0x00,0x00,0x00,200,13,0,0,0,False,1.0V,0.030,1467mV,1,False,False,v01.20.7357
26-05-30 12:31:11.961388,2902,496,1044,620,240,280,1796,200,True,True,True,True,True,True,True,True,2902,496,1044,620,240,280,1796,200,0,0,0,0,0,0,0,0,WPT Ready,0,0,False,0,0,0,0,0,0,75%,50%,False,0x00,False,63%,0us,0.000V,0.000V,True,False,Charge Active,v01.23.7357,False,False,0x00,0x00,0x00,0x00,0x00,0x00,0x00,200,13,0,0,0,False,1.0V,0.030,1467mV,1,False,False,v01.20.7357
26-05-30 12:31:12.163892,2902,496,1044,620,240,280,1796,200,True,True,True,True,True,True,True,True,2902,496,1044,620,240,280,1796,200,0,0,0,0,0,0,0,0,WPT Ready,0,0,False,0,0,0,0,0,0,75%,50%,False,0x00,False,63%,0us,0.000V,0.000V,True,False,Charge Active,v01.23.7357,False,False,0x00,0x00,0x00,0x00,0x00,0x00,0x00,200,13,0,0,0,False,1.0V,0.030,1467mV,1,False,False,v01.20.7357
26-05-30 12:31:12.371467,2902,496,1044,620,240,280,1796,200,True,True,True,True,True,True,True,True,2902,496,1044,620,240,280,1796,200,0,0,0,0,0,0,0,0,WPT Ready,0,0,False,0,0,0,0,0,0,75%,50%,False,0x00,False,63%,0us,0.000V,0.000V,True,False,Charge Active,v01.23.7357,False,False,0x00,0x00,0x00,0x00,0x00,0x00,0x00,200,13,0,0,0,False,1.0V,0.030,1467mV,1,False,False,v01.20.7357
26-05-30 12:31:12.564434,2902,496,1044,620,240,280,1796,200,True,True,True,True,True,True,True,True,2902,496,1044,620,240,280,1796,200,0,0,0,0,0,0,0,0,WPT Ready,0,0,False,0,0,0,0,0,0,75%,50%,False,0x00,False,63%,0us,0.000V,0.000V,True,False,Charge Active,v01.23.7357,False,False,0x00,0x00,0x00,0x00,0x00,0x00,0x00,200,13,0,0,0,False,1.0V,0.030,1467mV,1,False,False,v01.20.7357
26-05-30 12:31:12.772841,2902,496,1044,620,240,280,1796,200,True,True,True,True,True,True,True,True,2902,496,1044,620,240,280,1796,200,0,0,0,0,0,0,0,0,WPT Ready,0,0,False,0,0,0,0,0,0,75%,50%,False,0x00,False,63%,0us,0.000V,0.000V,True,False,Charge Active,v01.23.7357,False,False,0x00,0x00,0x00,0x00,0x00,0x00,0x00,200,13,0,0,0,False,1.0V,0.030,1467mV,1,False,False,v01.20.7357
26-05-30 12:31:12.968939,2902,496,1044,620,240,280,1796,200,True,True,True,True,True,True,True,True,2902,496,1044,620,240,280,1796,200,0,0,0,0,0,0,0,0,WPT Ready,0,0,False,0,0,0,0,0,0,75%,50%,False,0x00,False,63%,0us,0.000V,0.000V,True,False,Charge Active,v01.23.7357,False,False,0x00,0x00,0x00,0x00,0x00,0x00,0x00,200,13,0,0,0,False,1.0V,0.030,1467mV,1,False,False,v01.20.7357
26-05-30 12:31:13.172252,2902,496,1044,620,240,280,1796,200,True,True,True,True,True,True,True,True,2902,496,1044,620,240,280,1796,200,0,0,0,0,0,0,0,0,WPT Ready,0,0,False,0,0,0,0,0,0,75%,50%,False,0x00,False,63%,0us,0.000V,0.000V,True,False,Charge Active,v01.23.7357,False,False,0x00,0x00,0x00,0x00,0x00,0x00,0x00,200,13,0,0,0,False,1.0V,0.030,1467mV,1,False,False,v01.20.7357
26-05-30 12:31:13.372999,2902,496,1044,620,240,280,1796,200,True,True,True,True,True,True,True,True,2902,496,1044,620,240,280,1796,200,0,0,0,0,0,0,0,0,WPT Ready,0,0,False,0,0,0,0,0,0,75%,50%,False,0x00,False,63%,0us,0.000V,0.000V,True,False,Charge Active,v01.23.7357,False,False,0x00,0x00,0x00,0x00,0x00,0x00,0x00,200,13,0,0,0,False,1.0V,0.030,1467mV,1,False,False,v01.20.7357
26-05-30 12:31:13.575662,2902,496,1044,620,240,280,1796,200,True,True,True,True,True,True,True,True,2902,496,1044,620,240,280,1796,200,0,0,0,0,0,0,0,0,WPT Ready,0,0,False,0,0,0,0,0,0,75%,50%,False,0x00,False,63%,0us,0.000V,0.000V,True,False,Charge Active,v01.23.7357,False,False,0x00,0x00,0x00,0x00,0x00,0x00,0x00,200,13,0,0,0,False,1.0V,0.030,1467mV,1,False,False,v01.20.7357
26-05-30 12:31:13.777038,2902,496,1044,620,240,280,1796,200,True,True,True,True,True,True,True,True,2902,496,1044,620,240,280,1796,200,0,0,0,0,0,0,0,0,WPT Ready,0,0,False,0,0,0,0,0,0,75%,50%,False,0x00,False,63%,0us,0.000V,0.000V,True,False,Charge Active,v01.23.7357,False,False,0x00,0x00,0x00,0x00,0x00,0x00,0x00,200,13,0,0,0,False,1.0V,0.030,1467mV,1,False,False,v01.20.7357
26-05-30 12:31:13.975605,2902,496,1044,620,240,280,1796,200,True,True,True,True,True,True,True,True,2902,496,1044,620,240,280,1796,200,0,0,0,0,0,0,0,0,WPT Ready,0,0,False,0,0,0,0,0,0,75%,50%,False,0x00,False,63%,0us,0.000V,0.000V,True,False,Charge Active,v01.23.7357,False,False,0x00,0x00,0x00,0x00,0x00,0x00,0x00,200,13,0,0,0,False,1.0V,0.030,1467mV,1,False,False,v01.20.7357
26-05-30 12:31:14.148173,2902,496,1044,620,240,280,1796,200,True,True,True,True,True,True,True,True,2902,496,1044,620,240,280,1796,200,0,0,0,0,0,0,0,0,WPT Ready,0,0,False,0,0,0,0,0,0,75%,50%,False,0x00,False,63%,0us,0.000V,0.000V,True,False,Charge Active,v01.23.7357,False,False,0x00,0x00,0x00,0x00,0x00,0x00,0x00,200,13,0,0,0,False,1.0V,0.030,1467mV,1,False,False,v01.20.7357
26-05-30 12:31:14.343003,2902,496,1044,620,240,280,1796,200,True,True,True,True,True,True,True,True,2902,496,1044,620,240,280,1796,200,0,0,0,0,0,0,0,0,WPT Ready,0,0,False,0,0,0,0,0,0,75%,50%,False,0x00,False,63%,0us,0.000V,0.000V,True,False,Charge Active,v01.23.7357,False,False,0x00,0x00,0x00,0x00,0x00,0x00,0x00,200,13,0,0,0,False,1.0V,0.030,1467mV,1,False,False,v01.20.7357
26-05-30 12:31:14.559250,2902,496,1044,620,240,280,1796,200,True,True,True,True,True,True,True,True,2902,496,1044,620,240,280,1796,200,0,0,0,0,0,0,0,0,WPT Ready,0,0,False,0,0,0,0,0,0,75%,50%,False,0x00,False,63%,0us,0.000V,0.000V,True,False,Charge Active,v01.23.7357,False,False,0x00,0x00,0x00,0x00,0x00,0x00,0x00,200,13,0,0,0,False,1.0V,0.030,1467mV,1,False,False,v01.20.7357
26-05-30 12:31:14.745181,2902,496,1044,620,240,280,1796,200,True,True,True,True,True,True,True,True,2902,496,1044,620,240,280,1796,200,0,0,0,0,0,0,0,0,WPT Ready,0,0,False,0,0,0,0,0,0,75%,50%,False,0x00,False,63%,0us,0.000V,0.000V,True,False,Charge Active,v01.23.7357,False,False,0x00,0x00,0x00,0x00,0x00,0x00,0x00,200,13,0,0,0,False,1.0V,0.030,1467mV,1,False,False,v01.20.7357
26-05-30 12:31:14.945742,2902,496,1044,620,240,280,1796,200,True,True,True,True,True,True,True,True,2902,496,1044,620,240,280,1796,200,0,0,0,0,0,0,0,0,WPT Ready,0,0,False,0,0,0,0,0,0,75%,50%,False,0x00,False,63%,0us,0.000V,0.000V,True,False,Charge Active,v01.23.7357,False,False,0x00,0x00,0x00,0x00,0x00,0x00,0x00,200,13,0,0,0,False,1.0V,0.030,1467mV,1,False,False,v01.20.7357
26-05-30 12:31:15.149573,2902,496,1044,620,240,280,1796,200,True,True,True,True,True,True,True,True,2902,496,1044,620,240,280,1796,200,0,0,0,0,0,0,0,0,WPT Ready,0,0,False,0,0,0,0,0,0,75%,50%,False,0x00,False,63%,0us,0.000V,0.000V,True,False,Charge Active,v01.23.7357,False,False,0x00,0x00,0x00,0x00,0x00,0x00,0x00,200,13,0,0,0,False,1.0V,0.030,1467mV,1,False,False,v01.20.7357
26-05-30 12:31:15.345206,2902,496,1044,620,240,280,1796,200,True,True,True,True,True,True,True,True,2902,496,1044,620,240,280,1796,200,0,0,0,0,0,0,0,0,WPT Ready,0,0,False,0,0,0,0,0,0,75%,50%,False,0x00,False,63%,0us,0.000V,0.000V,True,False,Charge Active,v01.23.7357,False,False,0x00,0x00,0x00,0x00,0x00,0x00,0x00,200,13,0,0,0,False,1.0V,0.030,1467mV,1,False,False,v01.20.7357
26-05-30 12:31:15.545948,2902,496,1044,620,240,280,1796,200,True,True,True,True,True,True,True,True,2902,496,1044,620,240,280,1796,200,0,0,0,0,0,0,0,0,WPT Ready,0,0,False,0,0,0,0,0,0,75%,50%,False,0x00,False,63%,0us,0.000V,0.000V,True,False,Charge Active,v01.23.7357,False,False,0x00,0x00,0x00,0x00,0x00,0x00,0x00,200,13,0,0,0,False,1.0V,0.030,1467mV,1,False,False,v01.20.7357
26-05-30 12:31:15.754161,2902,496,1044,620,240,280,1796,200,True,True,True,True,True,True,True,True,2902,496,1044,620,240,280,1796,200,0,0,0,0,0,0,0,0,WPT Ready,0,0,False,0,0,0,0,0,0,75%,50%,False,0x00,False,63%,0us,0.000V,0.000V,True,False,Charge Active,v01.23.7357,False,False,0x00,0x00,0x00,0x00,0x00,0x00,0x00,200,13,0,0,0,False,1.0V,0.030,1467mV,1,False,False,v01.20.7357
26-05-30 12:31:15.945946,2902,496,1044,620,240,280,1796,200,True,True,True,True,True,True,True,True,2902,496,1044,620,240,280,1796,200,0,0,0,0,0,0,0,0,WPT Ready,0,0,False,0,0,0,0,0,0,75%,50%,False,0x00,False,63%,0us,0.000V,0.000V,True,False,Charge Active,v01.23.7357,False,False,0x00,0x00,0x00,0x00,0x00,0x00,0x00,200,13,0,0,0,False,1.0V,0.030,1467mV,1,False,False,v01.20.7357
26-05-30 12:31:16.147112,2902,496,1044,620,240,280,1796,200,True,True,True,True,True,True,True,True,2902,496,1044,620,240,280,1796,200,0,0,0,0,0,0,0,0,WPT Ready,0,0,False,0,0,0,0,0,0,75%,50%,False,0x00,False,63%,0us,0.000V,0.000V,True,False,Charge Active,v01.23.7357,False,False,0x00,0x00,0x00,0x00,0x00,0x00,0x00,200,13,0,0,0,False,1.0V,0.030,1467mV,1,False,False,v01.20.7357
26-05-30 12:31:16.353522,2902,496,1044,620,240,280,1796,200,True,True,True,True,True,True,True,True,2902,496,1044,620,240,280,1796,200,0,0,0,0,0,0,0,0,WPT Ready,0,0,False,0,0,0,0,0,0,75%,50%,False,0x00,False,63%,0us,0.000V,0.000V,True,False,Charge Active,v01.23.7357,False,False,0x00,0x00,0x00,0x00,0x00,0x00,0x00,200,13,0,0,0,False,1.0V,0.030,1467mV,1,False,False,v01.20.7357
26-05-30 12:31:16.553257,2902,496,1044,620,240,280,1796,200,True,True,True,True,True,True,True,True,2902,496,1044,620,240,280,1796,200,0,0,0,0,0,0,0,0,WPT Ready,0,0,False,0,0,0,0,0,0,75%,50%,False,0x00,False,63%,0us,0.000V,0.000V,True,False,Charge Active,v01.23.7357,False,False,0x00,0x00,0x00,0x00,0x00,0x00,0x00,200,13,0,0,0,False,1.0V,0.030,1467mV,1,False,False,v01.20.7357
26-05-30 12:31:16.746616,2902,496,1044,620,240,280,1796,200,True,True,True,True,True,True,True,True,2902,496,1044,620,240,280,1796,200,0,0,0,0,0,0,0,0,WPT Ready,0,0,False,0,0,0,0,0,0,75%,50%,False,0x00,False,63%,0us,0.000V,0.000V,True,False,Charge Active,v01.23.7357,False,False,0x00,0x00,0x00,0x00,0x00,0x00,0x00,200,13,0,0,0,False,1.0V,0.030,1467mV,1,False,False,v01.20.7357
26-05-30 12:31:16.954893,2902,496,1044,620,240,280,1796,200,True,True,True,True,True,True,True,True,2902,496,1044,620,240,280,1796,200,0,0,0,0,0,0,0,0,WPT Ready,0,0,False,0,0,0,0,0,0,75%,50%,False,0x00,False,63%,0us,0.000V,0.000V,True,False,Charge Active,v01.23.7357,False,False,0x00,0x00,0x00,0x00,0x00,0x00,0x00,200,13,0,0,0,False,1.0V,0.030,1467mV,1,False,False,v01.20.7357
26-05-30 12:31:17.152844,2902,496,1044,620,240,280,1796,200,True,True,True,True,True,True,True,True,2902,496,1044,620,240,280,1796,200,0,0,0,0,0,0,0,0,WPT Ready,0,0,False,0,0,0,0,0,0,75%,50%,False,0x00,False,63%,0us,0.000V,0.000V,True,False,Charge Active,v01.23.7357,False,False,0x00,0x00,0x00,0x00,0x00,0x00,0x00,200,13,0,0,0,False,1.0V,0.030,1467mV,1,False,False,v01.20.7357
26-05-30 12:31:17.341778,2902,496,1044,620,240,280,1796,200,True,True,True,True,True,True,True,True,2902,496,1044,620,240,280,1796,200,0,0,0,0,0,0,0,0,WPT Ready,0,0,False,0,0,0,0,0,0,75%,50%,False,0x00,False,63%,0us,0.000V,0.000V,True,False,Charge Active,v01.23.7357,False,False,0x00,0x00,0x00,0x00,0x00,0x00,0x00,200,13,0,0,0,False,1.0V,0.030,1467mV,1,False,False,v01.20.7357
26-05-30 12:31:17.556041,2902,496,1044,620,240,280,1796,200,True,True,True,True,True,True,True,True,2902,496,1044,620,240,280,1796,200,0,0,0,0,0,0,0,0,WPT Ready,0,0,False,0,0,0,0,0,0,75%,50%,False,0x00,False,63%,0us,0.000V,0.000V,True,False,Charge Active,v01.23.7357,False,False,0x00,0x00,0x00,0x00,0x00,0x00,0x00,200,13,0,0,0,False,1.0V,0.030,1467mV,1,False,False,v01.20.7357
26-05-30 12:31:17.752979,2902,496,1044,620,240,280,1796,200,True,True,True,True,True,True,True,True,2902,496,1044,620,240,280,1796,200,0,0,0,0,0,0,0,0,WPT Ready,0,0,False,0,0,0,0,0,0,75%,50%,False,0x00,False,63%,0us,0.000V,0.000V,True,False,Charge Active,v01.23.7357,False,False,0x00,0x00,0x00,0x00,0x00,0x00,0x00,200,13,0,0,0,False,1.0V,0.030,1467mV,1,False,False,v01.20.7357
26-05-30 12:31:17.958358,2902,496,1044,620,240,280,1796,200,True,True,True,True,True,True,True,True,2902,496,1044,620,240,280,1796,200,0,0,0,0,0,0,0,0,WPT Ready,0,0,False,0,0,0,0,0,0,75%,50%,False,0x00,False,63%,0us,0.000V,0.000V,True,False,Charge Active,v01.23.7357,False,False,0x00,0x00,0x00,0x00,0x00,0x00,0x00,200,13,0,0,0,False,1.0V,0.030,1467mV,1,False,False,v01.20.7357
26-05-30 12:31:18.153706,2902,496,1044,620,240,280,1796,200,True,True,True,True,True,True,True,True,2902,496,1044,620,240,280,1796,200,0,0,0,0,0,0,0,0,WPT Ready,0,0,False,0,0,0,0,0,0,75%,50%,False,0x00,False,63%,0us,0.000V,0.000V,True,False,Charge Active,v01.23.7357,False,False,0x00,0x00,0x00,0x00,0x00,0x00,0x00,200,13,0,0,0,False,1.0V,0.030,1467mV,1,False,False,v01.20.7357
26-05-30 12:31:18.356891,2902,496,1044,620,240,280,1796,200,True,True,True,True,True,True,True,True,2902,496,1044,620,240,280,1796,200,0,0,0,0,0,0,0,0,WPT Ready,0,0,False,0,0,0,0,0,0,75%,50%,False,0x00,False,63%,0us,0.000V,0.000V,True,False,Charge Active,v01.23.7357,False,False,0x00,0x00,0x00,0x00,0x00,0x00,0x00,200,13,0,0,0,False,1.0V,0.030,1467mV,1,False,False,v01.20.7357
26-05-30 12:31:18.560192,2902,496,1044,620,240,280,1796,200,True,True,True,True,True,True,True,True,2902,496,1044,620,240,280,1796,200,0,0,0,0,0,0,0,0,WPT Ready,0,0,False,0,0,0,0,0,0,75%,50%,False,0x00,False,63%,0us,0.000V,0.000V,True,False,Charge Active,v01.23.7357,False,False,0x00,0x00,0x00,0x00,0x00,0x00,0x00,200,13,0,0,0,False,1.0V,0.030,1467mV,1,False,False,v01.20.7357
26-05-30 12:31:18.759967,2902,496,1044,620,240,280,1796,200,True,True,True,True,True,True,True,True,2902,496,1044,620,240,280,1796,200,0,0,0,0,0,0,0,0,WPT Ready,0,0,False,0,0,0,0,0,0,75%,50%,False,0x00,False,63%,0us,0.000V,0.000V,True,False,Charge Active,v01.23.7357,False,False,0x00,0x00,0x00,0x00,0x00,0x00,0x00,200,13,0,0,0,False,1.0V,0.030,1467mV,1,False,False,v01.20.7357
26-05-30 12:31:18.964263,2902,496,1044,620,240,280,1796,200,True,True,True,True,True,True,True,True,2902,496,1044,620,240,280,1796,200,0,0,0,0,0,0,0,0,WPT Ready,0,0,False,0,0,0,0,0,0,75%,50%,False,0x00,False,63%,0us,0.000V,0.000V,True,False,Charge Active,v01.23.7357,False,False,0x00,0x00,0x00,0x00,0x00,0x00,0x00,200,13,0,0,0,False,1.0V,0.030,1467mV,1,False,False,v01.20.7357
26-05-30 12:31:19.152178,2902,496,1044,620,240,280,1796,200,True,True,True,True,True,True,True,True,2902,496,1044,620,240,280,1796,200,0,0,0,0,0,0,0,0,WPT Ready,0,0,False,0,0,0,0,0,0,75%,50%,False,0x00,False,63%,0us,0.000V,0.000V,True,False,Charge Active,v01.23.7357,False,False,0x00,0x00,0x00,0x00,0x00,0x00,0x00,200,13,0,0,0,False,1.0V,0.030,1467mV,1,False,False,v01.20.7357
26-05-30 12:31:19.358573,2902,496,1044,620,240,280,1796,200,True,True,True,True,True,True,True,True,2902,496,1044,620,240,280,1796,200,0,0,0,0,0,0,0,0,WPT Ready,0,0,False,0,0,0,0,0,0,75%,50%,False,0x00,False,63%,0us,0.000V,0.000V,True,False,Charge Active,v01.23.7357,False,False,0x00,0x00,0x00,0x00,0x00,0x00,0x00,200,13,0,0,0,False,1.0V,0.030,1467mV,1,False,False,v01.20.7357
26-05-30 12:31:19.541465,2902,496,1044,620,240,280,1796,200,True,True,True,True,True,True,True,True,2902,496,1044,620,240,280,1796,200,0,0,0,0,0,0,0,0,WPT Ready,0,0,False,0,0,0,0,0,0,75%,50%,False,0x00,False,63%,0us,0.000V,0.000V,True,False,Charge Active,v01.23.7357,False,False,0x00,0x00,0x00,0x00,0x00,0x00,0x00,200,13,0,0,0,False,1.0V,0.030,1467mV,1,False,False,v01.20.7357
26-05-30 12:31:19.741925,2902,496,1044,620,240,280,1796,200,True,True,True,True,True,True,True,True,2902,496,1044,620,240,280,1796,200,0,0,0,0,0,0,0,0,WPT Ready,0,0,False,0,0,0,0,0,0,75%,50%,False,0x00,False,63%,0us,0.000V,0.000V,True,False,Charge Active,v01.23.7357,False,False,0x00,0x00,0x00,0x00,0x00,0x00,0x00,200,13,0,0,0,False,1.0V,0.030,1467mV,1,False,False,v01.20.7357
26-05-30 12:31:19.962443,2902,496,1044,620,240,280,1796,200,True,True,True,True,True,True,True,True,2902,496,1044,620,240,280,1796,200,0,0,0,0,0,0,0,0,WPT Ready,0,0,False,0,0,0,0,0,0,75%,50%,False,0x00,False,63%,0us,0.000V,0.000V,True,False,Charge Active,v01.23.7357,False,False,0x00,0x00,0x00,0x00,0x00,0x00,0x00,200,13,0,0,0,False,1.0V,0.030,1467mV,1,False,False,v01.20.7357
26-05-30 12:31:20.141400,2902,496,1044,620,240,280,1796,200,True,True,True,True,True,True,True,True,2902,496,1044,620,240,280,1796,200,0,0,0,0,0,0,0,0,WPT Ready,0,0,False,0,0,0,0,0,0,75%,50%,False,0x00,False,63%,0us,0.000V,0.000V,True,False,Charge Active,v01.23.7357,False,False,0x00,0x00,0x00,0x00,0x00,0x00,0x00,200,13,0,0,0,False,1.0V,0.030,1467mV,1,False,False,v01.20.7357
26-05-30 12:31:20.345360,2902,496,1044,620,240,280,1796,200,True,True,True,True,True,True,True,True,2902,496,1044,620,240,280,1796,200,0,0,0,0,0,0,0,0,WPT Ready,0,0,False,0,0,0,0,0,0,75%,50%,False,0x00,False,63%,0us,0.000V,0.000V,True,False,Charge Active,v01.23.7357,False,False,0x00,0x00,0x00,0x00,0x00,0x00,0x00,200,13,0,0,0,False,1.0V,0.030,1467mV,1,False,False,v01.20.7357
26-05-30 12:31:20.566656,2902,496,1044,620,240,280,1796,200,True,True,True,True,True,True,True,True,2902,496,1044,620,240,280,1796,200,0,0,0,0,0,0,0,0,WPT Ready,0,0,False,0,0,0,0,0,0,75%,50%,False,0x00,False,63%,0us,0.000V,0.000V,True,False,Charge Active,v01.23.7357,False,False,0x00,0x00,0x00,0x00,0x00,0x00,0x00,200,13,0,0,0,False,1.0V,0.030,1467mV,1,False,False,v01.20.7357
26-05-30 12:31:20.746457,2902,496,1044,620,240,280,1796,200,True,True,True,True,True,True,True,True,2902,496,1044,620,240,280,1796,200,0,0,0,0,0,0,0,0,WPT Ready,0,0,False,0,0,0,0,0,0,75%,50%,False,0x00,False,63%,0us,0.000V,0.000V,True,False,Charge Active,v01.23.7357,False,False,0x00,0x00,0x00,0x00,0x00,0x00,0x00,200,13,0,0,0,False,1.0V,0.030,1467mV,1,False,False,v01.20.7357
26-05-30 12:31:20.945902,2902,496,1044,620,240,280,1796,200,True,True,True,True,True,True,True,True,2902,496,1044,620,240,280,1796,200,0,0,0,0,0,0,0,0,WPT Ready,0,0,False,0,0,0,0,0,0,75%,50%,False,0x00,False,63%,0us,0.000V,0.000V,True,False,Charge Active,v01.23.7357,False,False,0x00,0x00,0x00,0x00,0x00,0x00,0x00,200,13,0,0,0,False,1.0V,0.030,1467mV,1,False,False,v01.20.7357
26-05-30 12:31:21.164318,2902,496,1044,620,240,280,1796,200,True,True,True,True,True,True,True,True,2902,496,1044,620,240,280,1796,200,0,0,0,0,0,0,0,0,WPT Ready,0,0,False,0,0,0,0,0,0,75%,50%,False,0x00,False,63%,0us,0.000V,0.000V,True,False,Charge Active,v01.23.7357,False,False,0x00,0x00,0x00,0x00,0x00,0x00,0x00,200,13,0,0,0,False,1.0V,0.030,1467mV,1,False,False,v01.20.7357
26-05-30 12:31:21.352786,2902,496,1044,620,240,280,1796,200,True,True,True,True,True,True,True,True,2902,496,1044,620,240,280,1796,200,0,0,0,0,0,0,0,0,WPT Ready,0,0,False,0,0,0,0,0,0,75%,50%,False,0x00,False,63%,0us,0.000V,0.000V,True,False,Charge Active,v01.23.7357,False,False,0x00,0x00,0x00,0x00,0x00,0x00,0x00,200,13,0,0,0,False,1.0V,0.030,1467mV,1,False,False,v01.20.7357
26-05-30 12:31:21.540107,2902,496,1044,620,240,280,1796,200,True,True,True,True,True,True,True,True,2902,496,1044,620,240,280,1796,200,0,0,0,0,0,0,0,0,WPT Ready,0,0,False,0,0,0,0,0,0,75%,50%,False,0x00,False,63%,0us,0.000V,0.000V,True,False,Charge Active,v01.23.7357,False,False,0x00,0x00,0x00,0x00,0x00,0x00,0x00,200,13,0,0,0,False,1.0V,0.030,1467mV,1,False,False,v01.20.7357
26-05-30 12:31:21.752091,2902,496,1044,620,240,280,1796,200,True,True,True,True,True,True,True,True,2902,496,1044,620,240,280,1796,200,0,0,0,0,0,0,0,0,WPT Ready,0,0,False,0,0,0,0,0,0,75%,50%,False,0x00,False,63%,0us,0.000V,0.000V,True,False,Charge Active,v01.23.7357,False,False,0x00,0x00,0x00,0x00,0x00,0x00,0x00,200,13,0,0,0,False,1.0V,0.030,1467mV,1,False,False,v01.20.7357
26-05-30 12:31:21.952301,2902,496,1044,620,240,280,1796,200,True,True,True,True,True,True,True,True,2902,496,1044,620,240,280,1796,200,0,0,0,0,0,0,0,0,WPT Ready,0,0,False,0,0,0,0,0,0,75%,50%,False,0x00,False,63%,0us,0.000V,0.000V,True,False,Charge Active,v01.23.7357,False,False,0x00,0x00,0x00,0x00,0x00,0x00,0x00,200,13,0,0,0,False,1.0V,0.030,1467mV,1,False,False,v01.20.7357
26-05-30 12:31:22.154457,2902,496,1044,620,240,280,1796,200,True,True,True,True,True,True,True,True,2902,496,1044,620,240,280,1796,200,0,0,0,0,0,0,0,0,WPT Ready,0,0,False,0,0,0,0,0,0,75%,50%,False,0x00,False,63%,0us,0.000V,0.000V,True,False,Charge Active,v01.23.7357,False,False,0x00,0x00,0x00,0x00,0x00,0x00,0x00,200,13,0,0,0,False,1.0V,0.030,1467mV,1,False,False,v01.20.7357
26-05-30 12:31:22.352684,2902,496,1044,620,240,280,1796,200,True,True,True,True,True,True,True,True,2902,496,1044,620,240,280,1796,200,0,0,0,0,0,0,0,0,WPT Ready,0,0,False,0,0,0,0,0,0,75%,50%,False,0x00,False,63%,0us,0.000V,0.000V,True,False,Charge Active,v01.23.7357,False,False,0x00,0x00,0x00,0x00,0x00,0x00,0x00,200,13,0,0,0,False,1.0V,0.030,1467mV,1,False,False,v01.20.7357
26-05-30 12:31:22.561036,2902,496,1044,620,240,280,1796,200,True,True,True,True,True,True,True,True,2902,496,1044,620,240,280,1796,200,0,0,0,0,0,0,0,0,WPT Ready,0,0,False,0,0,0,0,0,0,75%,50%,False,0x00,False,63%,0us,0.000V,0.000V,True,False,Charge Active,v01.23.7357,False,False,0x00,0x00,0x00,0x00,0x00,0x00,0x00,200,13,0,0,0,False,1.0V,0.030,1467mV,1,False,False,v01.20.7357
26-05-30 12:31:22.753065,2902,496,1044,620,240,280,1796,200,True,True,True,True,True,True,True,True,2902,496,1044,620,240,280,1796,200,0,0,0,0,0,0,0,0,WPT Ready,0,0,False,0,0,0,0,0,0,75%,50%,False,0x00,False,63%,0us,0.000V,0.000V,True,False,Charge Active,v01.23.7357,False,False,0x00,0x00,0x00,0x00,0x00,0x00,0x00,200,13,0,0,0,False,1.0V,0.030,1467mV,1,False,False,v01.20.7357
26-05-30 12:31:22.964668,2902,496,1044,620,240,280,1796,200,True,True,True,True,True,True,True,True,2902,496,1044,620,240,280,1796,200,0,0,0,0,0,0,0,0,WPT Ready,0,0,False,0,0,0,0,0,0,75%,50%,False,0x00,False,63%,0us,0.000V,0.000V,True,False,Charge Active,v01.23.7357,False,False,0x00,0x00,0x00,0x00,0x00,0x00,0x00,200,13,0,0,0,False,1.0V,0.030,1467mV,1,False,False,v01.20.7357
26-05-30 12:31:23.155831,2902,496,1044,620,240,280,1796,200,True,True,True,True,True,True,True,True,2902,496,1044,620,240,280,1796,200,0,0,0,0,0,0,0,0,WPT Ready,0,0,False,0,0,0,0,0,0,75%,50%,False,0x00,False,63%,0us,0.000V,0.000V,True,False,Charge Active,v01.23.7357,False,False,0x00,0x00,0x00,0x00,0x00,0x00,0x00,200,13,0,0,0,False,1.0V,0.030,1467mV,1,False,False,v01.20.7357
26-05-30 12:31:23.362279,2902,496,1044,620,240,280,1796,200,True,True,True,True,True,True,True,True,2902,496,1044,620,240,280,1796,200,0,0,0,0,0,0,0,0,WPT Ready,0,0,False,0,0,0,0,0,0,75%,50%,False,0x00,False,63%,0us,0.000V,0.000V,True,False,Charge Active,v01.23.7357,False,False,0x00,0x00,0x00,0x00,0x00,0x00,0x00,200,13,0,0,0,False,1.0V,0.030,1467mV,1,False,False,v01.20.7357
26-05-30 12:31:23.551561,2902,496,1044,620,240,280,1796,200,True,True,True,True,True,True,True,True,2902,496,1044,620,240,280,1796,200,0,0,0,0,0,0,0,0,WPT Ready,0,0,False,0,0,0,0,0,0,75%,50%,False,0x00,False,63%,0us,0.000V,0.000V,True,False,Charge Active,v01.23.7357,False,False,0x00,0x00,0x00,0x00,0x00,0x00,0x00,200,13,0,0,0,False,1.0V,0.030,1467mV,1,False,False,v01.20.7357
26-05-30 12:31:23.745740,2902,496,1044,620,240,280,1796,200,True,True,True,True,True,True,True,True,2902,496,1044,620,240,280,1796,200,0,0,0,0,0,0,0,0,WPT Ready,0,0,False,0,0,0,0,0,0,75%,50%,False,0x00,False,63%,0us,0.000V,0.000V,True,False,Charge Active,v01.23.7357,False,False,0x00,0x00,0x00,0x00,0x00,0x00,0x00,200,13,0,0,0,False,1.0V,0.030,1467mV,1,False,False,v01.20.7357
26-05-30 12:31:23.946925,2902,496,1044,620,240,280,1796,200,True,True,True,True,True,True,True,True,2902,496,1044,620,240,280,1796,200,0,0,0,0,0,0,0,0,WPT Ready,0,0,False,0,0,0,0,0,0,75%,50%,False,0x00,False,63%,0us,0.000V,0.000V,True,False,Charge Active,v01.23.7357,False,False,0x00,0x00,0x00,0x00,0x00,0x00,0x00,200,13,0,0,0,False,1.0V,0.030,1467mV,1,False,False,v01.20.7357
26-05-30 12:31:24.158457,2902,496,1044,620,240,280,1796,200,True,True,True,True,True,True,True,True,2902,496,1044,620,240,280,1796,200,0,0,0,0,0,0,0,0,WPT Ready,0,0,False,0,0,0,0,0,0,75%,50%,False,0x00,False,63%,0us,0.000V,0.000V,True,False,Charge Active,v01.23.7357,False,False,0x00,0x00,0x00,0x00,0x00,0x00,0x00,200,13,0,0,0,False,1.0V,0.030,1467mV,1,False,False,v01.20.7357
26-05-30 12:31:24.351064,2902,496,1044,620,240,280,1796,200,True,True,True,True,True,True,True,True,2902,496,1044,620,240,280,1796,200,0,0,0,0,0,0,0,0,WPT Ready,0,0,False,0,0,0,0,0,0,75%,50%,False,0x00,False,63%,0us,0.000V,0.000V,True,False,Charge Active,v01.23.7357,False,False,0x00,0x00,0x00,0x00,0x00,0x00,0x00,200,13,0,0,0,False,1.0V,0.030,1467mV,1,False,False,v01.20.7357
26-05-30 12:31:24.560071,2902,496,1044,620,240,280,1796,200,True,True,True,True,True,True,True,True,2902,496,1044,620,240,280,1796,200,0,0,0,0,0,0,0,0,WPT Ready,0,0,False,0,0,0,0,0,0,75%,50%,False,0x00,False,63%,0us,0.000V,0.000V,True,False,Charge Active,v01.23.7357,False,False,0x00,0x00,0x00,0x00,0x00,0x00,0x00,200,13,0,0,0,False,1.0V,0.030,1467mV,1,False,False,v01.20.7357
26-05-30 12:31:24.761053,2902,496,1044,620,240,280,1796,200,True,True,True,True,True,True,True,True,2902,496,1044,620,240,280,1796,200,0,0,0,0,0,0,0,0,WPT Ready,0,0,False,0,0,0,0,0,0,75%,50%,False,0x00,False,63%,0us,0.000V,0.000V,True,False,Charge Active,v01.23.7357,False,False,0x00,0x00,0x00,0x00,0x00,0x00,0x00,200,13,0,0,0,False,1.0V,0.030,1467mV,1,False,False,v01.20.7357
26-05-30 12:31:24.962037,2902,496,1044,620,240,280,1796,200,True,True,True,True,True,True,True,True,2902,496,1044,620,240,280,1796,200,0,0,0,0,0,0,0,0,WPT Ready,0,0,False,0,0,0,0,0,0,75%,50%,False,0x00,False,63%,0us,0.000V,0.000V,True,False,Charge Active,v01.23.7357,False,False,0x00,0x00,0x00,0x00,0x00,0x00,0x00,200,13,0,0,0,False,1.0V,0.030,1467mV,1,False,False,v01.20.7357
26-05-30 12:31:25.165748,2902,496,1044,620,240,280,1796,200,True,True,True,True,True,True,True,True,2902,496,1044,620,240,280,1796,200,0,0,0,0,0,0,0,0,WPT Ready,0,0,False,0,0,0,0,0,0,75%,50%,False,0x00,False,63%,0us,0.000V,0.000V,True,False,Charge Active,v01.23.7357,False,False,0x00,0x00,0x00,0x00,0x00,0x00,0x00,200,13,0,0,0,False,1.0V,0.030,1467mV,1,False,False,v01.20.7357
26-05-30 12:31:25.371409,2902,496,1044,620,240,280,1796,200,True,True,True,True,True,True,True,True,2902,496,1044,620,240,280,1796,200,0,0,0,0,0,0,0,0,WPT Ready,0,0,False,0,0,0,0,0,0,75%,50%,False,0x00,False,63%,0us,0.000V,0.000V,True,False,Charge Active,v01.23.7357,False,False,0x00,0x00,0x00,0x00,0x00,0x00,0x00,200,13,0,0,0,False,1.0V,0.030,1467mV,1,False,False,v01.20.7357
26-05-30 12:31:25.566397,2902,496,1044,620,240,280,1796,200,True,True,True,True,True,True,True,True,2902,496,1044,620,240,280,1796,200,0,0,0,0,0,0,0,0,WPT Ready,0,0,False,0,0,0,0,0,0,75%,50%,False,0x00,False,63%,0us,0.000V,0.000V,True,False,Charge Active,v01.23.7357,False,False,0x00,0x00,0x00,0x00,0x00,0x00,0x00,200,13,0,0,0,False,1.0V,0.030,1467mV,1,False,False,v01.20.7357
26-05-30 12:31:25.767324,2902,496,1044,620,240,280,1796,200,True,True,True,True,True,True,True,True,2902,496,1044,620,240,280,1796,200,0,0,0,0,0,0,0,0,WPT Ready,0,0,False,0,0,0,0,0,0,75%,50%,False,0x00,False,63%,0us,0.000V,0.000V,True,False,Charge Active,v01.23.7357,False,False,0x00,0x00,0x00,0x00,0x00,0x00,0x00,200,13,0,0,0,False,1.0V,0.030,1467mV,1,False,False,v01.20.7357
26-05-30 12:31:25.970561,2902,496,1044,620,240,280,1796,200,True,True,True,True,True,True,True,True,2902,496,1044,620,240,280,1796,200,0,0,0,0,0,0,0,0,WPT Ready,0,0,False,0,0,0,0,0,0,75%,50%,False,0x00,False,63%,0us,0.000V,0.000V,True,False,Charge Active,v01.23.7357,False,False,0x00,0x00,0x00,0x00,0x00,0x00,0x00,200,13,0,0,0,False,1.0V,0.030,1467mV,1,False,False,v01.20.7357
26-05-30 12:31:26.173127,2902,496,1044,620,240,280,1796,200,True,True,True,True,True,True,True,True,2902,496,1044,620,240,280,1796,200,0,0,0,0,0,0,0,0,WPT Ready,0,0,False,0,0,0,0,0,0,75%,50%,False,0x00,False,63%,0us,0.000V,0.000V,True,False,Charge Active,v01.23.7357,False,False,0x00,0x00,0x00,0x00,0x00,0x00,0x00,200,13,0,0,0,False,1.0V,0.030,1467mV,1,False,False,v01.20.7357
26-05-30 12:31:26.371945,2902,496,1044,620,240,280,1796,200,True,True,True,True,True,True,True,True,2902,496,1044,620,240,280,1796,200,0,0,0,0,0,0,0,0,WPT Ready,0,0,False,0,0,0,0,0,0,75%,50%,False,0x00,False,63%,0us,0.000V,0.000V,True,False,Charge Active,v01.23.7357,False,False,0x00,0x00,0x00,0x00,0x00,0x00,0x00,200,13,0,0,0,False,1.0V,0.030,1467mV,1,False,False,v01.20.7357
26-05-30 12:31:26.568272,2902,496,1044,620,240,280,1796,200,True,True,True,True,True,True,True,True,2902,496,1044,620,240,280,1796,200,0,0,0,0,0,0,0,0,WPT Ready,0,0,False,0,0,0,0,0,0,75%,50%,False,0x00,False,63%,0us,0.000V,0.000V,True,False,Charge Active,v01.23.7357,False,False,0x00,0x00,0x00,0x00,0x00,0x00,0x00,200,13,0,0,0,False,1.0V,0.030,1467mV,1,False,False,v01.20.7357
26-05-30 12:31:26.772210,2902,496,1044,620,240,280,1796,200,True,True,True,True,True,True,True,True,2902,496,1044,620,240,280,1796,200,0,0,0,0,0,0,0,0,WPT Ready,0,0,False,0,0,0,0,0,0,75%,50%,False,0x00,False,63%,0us,0.000V,0.000V,True,False,Charge Active,v01.23.7357,False,False,0x00,0x00,0x00,0x00,0x00,0x00,0x00,200,13,0,0,0,False,1.0V,0.030,1467mV,1,False,False,v01.20.7357
26-05-30 12:31:26.973517,2902,496,1044,620,240,280,1796,200,True,True,True,True,True,True,True,True,2902,496,1044,620,240,280,1796,200,0,0,0,0,0,0,0,0,WPT Ready,0,0,False,0,0,0,0,0,0,75%,50%,False,0x00,False,63%,0us,0.000V,0.000V,True,False,Charge Active,v01.23.7357,False,False,0x00,0x00,0x00,0x00,0x00,0x00,0x00,200,13,0,0,0,False,1.0V,0.030,1467mV,1,False,False,v01.20.7357
26-05-30 12:31:27.174464,2902,496,1044,620,240,280,1796,200,True,True,True,True,True,True,True,True,2902,496,1044,620,240,280,1796,200,0,0,0,0,0,0,0,0,WPT Ready,0,0,False,0,0,0,0,0,0,75%,50%,False,0x00,False,63%,0us,0.000V,0.000V,True,False,Charge Active,v01.23.7357,False,False,0x00,0x00,0x00,0x00,0x00,0x00,0x00,200,13,0,0,0,False,1.0V,0.030,1467mV,1,False,False,v01.20.7357
26-05-30 12:31:27.377524,2902,496,1044,620,240,280,1796,200,True,True,True,True,True,True,True,True,2902,496,1044,620,240,280,1796,200,0,0,0,0,0,0,0,0,WPT Ready,0,0,False,0,0,0,0,0,0,75%,50%,False,0x00,False,63%,0us,0.000V,0.000V,True,False,Charge Active,v01.23.7357,False,False,0x00,0x00,0x00,0x00,0x00,0x00,0x00,200,13,0,0,0,False,1.0V,0.030,1467mV,1,False,False,v01.20.7357
26-05-30 12:31:27.546308,2902,496,1044,620,240,280,1796,200,True,True,True,True,True,True,True,True,2902,496,1044,620,240,280,1796,200,0,0,0,0,0,0,0,0,WPT Ready,0,0,False,0,0,0,0,0,0,75%,50%,False,0x00,False,63%,0us,0.000V,0.000V,True,False,Charge Active,v01.23.7357,False,False,0x00,0x00,0x00,0x00,0x00,0x00,0x00,200,13,0,0,0,False,1.0V,0.030,1467mV,1,False,False,v01.20.7357
26-05-30 12:31:27.752157,2902,496,1044,620,240,280,1796,200,True,True,True,True,True,True,True,True,2902,496,1044,620,240,280,1796,200,0,0,0,0,0,0,0,0,WPT Ready,0,0,False,0,0,0,0,0,0,75%,50%,False,0x00,False,63%,0us,0.000V,0.000V,True,False,Charge Active,v01.23.7357,False,False,0x00,0x00,0x00,0x00,0x00,0x00,0x00,200,13,0,0,0,False,1.0V,0.030,1467mV,1,False,False,v01.20.7357
26-05-30 12:31:27.957063,2902,496,1044,620,240,280,1796,200,True,True,True,True,True,True,True,True,2902,496,1044,620,240,280,1796,200,0,0,0,0,0,0,0,0,WPT Ready,0,0,False,0,0,0,0,0,0,75%,50%,False,0x00,False,63%,0us,0.000V,0.000V,True,False,Charge Active,v01.23.7357,False,False,0x00,0x00,0x00,0x00,0x00,0x00,0x00,200,13,0,0,0,False,1.0V,0.030,1467mV,1,False,False,v01.20.7357
26-05-30 12:31:28.144736,2902,496,1044,620,240,280,1796,200,True,True,True,True,True,True,True,True,2902,496,1044,620,240,280,1796,200,0,0,0,0,0,0,0,0,WPT Ready,0,0,False,0,0,0,0,0,0,75%,50%,False,0x00,False,63%,0us,0.000V,0.000V,True,False,Charge Active,v01.23.7357,False,False,0x00,0x00,0x00,0x00,0x00,0x00,0x00,200,13,0,0,0,False,1.0V,0.030,1467mV,1,False,False,v01.20.7357
26-05-30 12:31:28.347917,2902,496,1044,620,240,280,1796,200,True,True,True,True,True,True,True,True,2902,496,1044,620,240,280,1796,200,0,0,0,0,0,0,0,0,WPT Ready,0,0,False,0,0,0,0,0,0,75%,50%,False,0x00,False,63%,0us,0.000V,0.000V,True,False,Charge Active,v01.23.7357,False,False,0x00,0x00,0x00,0x00,0x00,0x00,0x00,200,13,0,0,0,False,1.0V,0.030,1467mV,1,False,False,v01.20.7357
26-05-30 12:31:28.543478,2902,496,1044,620,240,280,1796,200,True,True,True,True,True,True,True,True,2902,496,1044,620,240,280,1796,200,0,0,0,0,0,0,0,0,WPT Ready,0,0,False,0,0,0,0,0,0,75%,50%,False,0x00,False,63%,0us,0.000V,0.000V,True,False,Charge Active,v01.23.7357,False,False,0x00,0x00,0x00,0x00,0x00,0x00,0x00,200,13,0,0,0,False,1.0V,0.030,1467mV,1,False,False,v01.20.7357
26-05-30 12:31:28.760455,2902,496,1044,620,240,280,1796,200,True,True,True,True,True,True,True,True,2902,496,1044,620,240,280,1796,200,0,0,0,0,0,0,0,0,WPT Ready,0,0,False,0,0,0,0,0,0,75%,50%,False,0x00,False,63%,0us,0.000V,0.000V,True,False,Charge Active,v01.23.7357,False,False,0x00,0x00,0x00,0x00,0x00,0x00,0x00,200,13,0,0,0,False,1.0V,0.030,1467mV,1,False,False,v01.20.7357
26-05-30 12:31:28.956984,2902,496,1044,620,240,280,1796,200,True,True,True,True,True,True,True,True,2902,496,1044,620,240,280,1796,200,0,0,0,0,0,0,0,0,WPT Ready,0,0,False,0,0,0,0,0,0,75%,50%,False,0x00,False,63%,0us,0.000V,0.000V,True,False,Charge Active,v01.23.7357,False,False,0x00,0x00,0x00,0x00,0x00,0x00,0x00,200,13,0,0,0,False,1.0V,0.030,1467mV,1,False,False,v01.20.7357
26-05-30 12:31:29.150507,2902,496,1044,620,240,280,1796,200,True,True,True,True,True,True,True,True,2902,496,1044,620,240,280,1796,200,0,0,0,0,0,0,0,0,WPT Ready,0,0,False,0,0,0,0,0,0,75%,50%,False,0x00,False,63%,0us,0.000V,0.000V,True,False,Charge Active,v01.23.7357,False,False,0x00,0x00,0x00,0x00,0x00,0x00,0x00,200,13,0,0,0,False,1.0V,0.030,1467mV,1,False,False,v01.20.7357
26-05-30 12:31:29.347235,2902,496,1044,620,240,280,1796,200,True,True,True,True,True,True,True,True,2902,496,1044,620,240,280,1796,200,0,0,0,0,0,0,0,0,WPT Ready,0,0,False,0,0,0,0,0,0,75%,50%,False,0x00,False,63%,0us,0.000V,0.000V,True,False,Charge Active,v01.23.7357,False,False,0x00,0x00,0x00,0x00,0x00,0x00,0x00,200,13,0,0,0,False,1.0V,0.030,1467mV,1,False,False,v01.20.7357
26-05-30 12:31:29.554847,2902,496,1044,620,240,280,1796,200,True,True,True,True,True,True,True,True,2902,496,1044,620,240,280,1796,200,0,0,0,0,0,0,0,0,WPT Ready,0,0,False,0,0,0,0,0,0,75%,50%,False,0x00,False,63%,0us,0.000V,0.000V,True,False,Charge Active,v01.23.7357,False,False,0x00,0x00,0x00,0x00,0x00,0x00,0x00,200,13,0,0,0,False,1.0V,0.030,1467mV,1,False,False,v01.20.7357
