Timestamp,v_sys_smp,i_sys_smp,v_bst_smp,i_bst_smp,t_bst_smp,t_inv_smp,v_rec_smp,t_rec_smp,v_sys_avg_valid,i_sys_avg_valid,v_bst_avg_valid,i_bst_avg_valid,t_bst_avg_valid,t_inv_avg_valid,v_rec_avg_valid,t_rec_avg_valid,v_sys_avg,i_sys_avg,v_bst_avg,i_bst_avg,t_bst_avg,t_inv_avg,v_rec_avg,t_rec_avg,v_sys_tripped,i_sys_tripped,v_bst_tripped,i_bst_tripped,t_bst_tripped,t_inv_tripped,v_rec_tripped,t_rec_tripped,State,Trips and Commands,Fault Count,WPT Enabled,FPGA Buck Deadtime,FPGA Boost Deadtime,FPGA A Coarse,FPGA A Fine,FPGA B Coarse,FPGA B Fine,Hub SOC,Implant SOC,UI Button,UI Counter,USB Charging,Alignment,PETV CTRL,Control Error,Control Voltage,Implant Synced,Implant CMD Stop,Implant State,Implant Version,BMS PG,BMS INT,BMS STAT0,BMS STAT1,BMS STAT2,BMS FLAG0,BMS FLAG1,BMS FLAG2,BMS FLAG3,PETV CTRL Valids,PETV Slow Valids,PETV Stats Value,PETV Resp Valids,PETV Resp Valids IDX,Open Loop,DCDC Voltage,Control kI,PETV Compare Threshold,PETV Stats Index,WPT Start,WPT Stop,Hub Version
26-05-30 12:09:58.362305,2902,496,1044,620,240,280,1796,200,True,True,True,True,True,True,True,True,2902,496,1044,620,240,280,1796,200,0,0,0,0,0,0,0,0,WPT Ready,0,0,False,0,0,0,0,0,0,75%,50%,False,0x00,False,63%,0us,0.000V,0.000V,True,False,Charge Active,v01.23.7357,False,False,0x00,0x00,0x00,0x00,0x00,0x00,0x00,200,13,0,0,0,False,1.0V,0.030,1467mV,1,False,False,v01.20.7357
26-05-30 12:09:59.254545,2902,496,1044,620,240,280,1796,200,True,True,True,True,True,True,True,True,2902,496,1044,620,240,280,1796,200,0,0,0,0,0,0,0,0,WPT Ready,0,0,False,0,0,0,0,0,0,75%,50%,False,0x00,False,63%,0us,0.000V,0.000V,True,False,Charge Active,v01.23.7357,False,False,0x00,0x00,0x00,0x00,0x00,0x00,0x00,200,13,0,0,0,False,1.0V,0.030,1467mV,1,False,False,v01.20.7357
26-05-30 12:09:59.283932,2902,496,1044,620,240,280,1796,200,True,True,True,True,True,True,True,True,2902,496,1044,620,240,280,1796,200,0,0,0,0,0,0,0,0,WPT Ready,0,0,False,0,0,0,0,0,0,75%,50%,False,0x00,False,63%,0us,0.000V,0.000V,True,False,Charge Active,v01.23.7357,False,False,0x00,0x00,0x00,0x00,0x00,0x00,0x00,200,13,0,0,0,False,1.0V,0.030,1467mV,1,False,False,v01.20.7357
26-05-30 12:09:59.304043,2902,496,1044,620,240,280,1796,200,True,True,True,True,True,True,True,True,2902,496,1044,620,240,280,1796,200,0,0,0,0,0,0,0,0,WPT Ready,0,0,False,0,0,0,0,0,0,75%,50%,False,0x00,False,63%,0us,0.000V,0.000V,True,False,Charge Active,v01.23.7357,False,False,0x00,0x00,0x00,0x00,0x00,0x00,0x00,200,13,0,0,0,False,1.0V,0.030,1467mV,1,False,False,v01.20.7357
26-05-30 12:09:59.350043,2902,496,1044,620,240,280,1796,200,True,True,True,True,True,True,True,True,2902,496,1044,620,240,280,1796,200,0,0,0,0,0,0,0,0,WPT Ready,0,0,False,0,0,0,0,0,0,75%,50%,False,0x00,False,63%,0us,0.000V,0.000V,True,False,Charge Active,v01.23.7357,False,False,0x00,0x00,0x00,0x00,0x00,0x00,0x00,200,13,0,0,0,False,1.0V,0.030,1467mV,1,False,False,v01.20.7357
26-05-30 12:09:59.376646,2902,496,1044,620,240,280,1796,200,True,True,True,True,True,True,True,True,2902,496,1044,620,240,280,1796,200,0,0,0,0,0,0,0,0,WPT Ready,0,0,False,0,0,0,0,0,0,75%,50%,False,0x00,False,63%,0us,0.000V,0.000V,True,False,Charge Active,v01.23.7357,False,False,0x00,0x00,0x00,0x00,0x00,0x00,0x00,200,13,0,0,0,False,1.0V,0.030,1467mV,1,False,False,v01.20.7357
26-05-30 12:09:59.398180,2902,496,1044,620,240,280,1796,200,True,True,True,True,True,True,True,True,2902,496,1044,620,240,280,1796,200,0,0,0,0,0,0,0,0,WPT Ready,0,0,False,0,0,0,0,0,0,75%,50%,False,0x00,False,63%,0us,0.000V,0.000V,True,False,Charge Active,v01.23.7357,False,False,0x00,0x00,0x00,0x00,0x00,0x00,0x00,200,13,0,0,0,False,1.0V,0.030,1467mV,1,False,False,v01.20.7357
26-05-30 12:09:59.452321,2902,496,1044,620,240,280,1796,200,True,True,True,True,True,True,True,True,2902,496,1044,620,240,280,1796,200,0,0,0,0,0,0,0,0,WPT Ready,0,0,False,0,0,0,0,0,0,75%,50%,False,0x00,False,63%,0us,0.000V,0.000V,True,False,Charge Active,v01.23.7357,False,False,0x00,0x00,0x00,0x00,0x00,0x00,0x00,200,13,0,0,0,False,1.0V,0.030,1467mV,1,False,False,v01.20.7357
26-05-30 12:09:59.481816,2902,496,1044,620,240,280,1796,200,True,True,True,True,True,True,True,True,2902,496,1044,620,240,280,1796,200,0,0,0,0,0,0,0,0,WPT Ready,0,0,False,0,0,0,0,0,0,75%,50%,False,0x00,False,63%,0us,0.000V,0.000V,True,False,Charge Active,v01.23.7357,False,False,0x00,0x00,0x00,0x00,0x00,0x00,0x00,200,13,0,0,0,False,1.0V,0.030,1467mV,1,False,False,v01.20.7357
26-05-30 12:09:59.658368,2902,496,1044,620,240,280,1796,200,True,True,True,True,True,True,True,True,2902,496,1044,620,240,280,1796,200,0,0,0,0,0,0,0,0,WPT Ready,0,0,False,0,0,0,0,0,0,75%,50%,False,0x00,False,63%,0us,0.000V,0.000V,True,False,Charge Active,v01.23.7357,False,False,0x00,0x00,0x00,0x00,0x00,0x00,0x00,200,13,0,0,0,False,1.0V,0.030,1467mV,1,False,False,v01.20.7357
26-05-30 12:09:59.864108,2902,496,1044,620,240,280,1796,200,True,True,True,True,True,True,True,True,2902,496,1044,620,240,280,1796,200,0,0,0,0,0,0,0,0,WPT Ready,0,0,False,0,0,0,0,0,0,75%,50%,False,0x00,False,63%,0us,0.000V,0.000V,True,False,Charge Active,v01.23.7357,False,False,0x00,0x00,0x00,0x00,0x00,0x00,0x00,200,13,0,0,0,False,1.0V,0.030,1467mV,1,False,False,v01.20.7357
26-05-30 12:10:00.040654,2902,496,1044,620,240,280,1796,200,True,True,True,True,True,True,True,True,2902,496,1044,620,240,280,1796,200,0,0,0,0,0,0,0,0,WPT Ready,0,0,False,0,0,0,0,0,0,75%,50%,False,0x00,False,63%,0us,0.000V,0.000V,True,False,Charge Active,v01.23.7357,False,False,0x00,0x00,0x00,0x00,0x00,0x00,0x00,200,13,0,0,0,False,1.0V,0.030,1467mV,1,False,False,v01.20.7357
26-05-30 12:10:00.239980,2902,496,1044,620,240,280,1796,200,True,True,True,True,True,True,True,True,2902,496,1044,620,240,280,1796,200,0,0,0,0,0,0,0,0,WPT Ready,0,0,False,0,0,0,0,0,0,75%,50%,False,0x00,False,63%,0us,0.000V,0.000V,True,False,Charge Active,v01.23.7357,False,False,0x00,0x00,0x00,0x00,0x00,0x00,0x00,200,13,0,0,0,False,1.0V,0.030,1467mV,1,False,False,v01.20.7357
26-05-30 12:10:00.449477,2902,496,1044,620,240,280,1796,200,True,True,True,True,True,True,True,True,2902,496,1044,620,240,280,1796,200,0,0,0,0,0,0,0,0,WPT Ready,0,0,False,0,0,0,0,0,0,75%,50%,False,0x00,False,63%,0us,0.000V,0.000V,True,False,Charge Active,v01.23.7357,False,False,0x00,0x00,0x00,0x00,0x00,0x00,0x00,200,13,0,0,0,False,1.0V,0.030,1467mV,1,False,False,v01.20.7357
26-05-30 12:10:00.647661,2902,496,1044,620,240,280,1796,200,True,True,True,True,True,True,True,True,2902,496,1044,620,240,280,1796,200,0,0,0,0,0,0,0,0,WPT Ready,0,0,False,0,0,0,0,0,0,75%,50%,False,0x00,False,63%,0us,0.000V,0.000V,True,False,Charge Active,v01.23.7357,False,False,0x00,0x00,0x00,0x00,0x00,0x00,0x00,200,13,0,0,0,False,1.0V,0.030,1467mV,1,False,False,v01.20.7357
26-05-30 12:10:00.859845,2902,496,1044,620,240,280,1796,200,True,True,True,True,True,True,True,True,2902,496,1044,620,240,280,1796,200,0,0,0,0,0,0,0,0,WPT Ready,0,0,False,0,0,0,0,0,0,75%,50%,False,0x00,False,63%,0us,0.000V,0.000V,True,False,Charge Active,v01.23.7357,False,False,0x00,0x00,0x00,0x00,0x00,0x00,0x00,200,13,0,0,0,False,1.0V,0.030,1467mV,1,False,False,v01.20.7357
26-05-30 12:10:01.063871,2902,496,1044,620,240,280,1796,200,True,True,True,True,True,True,True,True,2902,496,1044,620,240,280,1796,200,0,0,0,0,0,0,0,0,WPT Ready,0,0,False,0,0,0,0,0,0,75%,50%,False,0x00,False,63%,0us,0.000V,0.000V,True,False,Charge Active,v01.23.7357,False,False,0x00,0x00,0x00,0x00,0x00,0x00,0x00,200,13,0,0,0,False,1.0V,0.030,1467mV,1,False,False,v01.20.7357
26-05-30 12:10:01.241547,2902,496,1044,620,240,280,1796,200,True,True,True,True,True,True,True,True,2902,496,1044,620,240,280,1796,200,0,0,0,0,0,0,0,0,WPT Ready,0,0,False,0,0,0,0,0,0,75%,50%,False,0x00,False,63%,0us,0.000V,0.000V,True,False,Charge Active,v01.23.7357,False,False,0x00,0x00,0x00,0x00,0x00,0x00,0x00,200,13,0,0,0,False,1.0V,0.030,1467mV,1,False,False,v01.20.7357
26-05-30 12:10:01.445735,2902,496,1044,620,240,280,1796,200,True,True,True,True,True,True,True,True,2902,496,1044,620,240,280,1796,200,0,0,0,0,0,0,0,0,WPT Ready,0,0,False,0,0,0,0,0,0,75%,50%,False,0x00,False,63%,0us,0.000V,0.000V,True,False,Charge Active,v01.23.7357,False,False,0x00,0x00,0x00,0x00,0x00,0x00,0x00,200,13,0,0,0,False,1.0V,0.030,1467mV,1,False,False,v01.20.7357
26-05-30 12:10:01.680048,2902,496,1044,620,240,280,1796,200,True,True,True,True,True,True,True,True,2902,496,1044,620,240,280,1796,200,0,0,0,0,0,0,0,0,WPT Ready,0,0,False,0,0,0,0,0,0,75%,50%,False,0x00,False,63%,0us,0.000V,0.000V,True,False,Charge Active,v01.23.7357,False,False,0x00,0x00,0x00,0x00,0x00,0x00,0x00,200,13,0,0,0,False,1.0V,0.030,1467mV,1,False,False,v01.20.7357
26-05-30 12:10:01.859471,2902,496,1044,620,240,280,1796,200,True,True,True,True,True,True,True,True,2902,496,1044,620,240,280,1796,200,0,0,0,0,0,0,0,0,WPT Ready,0,0,False,0,0,0,0,0,0,75%,50%,False,0x00,False,63%,0us,0.000V,0.000V,True,False,Charge Active,v01.23.7357,False,False,0x00,0x00,0x00,0x00,0x00,0x00,0x00,200,13,0,0,0,False,1.0V,0.030,1467mV,1,False,False,v01.20.7357
26-05-30 12:10:02.067984,2902,496,1044,620,240,280,1796,200,True,True,True,True,True,True,True,True,2902,496,1044,620,240,280,1796,200,0,0,0,0,0,0,0,0,WPT Ready,0,0,False,0,0,0,0,0,0,75%,50%,False,0x00,False,63%,0us,0.000V,0.000V,True,False,Charge Active,v01.23.7357,False,False,0x00,0x00,0x00,0x00,0x00,0x00,0x00,200,13,0,0,0,False,1.0V,0.030,1467mV,1,False,False,v01.20.7357
26-05-30 12:10:02.292732,2902,496,1044,620,240,280,1796,200,True,True,True,True,True,True,True,True,2902,496,1044,620,240,280,1796,200,0,0,0,0,0,0,0,0,WPT Ready,0,0,False,0,0,0,0,0,0,75%,50%,False,0x00,False,63%,0us,0.000V,0.000V,True,False,Charge Active,v01.23.7357,False,False,0x00,0x00,0x00,0x00,0x00,0x00,0x00,200,13,0,0,0,False,1.0V,0.030,1467mV,1,False,False,v01.20.7357
26-05-30 12:10:02.450964,2902,496,1044,620,240,280,1796,200,True,True,True,True,True,True,True,True,2902,496,1044,620,240,280,1796,200,0,0,0,0,0,0,0,0,WPT Ready,0,0,False,0,0,0,0,0,0,75%,50%,False,0x00,False,63%,0us,0.000V,0.000V,True,False,Charge Active,v01.23.7357,False,False,0x00,0x00,0x00,0x00,0x00,0x00,0x00,200,13,0,0,0,False,1.0V,0.030,1467mV,1,False,False,v01.20.7357
26-05-30 12:10:02.653529,2902,496,1044,620,240,280,1796,200,True,True,True,True,True,True,True,True,2902,496,1044,620,240,280,1796,200,0,0,0,0,0,0,0,0,WPT Ready,0,0,False,0,0,0,0,0,0,75%,50%,False,0x00,False,63%,0us,0.000V,0.000V,True,False,Charge Active,v01.23.7357,False,False,0x00,0x00,0x00,0x00,0x00,0x00,0x00,200,13,0,0,0,False,1.0V,0.030,1467mV,1,False,False,v01.20.7357
26-05-30 12:10:02.860323,2902,496,1044,620,240,280,1796,200,True,True,True,True,True,True,True,True,2902,496,1044,620,240,280,1796,200,0,0,0,0,0,0,0,0,WPT Ready,0,0,False,0,0,0,0,0,0,75%,50%,False,0x00,False,63%,0us,0.000V,0.000V,True,False,Charge Active,v01.23.7357,False,False,0x00,0x00,0x00,0x00,0x00,0x00,0x00,200,13,0,0,0,False,1.0V,0.030,1467mV,1,False,False,v01.20.7357
26-05-30 12:10:03.052476,2902,496,1044,620,240,280,1796,200,True,True,True,True,True,True,True,True,2902,496,1044,620,240,280,1796,200,0,0,0,0,0,0,0,0,WPT Ready,0,0,False,0,0,0,0,0,0,75%,50%,False,0x00,False,63%,0us,0.000V,0.000V,True,False,Charge Active,v01.23.7357,False,False,0x00,0x00,0x00,0x00,0x00,0x00,0x00,200,13,0,0,0,False,1.0V,0.030,1467mV,1,False,False,v01.20.7357
26-05-30 12:10:03.254086,2902,496,1044,620,240,280,1796,200,True,True,True,True,True,True,True,True,2902,496,1044,620,240,280,1796,200,0,0,0,0,0,0,0,0,WPT Ready,0,0,False,0,0,0,0,0,0,75%,50%,False,0x00,False,63%,0us,0.000V,0.000V,True,False,Charge Active,v01.23.7357,False,False,0x00,0x00,0x00,0x00,0x00,0x00,0x00,200,13,0,0,0,False,1.0V,0.030,1467mV,1,False,False,v01.20.7357
26-05-30 12:10:03.458399,2902,496,1044,620,240,280,1796,200,True,True,True,True,True,True,True,True,2902,496,1044,620,240,280,1796,200,0,0,0,0,0,0,0,0,WPT Ready,0,0,False,0,0,0,0,0,0,75%,50%,False,0x00,False,63%,0us,0.000V,0.000V,True,False,Charge Active,v01.23.7357,False,False,0x00,0x00,0x00,0x00,0x00,0x00,0x00,200,13,0,0,0,False,1.0V,0.030,1467mV,1,False,False,v01.20.7357
26-05-30 12:10:03.663234,2902,496,1044,620,240,280,1796,200,True,True,True,True,True,True,True,True,2902,496,1044,620,240,280,1796,200,0,0,0,0,0,0,0,0,WPT Ready,0,0,False,0,0,0,0,0,0,75%,50%,False,0x00,False,63%,0us,0.000V,0.000V,True,False,Charge Active,v01.23.7357,False,False,0x00,0x00,0x00,0x00,0x00,0x00,0x00,200,13,0,0,0,False,1.0V,0.030,1467mV,1,False,False,v01.20.7357
26-05-30 12:10:03.844295,2902,496,1044,620,240,280,1796,200,True,True,True,True,True,True,True,True,2902,496,1044,620,240,280,1796,200,0,0,0,0,0,0,0,0,WPT Ready,0,0,False,0,0,0,0,0,0,75%,50%,False,0x00,False,63%,0us,0.000V,0.000V,True,False,Charge Active,v01.23.7357,False,False,0x00,0x00,0x00,0x00,0x00,0x00,0x00,200,13,0,0,0,False,1.0V,0.030,1467mV,1,False,False,v01.20.7357
26-05-30 12:10:04.054631,2902,496,1044,620,240,280,1796,200,True,True,True,True,True,True,True,True,2902,496,1044,620,240,280,1796,200,0,0,0,0,0,0,0,0,WPT Ready,0,0,False,0,0,0,0,0,0,75%,50%,False,0x00,False,63%,0us,0.000V,0.000V,True,False,Charge Active,v01.23.7357,False,False,0x00,0x00,0x00,0x00,0x00,0x00,0x00,200,13,0,0,0,False,1.0V,0.030,1467mV,1,False,False,v01.20.7357
26-05-30 12:10:04.261303,2902,496,1044,620,240,280,1796,200,True,True,True,True,True,True,True,True,2902,496,1044,620,240,280,1796,200,0,0,0,0,0,0,0,0,WPT Ready,0,0,False,0,0,0,0,0,0,75%,50%,False,0x00,False,63%,0us,0.000V,0.000V,True,False,Charge Active,v01.23.7357,False,False,0x00,0x00,0x00,0x00,0x00,0x00,0x00,200,13,0,0,0,False,1.0V,0.030,1467mV,1,False,False,v01.20.7357
26-05-30 12:10:04.464922,2902,496,1044,620,240,280,1796,200,True,True,True,True,True,True,True,True,2902,496,1044,620,240,280,1796,200,0,0,0,0,0,0,0,0,WPT Ready,0,0,False,0,0,0,0,0,0,75%,50%,False,0x00,False,63%,0us,0.000V,0.000V,True,False,Charge Active,v01.23.7357,False,False,0x00,0x00,0x00,0x00,0x00,0x00,0x00,200,13,0,0,0,False,1.0V,0.030,1467mV,1,False,False,v01.20.7357
26-05-30 12:10:04.636397,2902,496,1044,620,240,280,1796,200,True,True,True,True,True,True,True,True,2902,496,1044,620,240,280,1796,200,0,0,0,0,0,0,0,0,WPT Ready,0,0,False,0,0,0,0,0,0,75%,50%,False,0x00,False,63%,0us,0.000V,0.000V,True,False,Charge Active,v01.23.7357,False,False,0x00,0x00,0x00,0x00,0x00,0x00,0x00,200,13,0,0,0,False,1.0V,0.030,1467mV,1,False,False,v01.20.7357
26-05-30 12:10:04.837875,2902,496,1044,620,240,280,1796,200,True,True,True,True,True,True,True,True,2902,496,1044,620,240,280,1796,200,0,0,0,0,0,0,0,0,WPT Ready,0,0,False,0,0,0,0,0,0,75%,50%,False,0x00,False,63%,0us,0.000V,0.000V,True,False,Charge Active,v01.23.7357,False,False,0x00,0x00,0x00,0x00,0x00,0x00,0x00,200,13,0,0,0,False,1.0V,0.030,1467mV,1,False,False,v01.20.7357
26-05-30 12:10:05.045789,2902,496,1044,620,240,280,1796,200,True,True,True,True,True,True,True,True,2902,496,1044,620,240,280,1796,200,0,0,0,0,0,0,0,0,WPT Ready,0,0,False,0,0,0,0,0,0,75%,50%,False,0x00,False,63%,0us,0.000V,0.000V,True,False,Charge Active,v01.23.7357,False,False,0x00,0x00,0x00,0x00,0x00,0x00,0x00,200,13,0,0,0,False,1.0V,0.030,1467mV,1,False,False,v01.20.7357
26-05-30 12:10:05.250697,2902,496,1044,620,240,280,1796,200,True,True,True,True,True,True,True,True,2902,496,1044,620,240,280,1796,200,0,0,0,0,0,0,0,0,WPT Ready,0,0,False,0,0,0,0,0,0,75%,50%,False,0x00,False,63%,0us,0.000V,0.000V,True,False,Charge Active,v01.23.7357,False,False,0x00,0x00,0x00,0x00,0x00,0x00,0x00,200,13,0,0,0,False,1.0V,0.030,1467mV,1,False,False,v01.20.7357
26-05-30 12:10:05.456497,2902,496,1044,620,240,280,1796,200,True,True,True,True,True,True,True,True,2902,496,1044,620,240,280,1796,200,0,0,0,0,0,0,0,0,WPT Ready,0,0,False,0,0,0,0,0,0,75%,50%,False,0x00,False,63%,0us,0.000V,0.000V,True,False,Charge Active,v01.23.7357,False,False,0x00,0x00,0x00,0x00,0x00,0x00,0x00,200,13,0,0,0,False,1.0V,0.030,1467mV,1,False,False,v01.20.7357
26-05-30 12:10:05.654636,2902,496,1044,620,240,280,1796,200,True,True,True,True,True,True,True,True,2902,496,1044,620,240,280,1796,200,0,0,0,0,0,0,0,0,WPT Ready,0,0,False,0,0,0,0,0,0,75%,50%,False,0x00,False,63%,0us,0.000V,0.000V,True,False,Charge Active,v01.23.7357,False,False,0x00,0x00,0x00,0x00,0x00,0x00,0x00,200,13,0,0,0,False,1.0V,0.030,1467mV,1,False,False,v01.20.7357
26-05-30 12:10:05.854702,2902,496,1044,620,240,280,1796,200,True,True,True,True,True,True,True,True,2902,496,1044,620,240,280,1796,200,0,0,0,0,0,0,0,0,WPT Ready,0,0,False,0,0,0,0,0,0,75%,50%,False,0x00,False,63%,0us,0.000V,0.000V,True,False,Charge Active,v01.23.7357,False,False,0x00,0x00,0x00,0x00,0x00,0x00,0x00,200,13,0,0,0,False,1.0V,0.030,1467mV,1,False,False,v01.20.7357
26-05-30 12:10:06.041212,2902,496,1044,620,240,280,1796,200,True,True,True,True,True,True,True,True,2902,496,1044,620,240,280,1796,200,0,0,0,0,0,0,0,0,WPT Ready,0,0,False,0,0,0,0,0,0,75%,50%,False,0x00,False,63%,0us,0.000V,0.000V,True,False,Charge Active,v01.23.7357,False,False,0x00,0x00,0x00,0x00,0x00,0x00,0x00,200,13,0,0,0,False,1.0V,0.030,1467mV,1,False,False,v01.20.7357
26-05-30 12:10:06.253938,2902,496,1044,620,240,280,1796,200,True,True,True,True,True,True,True,True,2902,496,1044,620,240,280,1796,200,0,0,0,0,0,0,0,0,WPT Ready,0,0,False,0,0,0,0,0,0,75%,50%,False,0x00,False,63%,0us,0.000V,0.000V,True,False,Charge Active,v01.23.7357,False,False,0x00,0x00,0x00,0x00,0x00,0x00,0x00,200,13,0,0,0,False,1.0V,0.030,1467mV,1,False,False,v01.20.7357
26-05-30 12:10:06.455604,2902,496,1044,620,240,280,1796,200,True,True,True,True,True,True,True,True,2902,496,1044,620,240,280,1796,200,0,0,0,0,0,0,0,0,WPT Ready,0,0,False,0,0,0,0,0,0,75%,50%,False,0x00,False,63%,0us,0.000V,0.000V,True,False,Charge Active,v01.23.7357,False,False,0x00,0x00,0x00,0x00,0x00,0x00,0x00,200,13,0,0,0,False,1.0V,0.030,1467mV,1,False,False,v01.20.7357
26-05-30 12:10:06.660346,2902,496,1044,620,240,280,1796,200,True,True,True,True,True,True,True,True,2902,496,1044,620,240,280,1796,200,0,0,0,0,0,0,0,0,WPT Ready,0,0,False,0,0,0,0,0,0,75%,50%,False,0x00,False,63%,0us,0.000V,0.000V,True,False,Charge Active,v01.23.7357,False,False,0x00,0x00,0x00,0x00,0x00,0x00,0x00,200,13,0,0,0,False,1.0V,0.030,1467mV,1,False,False,v01.20.7357
26-05-30 12:10:06.837946,2902,496,1044,620,240,280,1796,200,True,True,True,True,True,True,True,True,2902,496,1044,620,240,280,1796,200,0,0,0,0,0,0,0,0,WPT Ready,0,0,False,0,0,0,0,0,0,75%,50%,False,0x00,False,63%,0us,0.000V,0.000V,True,False,Charge Active,v01.23.7357,False,False,0x00,0x00,0x00,0x00,0x00,0x00,0x00,200,13,0,0,0,False,1.0V,0.030,1467mV,1,False,False,v01.20.7357
26-05-30 12:10:07.050056,2902,496,1044,620,240,280,1796,200,True,True,True,True,True,True,True,True,2902,496,1044,620,240,280,1796,200,0,0,0,0,0,0,0,0,WPT Ready,0,0,False,0,0,0,0,0,0,75%,50%,False,0x00,False,63%,0us,0.000V,0.000V,True,False,Charge Active,v01.23.7357,False,False,0x00,0x00,0x00,0x00,0x00,0x00,0x00,200,13,0,0,0,False,1.0V,0.030,1467mV,1,False,False,v01.20.7357
26-05-30 12:10:07.256932,2902,496,1044,620,240,280,1796,200,True,True,True,True,True,True,True,True,2902,496,1044,620,240,280,1796,200,0,0,0,0,0,0,0,0,WPT Ready,0,0,False,0,0,0,0,0,0,75%,50%,False,0x00,False,63%,0us,0.000V,0.000V,True,False,Charge Active,v01.23.7357,False,False,0x00,0x00,0x00,0x00,0x00,0x00,0x00,200,13,0,0,0,False,1.0V,0.030,1467mV,1,False,False,v01.20.7357
26-05-30 12:10:07.437312,2902,496,1044,620,240,280,1796,200,True,True,True,True,True,True,True,True,2902,496,1044,620,240,280,1796,200,0,0,0,0,0,0,0,0,WPT Ready,0,0,False,0,0,0,0,0,0,75%,50%,False,0x00,False,63%,0us,0.000V,0.000V,True,False,Charge Active,v01.23.7357,False,False,0x00,0x00,0x00,0x00,0x00,0x00,0x00,200,13,0,0,0,False,1.0V,0.030,1467mV,1,False,False,v01.20.7357
26-05-30 12:10:07.643642,2902,496,1044,620,240,280,1796,200,True,True,True,True,True,True,True,True,2902,496,1044,620,240,280,1796,200,0,0,0,0,0,0,0,0,WPT Ready,0,0,False,0,0,0,0,0,0,75%,50%,False,0x00,False,63%,0us,0.000V,0.000V,True,False,Charge Active,v01.23.7357,False,False,0x00,0x00,0x00,0x00,0x00,0x00,0x00,200,13,0,0,0,False,1.0V,0.030,1467mV,1,False,False,v01.20.7357
26-05-30 12:10:07.862984,2902,496,1044,620,240,280,1796,200,True,True,True,True,True,True,True,True,2902,496,1044,620,240,280,1796,200,0,0,0,0,0,0,0,0,WPT Ready,0,0,False,0,0,0,0,0,0,75%,50%,False,0x00,False,63%,0us,0.000V,0.000V,True,False,Charge Active,v01.23.7357,False,False,0x00,0x00,0x00,0x00,0x00,0x00,0x00,200,13,0,0,0,False,1.0V,0.030,1467mV,1,False,False,v01.20.7357
26-05-30 12:10:08.065906,2902,496,1044,620,240,280,1796,200,True,True,True,True,True,True,True,True,2902,496,1044,620,240,280,1796,200,0,0,0,0,0,0,0,0,WPT Ready,0,0,False,0,0,0,0,0,0,75%,50%,False,0x00,False,63%,0us,0.000V,0.000V,True,False,Charge Active,v01.23.7357,False,False,0x00,0x00,0x00,0x00,0x00,0x00,0x00,200,13,0,0,0,False,1.0V,0.030,1467mV,1,False,False,v01.20.7357
26-05-30 12:10:08.244628,2902,496,1044,620,240,280,1796,200,True,True,True,True,True,True,True,True,2902,496,1044,620,240,280,1796,200,0,0,0,0,0,0,0,0,WPT Ready,0,0,False,0,0,0,0,0,0,75%,50%,False,0x00,False,63%,0us,0.000V,0.000V,True,False,Charge Active,v01.23.7357,False,False,0x00,0x00,0x00,0x00,0x00,0x00,0x00,200,13,0,0,0,False,1.0V,0.030,1467mV,1,False,False,v01.20.7357
26-05-30 12:10:08.459603,2902,496,1044,620,240,280,1796,200,True,True,True,True,True,True,True,True,2902,496,1044,620,240,280,1796,200,0,0,0,0,0,0,0,0,WPT Ready,0,0,False,0,0,0,0,0,0,75%,50%,False,0x00,False,63%,0us,0.000V,0.000V,True,False,Charge Active,v01.23.7357,False,False,0x00,0x00,0x00,0x00,0x00,0x00,0x00,200,13,0,0,0,False,1.0V,0.030,1467mV,1,False,False,v01.20.7357
26-05-30 12:10:08.646771,2902,496,1044,620,240,280,1796,200,True,True,True,True,True,True,True,True,2902,496,1044,620,240,280,1796,200,0,0,0,0,0,0,0,0,WPT Ready,0,0,False,0,0,0,0,0,0,75%,50%,False,0x00,False,63%,0us,0.000V,0.000V,True,False,Charge Active,v01.23.7357,False,False,0x00,0x00,0x00,0x00,0x00,0x00,0x00,200,13,0,0,0,False,1.0V,0.030,1467mV,1,False,False,v01.20.7357
26-05-30 12:10:08.844666,2902,496,1044,620,240,280,1796,200,True,True,True,True,True,True,True,True,2902,496,1044,620,240,280,1796,200,0,0,0,0,0,0,0,0,WPT Ready,0,0,False,0,0,0,0,0,0,75%,50%,False,0x00,False,63%,0us,0.000V,0.000V,True,False,Charge Active,v01.23.7357,False,False,0x00,0x00,0x00,0x00,0x00,0x00,0x00,200,13,0,0,0,False,1.0V,0.030,1467mV,1,False,False,v01.20.7357
26-05-30 12:10:09.053383,2902,496,1044,620,240,280,1796,200,True,True,True,True,True,True,True,True,2902,496,1044,620,240,280,1796,200,0,0,0,0,0,0,0,0,WPT Ready,0,0,False,0,0,0,0,0,0,75%,50%,False,0x00,False,63%,0us,0.000V,0.000V,True,False,Charge Active,v01.23.7357,False,False,0x00,0x00,0x00,0x00,0x00,0x00,0x00,200,13,0,0,0,False,1.0V,0.030,1467mV,1,False,False,v01.20.7357
26-05-30 12:10:09.238674,2902,496,1044,620,240,280,1796,200,True,True,True,True,True,True,True,True,2902,496,1044,620,240,280,1796,200,0,0,0,0,0,0,0,0,WPT Ready,0,0,False,0,0,0,0,0,0,75%,50%,False,0x00,False,63%,0us,0.000V,0.000V,True,False,Charge Active,v01.23.7357,False,False,0x00,0x00,0x00,0x00,0x00,0x00,0x00,200,13,0,0,0,False,1.0V,0.030,1467mV,1,False,False,v01.20.7357
26-05-30 12:10:09.441893,2902,496,1044,620,240,280,1796,200,True,True,True,True,True,True,True,True,2902,496,1044,620,240,280,1796,200,0,0,0,0,0,0,0,0,WPT Ready,0,0,False,0,0,0,0,0,0,75%,50%,False,0x00,False,63%,0us,0.000V,0.000V,True,False,Charge Active,v01.23.7357,False,False,0x00,0x00,0x00,0x00,0x00,0x00,0x00,200,13,0,0,0,False,1.0V,0.030,1467mV,1,False,False,v01.20.7357
26-05-30 12:10:09.643076,2902,496,1044,620,240,280,1796,200,True,True,True,True,True,True,True,True,2902,496,1044,620,240,280,1796,200,0,0,0,0,0,0,0,0,WPT Ready,0,0,False,0,0,0,0,0,0,75%,50%,False,0x00,False,63%,0us,0.000V,0.000V,True,False,Charge Active,v01.23.7357,False,False,0x00,0x00,0x00,0x00,0x00,0x00,0x00,200,13,0,0,0,False,1.0V,0.030,1467mV,1,False,False,v01.20.7357
26-05-30 12:10:09.844857,2902,496,1044,620,240,280,1796,200,True,True,True,True,True,True,True,True,2902,496,1044,620,240,280,1796,200,0,0,0,0,0,0,0,0,WPT Ready,0,0,False,0,0,0,0,0,0,75%,50%,False,0x00,False,63%,0us,0.000V,0.000V,True,False,Charge Active,v01.23.7357,False,False,0x00,0x00,0x00,0x00,0x00,0x00,0x00,200,13,0,0,0,False,1.0V,0.030,1467mV,1,False,False,v01.20.7357
26-05-30 12:10:10.048018,2902,496,1044,620,240,280,1796,200,True,True,True,True,True,True,True,True,2902,496,1044,620,240,280,1796,200,0,0,0,0,0,0,0,0,WPT Ready,0,0,False,0,0,0,0,0,0,75%,50%,False,0x00,False,63%,0us,0.000V,0.000V,True,False,Charge Active,v01.23.7357,False,False,0x00,0x00,0x00,0x00,0x00,0x00,0x00,200,13,0,0,0,False,1.0V,0.030,1467mV,1,False,False,v01.20.7357
26-05-30 12:10:10.248228,2902,496,1044,620,240,280,1796,200,True,True,True,True,True,True,True,True,2902,496,1044,620,240,280,1796,200,0,0,0,0,0,0,0,0,WPT Ready,0,0,False,0,0,0,0,0,0,75%,50%,False,0x00,False,63%,0us,0.000V,0.000V,True,False,Charge Active,v01.23.7357,False,False,0x00,0x00,0x00,0x00,0x00,0x00,0x00,200,13,0,0,0,False,1.0V,0.030,1467mV,1,False,False,v01.20.7357
26-05-30 12:10:10.447939,2902,496,1044,620,240,280,1796,200,True,True,True,True,True,True,True,True,2902,496,1044,620,240,280,1796,200,0,0,0,0,0,0,0,0,WPT Ready,0,0,False,0,0,0,0,0,0,75%,50%,False,0x00,False,63%,0us,0.000V,0.000V,True,False,Charge Active,v01.23.7357,False,False,0x00,0x00,0x00,0x00,0x00,0x00,0x00,200,13,0,0,0,False,1.0V,0.030,1467mV,1,False,False,v01.20.7357
26-05-30 12:10:10.651172,2902,496,1044,620,240,280,1796,200,True,True,True,True,True,True,True,True,2902,496,1044,620,240,280,1796,200,0,0,0,0,0,0,0,0,WPT Ready,0,0,False,0,0,0,0,0,0,75%,50%,False,0x00,False,63%,0us,0.000V,0.000V,True,False,Charge Active,v01.23.7357,False,False,0x00,0x00,0x00,0x00,0x00,0x00,0x00,200,13,0,0,0,False,1.0V,0.030,1467mV,1,False,False,v01.20.7357
26-05-30 12:10:10.849586,2902,496,1044,620,240,280,1796,200,True,True,True,True,True,True,True,True,2902,496,1044,620,240,280,1796,200,0,0,0,0,0,0,0,0,WPT Ready,0,0,False,0,0,0,0,0,0,75%,50%,False,0x00,False,63%,0us,0.000V,0.000V,True,False,Charge Active,v01.23.7357,False,False,0x00,0x00,0x00,0x00,0x00,0x00,0x00,200,13,0,0,0,False,1.0V,0.030,1467mV,1,False,False,v01.20.7357
26-05-30 12:10:11.053772,2902,496,1044,620,240,280,1796,200,True,True,True,True,True,True,True,True,2902,496,1044,620,240,280,1796,200,0,0,0,0,0,0,0,0,WPT Ready,0,0,False,0,0,0,0,0,0,75%,50%,False,0x00,False,63%,0us,0.000V,0.000V,True,False,Charge Active,v01.23.7357,False,False,0x00,0x00,0x00,0x00,0x00,0x00,0x00,200,13,0,0,0,False,1.0V,0.030,1467mV,1,False,False,v01.20.7357
26-05-30 12:10:11.253944,2902,496,1044,620,240,280,1796,200,True,True,True,True,True,True,True,True,2902,496,1044,620,240,280,1796,200,0,0,0,0,0,0,0,0,WPT Ready,0,0,False,0,0,0,0,0,0,75%,50%,False,0x00,False,63%,0us,0.000V,0.000V,True,False,Charge Active,v01.23.7357,False,False,0x00,0x00,0x00,0x00,0x00,0x00,0x00,200,13,0,0,0,False,1.0V,0.030,1467mV,1,False,False,v01.20.7357
26-05-30 12:10:11.450052,2902,496,1044,620,240,280,1796,200,True,True,True,True,True,True,True,True,2902,496,1044,620,240,280,1796,200,0,0,0,0,0,0,0,0,WPT Ready,0,0,False,0,0,0,0,0,0,75%,50%,False,0x00,False,63%,0us,0.000V,0.000V,True,False,Charge Active,v01.23.7357,False,False,0x00,0x00,0x00,0x00,0x00,0x00,0x00,200,13,0,0,0,False,1.0V,0.030,1467mV,1,False,False,v01.20.7357
26-05-30 12:10:11.640845,2902,496,1044,620,240,280,1796,200,True,True,True,True,True,True,True,True,2902,496,1044,620,240,280,1796,200,0,0,0,0,0,0,0,0,WPT Ready,0,0,False,0,0,0,0,0,0,75%,50%,False,0x00,False,63%,0us,0.000V,0.000V,True,False,Charge Active,v01.23.7357,False,False,0x00,0x00,0x00,0x00,0x00,0x00,0x00,200,13,0,0,0,False,1.0V,0.030,1467mV,1,False,False,v01.20.7357
26-05-30 12:10:11.847227,2902,496,1044,620,240,280,1796,200,True,True,True,True,True,True,True,True,2902,496,1044,620,240,280,1796,200,0,0,0,0,0,0,0,0,WPT Ready,0,0,False,0,0,0,0,0,0,75%,50%,False,0x00,False,63%,0us,0.000V,0.000V,True,False,Charge Active,v01.23.7357,False,False,0x00,0x00,0x00,0x00,0x00,0x00,0x00,200,13,0,0,0,False,1.0V,0.030,1467mV,1,False,False,v01.20.7357
26-05-30 12:10:12.043918,2902,496,1044,620,240,280,1796,200,True,True,True,True,True,True,True,True,2902,496,1044,620,240,280,1796,200,0,0,0,0,0,0,0,0,WPT Ready,0,0,False,0,0,0,0,0,0,75%,50%,False,0x00,False,63%,0us,0.000V,0.000V,True,False,Charge Active,v01.23.7357,False,False,0x00,0x00,0x00,0x00,0x00,0x00,0x00,200,13,0,0,0,False,1.0V,0.030,1467mV,1,False,False,v01.20.7357
26-05-30 12:10:12.245169,2902,496,1044,620,240,280,1796,200,True,True,True,True,True,True,True,True,2902,496,1044,620,240,280,1796,200,0,0,0,0,0,0,0,0,WPT Ready,0,0,False,0,0,0,0,0,0,75%,50%,False,0x00,False,63%,0us,0.000V,0.000V,True,False,Charge Active,v01.23.7357,False,False,0x00,0x00,0x00,0x00,0x00,0x00,0x00,200,13,0,0,0,False,1.0V,0.030,1467mV,1,False,False,v01.20.7357
26-05-30 12:10:12.444231,2902,496,1044,620,240,280,1796,200,True,True,True,True,True,True,True,True,2902,496,1044,620,240,280,1796,200,0,0,0,0,0,0,0,0,WPT Ready,0,0,False,0,0,0,0,0,0,75%,50%,False,0x00,False,63%,0us,0.000V,0.000V,True,False,Charge Active,v01.23.7357,False,False,0x00,0x00,0x00,0x00,0x00,0x00,0x00,200,13,0,0,0,False,1.0V,0.030,1467mV,1,False,False,v01.20.7357
26-05-30 12:10:12.656471,2902,496,1044,620,240,280,1796,200,True,True,True,True,True,True,True,True,2902,496,1044,620,240,280,1796,200,0,0,0,0,0,0,0,0,WPT Ready,0,0,False,0,0,0,0,0,0,75%,50%,False,0x00,False,63%,0us,0.000V,0.000V,True,False,Charge Active,v01.23.7357,False,False,0x00,0x00,0x00,0x00,0x00,0x00,0x00,200,13,0,0,0,False,1.0V,0.030,1467mV,1,False,False,v01.20.7357
26-05-30 12:10:12.873799,2902,496,1044,620,240,280,1796,200,True,True,True,True,True,True,True,True,2902,496,1044,620,240,280,1796,200,0,0,0,0,0,0,0,0,WPT Ready,0,0,False,0,0,0,0,0,0,75%,50%,False,0x00,False,63%,0us,0.000V,0.000V,True,False,Charge Active,v01.23.7357,False,False,0x00,0x00,0x00,0x00,0x00,0x00,0x00,200,13,0,0,0,False,1.0V,0.030,1467mV,1,False,False,v01.20.7357
26-05-30 12:10:13.055758,2902,496,1044,620,240,280,1796,200,True,True,True,True,True,True,True,True,2902,496,1044,620,240,280,1796,200,0,0,0,0,0,0,0,0,WPT Ready,0,0,False,0,0,0,0,0,0,75%,50%,False,0x00,False,63%,0us,0.000V,0.000V,True,False,Charge Active,v01.23.7357,False,False,0x00,0x00,0x00,0x00,0x00,0x00,0x00,200,13,0,0,0,False,1.0V,0.030,1467mV,1,False,False,v01.20.7357
26-05-30 12:10:13.257386,2902,496,1044,620,240,280,1796,200,True,True,True,True,True,True,True,True,2902,496,1044,620,240,280,1796,200,0,0,0,0,0,0,0,0,WPT Ready,0,0,False,0,0,0,0,0,0,75%,50%,False,0x00,False,63%,0us,0.000V,0.000V,True,False,Charge Active,v01.23.7357,False,False,0x00,0x00,0x00,0x00,0x00,0x00,0x00,200,13,0,0,0,False,1.0V,0.030,1467mV,1,False,False,v01.20.7357
26-05-30 12:10:13.436347,2902,496,1044,620,240,280,1796,200,True,True,True,True,True,True,True,True,2902,496,1044,620,240,280,1796,200,0,0,0,0,0,0,0,0,WPT Ready,0,0,False,0,0,0,0,0,0,75%,50%,False,0x00,False,63%,0us,0.000V,0.000V,True,False,Charge Active,v01.23.7357,False,False,0x00,0x00,0x00,0x00,0x00,0x00,0x00,200,13,0,0,0,False,1.0V,0.030,1467mV,1,False,False,v01.20.7357
26-05-30 12:10:13.647082,2902,496,1044,620,240,280,1796,200,True,True,True,True,True,True,True,True,2902,496,1044,620,240,280,1796,200,0,0,0,0,0,0,0,0,WPT Ready,0,0,False,0,0,0,0,0,0,75%,50%,False,0x00,False,63%,0us,0.000V,0.000V,True,False,Charge Active,v01.23.7357,False,False,0x00,0x00,0x00,0x00,0x00,0x00,0x00,200,13,0,0,0,False,1.0V,0.030,1467mV,1,False,False,v01.20.7357
26-05-30 12:10:13.863434,2902,496,1044,620,240,280,1796,200,True,True,True,True,True,True,True,True,2902,496,1044,620,240,280,1796,200,0,0,0,0,0,0,0,0,WPT Ready,0,0,False,0,0,0,0,0,0,75%,50%,False,0x00,False,63%,0us,0.000V,0.000V,True,False,Charge Active,v01.23.7357,False,False,0x00,0x00,0x00,0x00,0x00,0x00,0x00,200,13,0,0,0,False,1.0V,0.030,1467mV,1,False,False,v01.20.7357
26-05-30 12:10:14.041158,2902,496,1044,620,240,280,1796,200,True,True,True,True,True,True,True,True,2902,496,1044,620,240,280,1796,200,0,0,0,0,0,0,0,0,WPT Ready,0,0,False,0,0,0,0,0,0,75%,50%,False,0x00,False,63%,0us,0.000V,0.000V,True,False,Charge Active,v01.23.7357,False,False,0x00,0x00,0x00,0x00,0x00,0x00,0x00,200,13,0,0,0,False,1.0V,0.030,1467mV,1,False,False,v01.20.7357
26-05-30 12:10:14.239829,2902,496,1044,620,240,280,1796,200,True,True,True,True,True,True,True,True,2902,496,1044,620,240,280,1796,200,0,0,0,0,0,0,0,0,WPT Ready,0,0,False,0,0,0,0,0,0,75%,50%,False,0x00,False,63%,0us,0.000V,0.000V,True,False,Charge Active,v01.23.7357,False,False,0x00,0x00,0x00,0x00,0x00,0x00,0x00,200,13,0,0,0,False,1.0V,0.030,1467mV,1,False,False,v01.20.7357
26-05-30 12:10:14.439732,2902,496,1044,620,240,280,1796,200,True,True,True,True,True,True,True,True,2902,496,1044,620,240,280,1796,200,0,0,0,0,0,0,0,0,WPT Ready,0,0,False,0,0,0,0,0,0,75%,50%,False,0x00,False,63%,0us,0.000V,0.000V,True,False,Charge Active,v01.23.7357,False,False,0x00,0x00,0x00,0x00,0x00,0x00,0x00,200,13,0,0,0,False,1.0V,0.030,1467mV,1,False,False,v01.20.7357
26-05-30 12:10:14.640005,2902,496,1044,620,240,280,1796,200,True,True,True,True,True,True,True,True,2902,496,1044,620,240,280,1796,200,0,0,0,0,0,0,0,0,WPT Ready,0,0,False,0,0,0,0,0,0,75%,50%,False,0x00,False,63%,0us,0.000V,0.000V,True,False,Charge Active,v01.23.7357,False,False,0x00,0x00,0x00,0x00,0x00,0x00,0x00,200,13,0,0,0,False,1.0V,0.030,1467mV,1,False,False,v01.20.7357
26-05-30 12:10:14.840761,2902,496,1044,620,240,280,1796,200,True,True,True,True,True,True,True,True,2902,496,1044,620,240,280,1796,200,0,0,0,0,0,0,0,0,WPT Ready,0,0,False,0,0,0,0,0,0,75%,50%,False,0x00,False,63%,0us,0.000V,0.000V,True,False,Charge Active,v01.23.7357,False,False,0x00,0x00,0x00,0x00,0x00,0x00,0x00,200,13,0,0,0,False,1.0V,0.030,1467mV,1,False,False,v01.20.7357
26-05-30 12:10:15.046839,2902,496,1044,620,240,280,1796,200,True,True,True,True,True,True,True,True,2902,496,1044,620,240,280,1796,200,0,0,0,0,0,0,0,0,WPT Ready,0,0,False,0,0,0,0,0,0,75%,50%,False,0x00,False,63%,0us,0.000V,0.000V,True,False,Charge Active,v01.23.7357,False,False,0x00,0x00,0x00,0x00,0x00,0x00,0x00,200,13,0,0,0,False,1.0V,0.030,1467mV,1,False,False,v01.20.7357
26-05-30 12:10:15.248038,2902,496,1044,620,240,280,1796,200,True,True,True,True,True,True,True,True,2902,496,1044,620,240,280,1796,200,0,0,0,0,0,0,0,0,WPT Ready,0,0,False,0,0,0,0,0,0,75%,50%,False,0x00,False,63%,0us,0.000V,0.000V,True,False,Charge Active,v01.23.7357,False,False,0x00,0x00,0x00,0x00,0x00,0x00,0x00,200,13,0,0,0,False,1.0V,0.030,1467mV,1,False,False,v01.20.7357
26-05-30 12:10:15.454176,2902,496,1044,620,240,280,1796,200,True,True,True,True,True,True,True,True,2902,496,1044,620,240,280,1796,200,0,0,0,0,0,0,0,0,WPT Ready,0,0,False,0,0,0,0,0,0,75%,50%,False,0x00,False,63%,0us,0.000V,0.000V,True,False,Charge Active,v01.23.7357,False,False,0x00,0x00,0x00,0x00,0x00,0x00,0x00,200,13,0,0,0,False,1.0V,0.030,1467mV,1,False,False,v01.20.7357
26-05-30 12:10:15.636587,2902,496,1044,620,240,280,1796,200,True,True,True,True,True,True,True,True,2902,496,1044,620,240,280,1796,200,0,0,0,0,0,0,0,0,WPT Ready,0,0,False,0,0,0,0,0,0,75%,50%,False,0x00,False,63%,0us,0.000V,0.000V,True,False,Charge Active,v01.23.7357,False,False,0x00,0x00,0x00,0x00,0x00,0x00,0x00,200,13,0,0,0,False,1.0V,0.030,1467mV,1,False,False,v01.20.7357
26-05-30 12:10:15.843431,2902,496,1044,620,240,280,1796,200,True,True,True,True,True,True,True,True,2902,496,1044,620,240,280,1796,200,0,0,0,0,0,0,0,0,WPT Ready,0,0,False,0,0,0,0,0,0,75%,50%,False,0x00,False,63%,0us,0.000V,0.000V,True,False,Charge Active,v01.23.7357,False,False,0x00,0x00,0x00,0x00,0x00,0x00,0x00,200,13,0,0,0,False,1.0V,0.030,1467mV,1,False,False,v01.20.7357
26-05-30 12:10:16.064958,2902,496,1044,620,240,280,1796,200,True,True,True,True,True,True,True,True,2902,496,1044,620,240,280,1796,200,0,0,0,0,0,0,0,0,WPT Ready,0,0,False,0,0,0,0,0,0,75%,50%,False,0x00,False,63%,0us,0.000V,0.000V,True,False,Charge Active,v01.23.7357,False,False,0x00,0x00,0x00,0x00,0x00,0x00,0x00,200,13,0,0,0,False,1.0V,0.030,1467mV,1,False,False,v01.20.7357
26-05-30 12:10:16.256684,2902,496,1044,620,240,280,1796,200,True,True,True,True,True,True,True,True,2902,496,1044,620,240,280,1796,200,0,0,0,0,0,0,0,0,WPT Ready,0,0,False,0,0,0,0,0,0,75%,50%,False,0x00,False,63%,0us,0.000V,0.000V,True,False,Charge Active,v01.23.7357,False,False,0x00,0x00,0x00,0x00,0x00,0x00,0x00,200,13,0,0,0,False,1.0V,0.030,1467mV,1,False,False,v01.20.7357
26-05-30 12:10:16.444672,2902,496,1044,620,240,280,1796,200,True,True,True,True,True,True,True,True,2902,496,1044,620,240,280,1796,200,0,0,0,0,0,0,0,0,WPT Ready,0,0,False,0,0,0,0,0,0,75%,50%,False,0x00,False,63%,0us,0.000V,0.000V,True,False,Charge Active,v01.23.7357,False,False,0x00,0x00,0x00,0x00,0x00,0x00,0x00,200,13,0,0,0,False,1.0V,0.030,1467mV,1,False,False,v01.20.7357
26-05-30 12:10:16.647791,2902,496,1044,620,240,280,1796,200,True,True,True,True,True,True,True,True,2902,496,1044,620,240,280,1796,200,0,0,0,0,0,0,0,0,WPT Ready,0,0,False,0,0,0,0,0,0,75%,50%,False,0x00,False,63%,0us,0.000V,0.000V,True,False,Charge Active,v01.23.7357,False,False,0x00,0x00,0x00,0x00,0x00,0x00,0x00,200,13,0,0,0,False,1.0V,0.030,1467mV,1,False,False,v01.20.7357
26-05-30 12:10:16.849951,2902,496,1044,620,240,280,1796,200,True,True,True,True,True,True,True,True,2902,496,1044,620,240,280,1796,200,0,0,0,0,0,0,0,0,WPT Ready,0,0,False,0,0,0,0,0,0,75%,50%,False,0x00,False,63%,0us,0.000V,0.000V,True,False,Charge Active,v01.23.7357,False,False,0x00,0x00,0x00,0x00,0x00,0x00,0x00,200,13,0,0,0,False,1.0V,0.030,1467mV,1,False,False,v01.20.7357
26-05-30 12:10:17.056282,2902,496,1044,620,240,280,1796,200,True,True,True,True,True,True,True,True,2902,496,1044,620,240,280,1796,200,0,0,0,0,0,0,0,0,WPT Ready,0,0,False,0,0,0,0,0,0,75%,50%,False,0x00,False,63%,0us,0.000V,0.000V,True,False,Charge Active,v01.23.7357,False,False,0x00,0x00,0x00,0x00,0x00,0x00,0x00,200,13,0,0,0,False,1.0V,0.030,1467mV,1,False,False,v01.20.7357
26-05-30 12:10:17.242418,2902,496,1044,620,240,280,1796,200,True,True,True,True,True,True,True,True,2902,496,1044,620,240,280,1796,200,0,0,0,0,0,0,0,0,WPT Ready,0,0,False,0,0,0,0,0,0,75%,50%,False,0x00,False,63%,0us,0.000V,0.000V,True,False,Charge Active,v01.23.7357,False,False,0x00,0x00,0x00,0x00,0x00,0x00,0x00,200,13,0,0,0,False,1.0V,0.030,1467mV,1,False,False,v01.20.7357
26-05-30 12:10:17.443305,2902,496,1044,620,240,280,1796,200,True,True,True,True,True,True,True,True,2902,496,1044,620,240,280,1796,200,0,0,0,0,0,0,0,0,WPT Ready,0,0,False,0,0,0,0,0,0,75%,50%,False,0x00,False,63%,0us,0.000V,0.000V,True,False,Charge Active,v01.23.7357,False,False,0x00,0x00,0x00,0x00,0x00,0x00,0x00,200,13,0,0,0,False,1.0V,0.030,1467mV,1,False,False,v01.20.7357
26-05-30 12:10:17.649209,2902,496,1044,620,240,280,1796,200,True,True,True,True,True,True,True,True,2902,496,1044,620,240,280,1796,200,0,0,0,0,0,0,0,0,WPT Ready,0,0,False,0,0,0,0,0,0,75%,50%,False,0x00,False,63%,0us,0.000V,0.000V,True,False,Charge Active,v01.23.7357,False,False,0x00,0x00,0x00,0x00,0x00,0x00,0x00,200,13,0,0,0,False,1.0V,0.030,1467mV,1,False,False,v01.20.7357
26-05-30 12:10:17.854164,2902,496,1044,620,240,280,1796,200,True,True,True,True,True,True,True,True,2902,496,1044,620,240,280,1796,200,0,0,0,0,0,0,0,0,WPT Ready,0,0,False,0,0,0,0,0,0,75%,50%,False,0x00,False,63%,0us,0.000V,0.000V,True,False,Charge Active,v01.23.7357,False,False,0x00,0x00,0x00,0x00,0x00,0x00,0x00,200,13,0,0,0,False,1.0V,0.030,1467mV,1,False,False,v01.20.7357
26-05-30 12:10:18.038700,2902,496,1044,620,240,280,1796,200,True,True,True,True,True,True,True,True,2902,496,1044,620,240,280,1796,200,0,0,0,0,0,0,0,0,WPT Ready,0,0,False,0,0,0,0,0,0,75%,50%,False,0x00,False,63%,0us,0.000V,0.000V,True,False,Charge Active,v01.23.7357,False,False,0x00,0x00,0x00,0x00,0x00,0x00,0x00,200,13,0,0,0,False,1.0V,0.030,1467mV,1,False,False,v01.20.7357
26-05-30 12:10:18.258643,2902,496,1044,620,240,280,1796,200,True,True,True,True,True,True,True,True,2902,496,1044,620,240,280,1796,200,0,0,0,0,0,0,0,0,WPT Ready,0,0,False,0,0,0,0,0,0,75%,50%,False,0x00,False,63%,0us,0.000V,0.000V,True,False,Charge Active,v01.23.7357,False,False,0x00,0x00,0x00,0x00,0x00,0x00,0x00,200,13,0,0,0,False,1.0V,0.030,1467mV,1,False,False,v01.20.7357
26-05-30 12:10:18.447818,2902,496,1044,620,240,280,1796,200,True,True,True,True,True,True,True,True,2902,496,1044,620,240,280,1796,200,0,0,0,0,0,0,0,0,WPT Ready,0,0,False,0,0,0,0,0,0,75%,50%,False,0x00,False,63%,0us,0.000V,0.000V,True,False,Charge Active,v01.23.7357,False,False,0x00,0x00,0x00,0x00,0x00,0x00,0x00,200,13,0,0,0,False,1.0V,0.030,1467mV,1,False,False,v01.20.7357
26-05-30 12:10:18.643003,2902,496,1044,620,240,280,1796,200,True,True,True,True,True,True,True,True,2902,496,1044,620,240,280,1796,200,0,0,0,0,0,0,0,0,WPT Ready,0,0,False,0,0,0,0,0,0,75%,50%,False,0x00,False,63%,0us,0.000V,0.000V,True,False,Charge Active,v01.23.7357,False,False,0x00,0x00,0x00,0x00,0x00,0x00,0x00,200,13,0,0,0,False,1.0V,0.030,1467mV,1,False,False,v01.20.7357
26-05-30 12:10:18.849960,2902,496,1044,620,240,280,1796,200,True,True,True,True,True,True,True,True,2902,496,1044,620,240,280,1796,200,0,0,0,0,0,0,0,0,WPT Ready,0,0,False,0,0,0,0,0,0,75%,50%,False,0x00,False,63%,0us,0.000V,0.000V,True,False,Charge Active,v01.23.7357,False,False,0x00,0x00,0x00,0x00,0x00,0x00,0x00,200,13,0,0,0,False,1.0V,0.030,1467mV,1,False,False,v01.20.7357
26-05-30 12:10:19.048083,2902,496,1044,620,240,280,1796,200,True,True,True,True,True,True,True,True,2902,496,1044,620,240,280,1796,200,0,0,0,0,0,0,0,0,WPT Ready,0,0,False,0,0,0,0,0,0,75%,50%,False,0x00,False,63%,0us,0.000V,0.000V,True,False,Charge Active,v01.23.7357,False,False,0x00,0x00,0x00,0x00,0x00,0x00,0x00,200,13,0,0,0,False,1.0V,0.030,1467mV,1,False,False,v01.20.7357
26-05-30 12:10:19.247331,2902,496,1044,620,240,280,1796,200,True,True,True,True,True,True,True,True,2902,496,1044,620,240,280,1796,200,0,0,0,0,0,0,0,0,WPT Ready,0,0,False,0,0,0,0,0,0,75%,50%,False,0x00,False,63%,0us,0.000V,0.000V,True,False,Charge Active,v01.23.7357,False,False,0x00,0x00,0x00,0x00,0x00,0x00,0x00,200,13,0,0,0,False,1.0V,0.030,1467mV,1,False,False,v01.20.7357
26-05-30 12:10:19.446644,2902,496,1044,620,240,280,1796,200,True,True,True,True,True,True,True,True,2902,496,1044,620,240,280,1796,200,0,0,0,0,0,0,0,0,WPT Ready,0,0,False,0,0,0,0,0,0,75%,50%,False,0x00,False,63%,0us,0.000V,0.000V,True,False,Charge Active,v01.23.7357,False,False,0x00,0x00,0x00,0x00,0x00,0x00,0x00,200,13,0,0,0,False,1.0V,0.030,1467mV,1,False,False,v01.20.7357
26-05-30 12:10:19.661812,2902,496,1044,620,240,280,1796,200,True,True,True,True,True,True,True,True,2902,496,1044,620,240,280,1796,200,0,0,0,0,0,0,0,0,WPT Ready,0,0,False,0,0,0,0,0,0,75%,50%,False,0x00,False,63%,0us,0.000V,0.000V,True,False,Charge Active,v01.23.7357,False,False,0x00,0x00,0x00,0x00,0x00,0x00,0x00,200,13,0,0,0,False,1.0V,0.030,1467mV,1,False,False,v01.20.7357
26-05-30 12:10:19.858848,2902,496,1044,620,240,280,1796,200,True,True,True,True,True,True,True,True,2902,496,1044,620,240,280,1796,200,0,0,0,0,0,0,0,0,WPT Ready,0,0,False,0,0,0,0,0,0,75%,50%,False,0x00,False,63%,0us,0.000V,0.000V,True,False,Charge Active,v01.23.7357,False,False,0x00,0x00,0x00,0x00,0x00,0x00,0x00,200,13,0,0,0,False,1.0V,0.030,1467mV,1,False,False,v01.20.7357
26-05-30 12:10:20.060976,2902,496,1044,620,240,280,1796,200,True,True,True,True,True,True,True,True,2902,496,1044,620,240,280,1796,200,0,0,0,0,0,0,0,0,WPT Ready,0,0,False,0,0,0,0,0,0,75%,50%,False,0x00,False,63%,0us,0.000V,0.000V,True,False,Charge Active,v01.23.7357,False,False,0x00,0x00,0x00,0x00,0x00,0x00,0x00,200,13,0,0,0,False,1.0V,0.030,1467mV,1,False,False,v01.20.7357
26-05-30 12:10:20.263856,2902,496,1044,620,240,280,1796,200,True,True,True,True,True,True,True,True,2902,496,1044,620,240,280,1796,200,0,0,0,0,0,0,0,0,WPT Ready,0,0,False,0,0,0,0,0,0,75%,50%,False,0x00,False,63%,0us,0.000V,0.000V,True,False,Charge Active,v01.23.7357,False,False,0x00,0x00,0x00,0x00,0x00,0x00,0x00,200,13,0,0,0,False,1.0V,0.030,1467mV,1,False,False,v01.20.7357
26-05-30 12:10:20.464684,2902,496,1044,620,240,280,1796,200,True,True,True,True,True,True,True,True,2902,496,1044,620,240,280,1796,200,0,0,0,0,0,0,0,0,WPT Ready,0,0,False,0,0,0,0,0,0,75%,50%,False,0x00,False,63%,0us,0.000V,0.000V,True,False,Charge Active,v01.23.7357,False,False,0x00,0x00,0x00,0x00,0x00,0x00,0x00,200,13,0,0,0,False,1.0V,0.030,1467mV,1,False,False,v01.20.7357
26-05-30 12:10:20.669386,2902,496,1044,620,240,280,1796,200,True,True,True,True,True,True,True,True,2902,496,1044,620,240,280,1796,200,0,0,0,0,0,0,0,0,WPT Ready,0,0,False,0,0,0,0,0,0,75%,50%,False,0x00,False,63%,0us,0.000V,0.000V,True,False,Charge Active,v01.23.7357,False,False,0x00,0x00,0x00,0x00,0x00,0x00,0x00,200,13,0,0,0,False,1.0V,0.030,1467mV,1,False,False,v01.20.7357
26-05-30 12:10:20.847626,2902,496,1044,620,240,280,1796,200,True,True,True,True,True,True,True,True,2902,496,1044,620,240,280,1796,200,0,0,0,0,0,0,0,0,WPT Ready,0,0,False,0,0,0,0,0,0,75%,50%,False,0x00,False,63%,0us,0.000V,0.000V,True,False,Charge Active,v01.23.7357,False,False,0x00,0x00,0x00,0x00,0x00,0x00,0x00,200,13,0,0,0,False,1.0V,0.030,1467mV,1,False,False,v01.20.7357
26-05-30 12:10:21.067300,2902,496,1044,620,240,280,1796,200,True,True,True,True,True,True,True,True,2902,496,1044,620,240,280,1796,200,0,0,0,0,0,0,0,0,WPT Ready,0,0,False,0,0,0,0,0,0,75%,50%,False,0x00,False,63%,0us,0.000V,0.000V,True,False,Charge Active,v01.23.7357,False,False,0x00,0x00,0x00,0x00,0x00,0x00,0x00,200,13,0,0,0,False,1.0V,0.030,1467mV,1,False,False,v01.20.7357
26-05-30 12:10:21.279988,2902,496,1044,620,240,280,1796,200,True,True,True,True,True,True,True,True,2902,496,1044,620,240,280,1796,200,0,0,0,0,0,0,0,0,WPT Ready,0,0,False,0,0,0,0,0,0,75%,50%,False,0x00,False,63%,0us,0.000V,0.000V,True,False,Charge Active,v01.23.7357,False,False,0x00,0x00,0x00,0x00,0x00,0x00,0x00,200,13,0,0,0,False,1.0V,0.030,1467mV,1,False,False,v01.20.7357
26-05-30 12:10:21.443130,2902,496,1044,620,240,280,1796,200,True,True,True,True,True,True,True,True,2902,496,1044,620,240,280,1796,200,0,0,0,0,0,0,0,0,WPT Ready,0,0,False,0,0,0,0,0,0,75%,50%,False,0x00,False,63%,0us,0.000V,0.000V,True,False,Charge Active,v01.23.7357,False,False,0x00,0x00,0x00,0x00,0x00,0x00,0x00,200,13,0,0,0,False,1.0V,0.030,1467mV,1,False,False,v01.20.7357
26-05-30 12:10:21.646282,2902,496,1044,620,240,280,1796,200,True,True,True,True,True,True,True,True,2902,496,1044,620,240,280,1796,200,0,0,0,0,0,0,0,0,WPT Ready,0,0,False,0,0,0,0,0,0,75%,50%,False,0x00,False,63%,0us,0.000V,0.000V,True,False,Charge Active,v01.23.7357,False,False,0x00,0x00,0x00,0x00,0x00,0x00,0x00,200,13,0,0,0,False,1.0V,0.030,1467mV,1,False,False,v01.20.7357
26-05-30 12:10:21.849563,2902,496,1044,620,240,280,1796,200,True,True,True,True,True,True,True,True,2902,496,1044,620,240,280,1796,200,0,0,0,0,0,0,0,0,WPT Ready,0,0,False,0,0,0,0,0,0,75%,50%,False,0x00,False,63%,0us,0.000V,0.000V,True,False,Charge Active,v01.23.7357,False,False,0x00,0x00,0x00,0x00,0x00,0x00,0x00,200,13,0,0,0,False,1.0V,0.030,1467mV,1,False,False,v01.20.7357
26-05-30 12:10:22.042985,2902,496,1044,620,240,280,1796,200,True,True,True,True,True,True,True,True,2902,496,1044,620,240,280,1796,200,0,0,0,0,0,0,0,0,WPT Ready,0,0,False,0,0,0,0,0,0,75%,50%,False,0x00,False,63%,0us,0.000V,0.000V,True,False,Charge Active,v01.23.7357,False,False,0x00,0x00,0x00,0x00,0x00,0x00,0x00,200,13,0,0,0,False,1.0V,0.030,1467mV,1,False,False,v01.20.7357
26-05-30 12:10:22.243276,2902,496,1044,620,240,280,1796,200,True,True,True,True,True,True,True,True,2902,496,1044,620,240,280,1796,200,0,0,0,0,0,0,0,0,WPT Ready,0,0,False,0,0,0,0,0,0,75%,50%,False,0x00,False,63%,0us,0.000V,0.000V,True,False,Charge Active,v01.23.7357,False,False,0x00,0x00,0x00,0x00,0x00,0x00,0x00,200,13,0,0,0,False,1.0V,0.030,1467mV,1,False,False,v01.20.7357
26-05-30 12:10:22.449021,2902,496,1044,620,240,280,1796,200,True,True,True,True,True,True,True,True,2902,496,1044,620,240,280,1796,200,0,0,0,0,0,0,0,0,WPT Ready,0,0,False,0,0,0,0,0,0,75%,50%,False,0x00,False,63%,0us,0.000V,0.000V,True,False,Charge Active,v01.23.7357,False,False,0x00,0x00,0x00,0x00,0x00,0x00,0x00,200,13,0,0,0,False,1.0V,0.030,1467mV,1,False,False,v01.20.7357
26-05-30 12:10:22.647502,2902,496,1044,620,240,280,1796,200,True,True,True,True,True,True,True,True,2902,496,1044,620,240,280,1796,200,0,0,0,0,0,0,0,0,WPT Ready,0,0,False,0,0,0,0,0,0,75%,50%,False,0x00,False,63%,0us,0.000V,0.000V,True,False,Charge Active,v01.23.7357,False,False,0x00,0x00,0x00,0x00,0x00,0x00,0x00,200,13,0,0,0,False,1.0V,0.030,1467mV,1,False,False,v01.20.7357
26-05-30 12:10:22.850182,2902,496,1044,620,240,280,1796,200,True,True,True,True,True,True,True,True,2902,496,1044,620,240,280,1796,200,0,0,0,0,0,0,0,0,WPT Ready,0,0,False,0,0,0,0,0,0,75%,50%,False,0x00,False,63%,0us,0.000V,0.000V,True,False,Charge Active,v01.23.7357,False,False,0x00,0x00,0x00,0x00,0x00,0x00,0x00,200,13,0,0,0,False,1.0V,0.030,1467mV,1,False,False,v01.20.7357
26-05-30 12:10:23.061773,2902,496,1044,620,240,280,1796,200,True,True,True,True,True,True,True,True,2902,496,1044,620,240,280,1796,200,0,0,0,0,0,0,0,0,WPT Ready,0,0,False,0,0,0,0,0,0,75%,50%,False,0x00,False,63%,0us,0.000V,0.000V,True,False,Charge Active,v01.23.7357,False,False,0x00,0x00,0x00,0x00,0x00,0x00,0x00,200,13,0,0,0,False,1.0V,0.030,1467mV,1,False,False,v01.20.7357
26-05-30 12:10:23.261084,2902,496,1044,620,240,280,1796,200,True,True,True,True,True,True,True,True,2902,496,1044,620,240,280,1796,200,0,0,0,0,0,0,0,0,WPT Ready,0,0,False,0,0,0,0,0,0,75%,50%,False,0x00,False,63%,0us,0.000V,0.000V,True,False,Charge Active,v01.23.7357,False,False,0x00,0x00,0x00,0x00,0x00,0x00,0x00,200,13,0,0,0,False,1.0V,0.030,1467mV,1,False,False,v01.20.7357
26-05-30 12:10:23.466637,2902,496,1044,620,240,280,1796,200,True,True,True,True,True,True,True,True,2902,496,1044,620,240,280,1796,200,0,0,0,0,0,0,0,0,WPT Ready,0,0,False,0,0,0,0,0,0,75%,50%,False,0x00,False,63%,0us,0.000V,0.000V,True,False,Charge Active,v01.23.7357,False,False,0x00,0x00,0x00,0x00,0x00,0x00,0x00,200,13,0,0,0,False,1.0V,0.030,1467mV,1,False,False,v01.20.7357
26-05-30 12:10:23.665739,2902,496,1044,620,240,280,1796,200,True,True,True,True,True,True,True,True,2902,496,1044,620,240,280,1796,200,0,0,0,0,0,0,0,0,WPT Ready,0,0,False,0,0,0,0,0,0,75%,50%,False,0x00,False,63%,0us,0.000V,0.000V,True,False,Charge Active,v01.23.7357,False,False,0x00,0x00,0x00,0x00,0x00,0x00,0x00,200,13,0,0,0,False,1.0V,0.030,1467mV,1,False,False,v01.20.7357
26-05-30 12:10:23.879466,2902,496,1044,620,240,280,1796,200,True,True,True,True,True,True,True,True,2902,496,1044,620,240,280,1796,200,0,0,0,0,0,0,0,0,WPT Ready,0,0,False,0,0,0,0,0,0,75%,50%,False,0x00,False,63%,0us,0.000V,0.000V,True,False,Charge Active,v01.23.7357,False,False,0x00,0x00,0x00,0x00,0x00,0x00,0x00,200,13,0,0,0,False,1.0V,0.030,1467mV,1,False,False,v01.20.7357
26-05-30 12:10:24.035978,2902,496,1044,620,240,280,1796,200,True,True,True,True,True,True,True,True,2902,496,1044,620,240,280,1796,200,0,0,0,0,0,0,0,0,WPT Ready,0,0,False,0,0,0,0,0,0,75%,50%,False,0x00,False,63%,0us,0.000V,0.000V,True,False,Charge Active,v01.23.7357,False,False,0x00,0x00,0x00,0x00,0x00,0x00,0x00,200,13,0,0,0,False,1.0V,0.030,1467mV,1,False,False,v01.20.7357
26-05-30 12:10:24.242311,2902,496,1044,620,240,280,1796,200,True,True,True,True,True,True,True,True,2902,496,1044,620,240,280,1796,200,0,0,0,0,0,0,0,0,WPT Ready,0,0,False,0,0,0,0,0,0,75%,50%,False,0x00,False,63%,0us,0.000V,0.000V,True,False,Charge Active,v01.23.7357,False,False,0x00,0x00,0x00,0x00,0x00,0x00,0x00,200,13,0,0,0,False,1.0V,0.030,1467mV,1,False,False,v01.20.7357
26-05-30 12:10:24.451568,2902,496,1044,620,240,280,1796,200,True,True,True,True,True,True,True,True,2902,496,1044,620,240,280,1796,200,0,0,0,0,0,0,0,0,WPT Ready,0,0,False,0,0,0,0,0,0,75%,50%,False,0x00,False,63%,0us,0.000V,0.000V,True,False,Charge Active,v01.23.7357,False,False,0x00,0x00,0x00,0x00,0x00,0x00,0x00,200,13,0,0,0,False,1.0V,0.030,1467mV,1,False,False,v01.20.7357
26-05-30 12:10:24.664090,2902,496,1044,620,240,280,1796,200,True,True,True,True,True,True,True,True,2902,496,1044,620,240,280,1796,200,0,0,0,0,0,0,0,0,WPT Ready,0,0,False,0,0,0,0,0,0,75%,50%,False,0x00,False,63%,0us,0.000V,0.000V,True,False,Charge Active,v01.23.7357,False,False,0x00,0x00,0x00,0x00,0x00,0x00,0x00,200,13,0,0,0,False,1.0V,0.030,1467mV,1,False,False,v01.20.7357
26-05-30 12:10:24.841957,2902,496,1044,620,240,280,1796,200,True,True,True,True,True,True,True,True,2902,496,1044,620,240,280,1796,200,0,0,0,0,0,0,0,0,WPT Ready,0,0,False,0,0,0,0,0,0,75%,50%,False,0x00,False,63%,0us,0.000V,0.000V,True,False,Charge Active,v01.23.7357,False,False,0x00,0x00,0x00,0x00,0x00,0x00,0x00,200,13,0,0,0,False,1.0V,0.030,1467mV,1,False,False,v01.20.7357
26-05-30 12:10:25.039315,2902,496,1044,620,240,280,1796,200,True,True,True,True,True,True,True,True,2902,496,1044,620,240,280,1796,200,0,0,0,0,0,0,0,0,WPT Ready,0,0,False,0,0,0,0,0,0,75%,50%,False,0x00,False,63%,0us,0.000V,0.000V,True,False,Charge Active,v01.23.7357,False,False,0x00,0x00,0x00,0x00,0x00,0x00,0x00,200,13,0,0,0,False,1.0V,0.030,1467mV,1,False,False,v01.20.7357
26-05-30 12:10:25.266803,2902,496,1044,620,240,280,1796,200,True,True,True,True,True,True,True,True,2902,496,1044,620,240,280,1796,200,0,0,0,0,0,0,0,0,WPT Ready,0,0,False,0,0,0,0,0,0,75%,50%,False,0x00,False,63%,0us,0.000V,0.000V,True,False,Charge Active,v01.23.7357,False,False,0x00,0x00,0x00,0x00,0x00,0x00,0x00,200,13,0,0,0,False,1.0V,0.030,1467mV,1,False,False,v01.20.7357
26-05-30 12:10:25.441637,2902,496,1044,620,240,280,1796,200,True,True,True,True,True,True,True,True,2902,496,1044,620,240,280,1796,200,0,0,0,0,0,0,0,0,WPT Ready,0,0,False,0,0,0,0,0,0,75%,50%,False,0x00,False,63%,0us,0.000V,0.000V,True,False,Charge Active,v01.23.7357,False,False,0x00,0x00,0x00,0x00,0x00,0x00,0x00,200,13,0,0,0,False,1.0V,0.030,1467mV,1,False,False,v01.20.7357
26-05-30 12:10:25.643132,2902,496,1044,620,240,280,1796,200,True,True,True,True,True,True,True,True,2902,496,1044,620,240,280,1796,200,0,0,0,0,0,0,0,0,WPT Ready,0,0,False,0,0,0,0,0,0,75%,50%,False,0x00,False,63%,0us,0.000V,0.000V,True,False,Charge Active,v01.23.7357,False,False,0x00,0x00,0x00,0x00,0x00,0x00,0x00,200,13,0,0,0,False,1.0V,0.030,1467mV,1,False,False,v01.20.7357
26-05-30 12:10:25.848832,2902,496,1044,620,240,280,1796,200,True,True,True,True,True,True,True,True,2902,496,1044,620,240,280,1796,200,0,0,0,0,0,0,0,0,WPT Ready,0,0,False,0,0,0,0,0,0,75%,50%,False,0x00,False,63%,0us,0.000V,0.000V,True,False,Charge Active,v01.23.7357,False,False,0x00,0x00,0x00,0x00,0x00,0x00,0x00,200,13,0,0,0,False,1.0V,0.030,1467mV,1,False,False,v01.20.7357
26-05-30 12:10:26.061770,2902,496,1044,620,240,280,1796,200,True,True,True,True,True,True,True,True,2902,496,1044,620,240,280,1796,200,0,0,0,0,0,0,0,0,WPT Ready,0,0,False,0,0,0,0,0,0,75%,50%,False,0x00,False,63%,0us,0.000V,0.000V,True,False,Charge Active,v01.23.7357,False,False,0x00,0x00,0x00,0x00,0x00,0x00,0x00,200,13,0,0,0,False,1.0V,0.030,1467mV,1,False,False,v01.20.7357
26-05-30 12:10:26.263187,2902,496,1044,620,240,280,1796,200,True,True,True,True,True,True,True,True,2902,496,1044,620,240,280,1796,200,0,0,0,0,0,0,0,0,WPT Ready,0,0,False,0,0,0,0,0,0,75%,50%,False,0x00,False,63%,0us,0.000V,0.000V,True,False,Charge Active,v01.23.7357,False,False,0x00,0x00,0x00,0x00,0x00,0x00,0x00,200,13,0,0,0,False,1.0V,0.030,1467mV,1,False,False,v01.20.7357
26-05-30 12:10:26.459272,2902,496,1044,620,240,280,1796,200,True,True,True,True,True,True,True,True,2902,496,1044,620,240,280,1796,200,0,0,0,0,0,0,0,0,WPT Ready,0,0,False,0,0,0,0,0,0,75%,50%,False,0x00,False,63%,0us,0.000V,0.000V,True,False,Charge Active,v01.23.7357,False,False,0x00,0x00,0x00,0x00,0x00,0x00,0x00,200,13,0,0,0,False,1.0V,0.030,1467mV,1,False,False,v01.20.7357
26-05-30 12:10:26.670305,2902,496,1044,620,240,280,1796,200,True,True,True,True,True,True,True,True,2902,496,1044,620,240,280,1796,200,0,0,0,0,0,0,0,0,WPT Ready,0,0,False,0,0,0,0,0,0,75%,50%,False,0x00,False,63%,0us,0.000V,0.000V,True,False,Charge Active,v01.23.7357,False,False,0x00,0x00,0x00,0x00,0x00,0x00,0x00,200,13,0,0,0,False,1.0V,0.030,1467mV,1,False,False,v01.20.7357
26-05-30 12:10:26.854800,2902,496,1044,620,240,280,1796,200,True,True,True,True,True,True,True,True,2902,496,1044,620,240,280,1796,200,0,0,0,0,0,0,0,0,WPT Ready,0,0,False,0,0,0,0,0,0,75%,50%,False,0x00,False,63%,0us,0.000V,0.000V,True,False,Charge Active,v01.23.7357,False,False,0x00,0x00,0x00,0x00,0x00,0x00,0x00,200,13,0,0,0,False,1.0V,0.030,1467mV,1,False,False,v01.20.7357
26-05-30 12:10:27.059744,2902,496,1044,620,240,280,1796,200,True,True,True,True,True,True,True,True,2902,496,1044,620,240,280,1796,200,0,0,0,0,0,0,0,0,WPT Ready,0,0,False,0,0,0,0,0,0,75%,50%,False,0x00,False,63%,0us,0.000V,0.000V,True,False,Charge Active,v01.23.7357,False,False,0x00,0x00,0x00,0x00,0x00,0x00,0x00,200,13,0,0,0,False,1.0V,0.030,1467mV,1,False,False,v01.20.7357
26-05-30 12:10:27.257518,2902,496,1044,620,240,280,1796,200,True,True,True,True,True,True,True,True,2902,496,1044,620,240,280,1796,200,0,0,0,0,0,0,0,0,WPT Ready,0,0,False,0,0,0,0,0,0,75%,50%,False,0x00,False,63%,0us,0.000V,0.000V,True,False,Charge Active,v01.23.7357,False,False,0x00,0x00,0x00,0x00,0x00,0x00,0x00,200,13,0,0,0,False,1.0V,0.030,1467mV,1,False,False,v01.20.7357
26-05-30 12:10:27.440598,2902,496,1044,620,240,280,1796,200,True,True,True,True,True,True,True,True,2902,496,1044,620,240,280,1796,200,0,0,0,0,0,0,0,0,WPT Ready,0,0,False,0,0,0,0,0,0,75%,50%,False,0x00,False,63%,0us,0.000V,0.000V,True,False,Charge Active,v01.23.7357,False,False,0x00,0x00,0x00,0x00,0x00,0x00,0x00,200,13,0,0,0,False,1.0V,0.030,1467mV,1,False,False,v01.20.7357
26-05-30 12:10:27.652742,2902,496,1044,620,240,280,1796,200,True,True,True,True,True,True,True,True,2902,496,1044,620,240,280,1796,200,0,0,0,0,0,0,0,0,WPT Ready,0,0,False,0,0,0,0,0,0,75%,50%,False,0x00,False,63%,0us,0.000V,0.000V,True,False,Charge Active,v01.23.7357,False,False,0x00,0x00,0x00,0x00,0x00,0x00,0x00,200,13,0,0,0,False,1.0V,0.030,1467mV,1,False,False,v01.20.7357
26-05-30 12:10:27.847775,2902,496,1044,620,240,280,1796,200,True,True,True,True,True,True,True,True,2902,496,1044,620,240,280,1796,200,0,0,0,0,0,0,0,0,WPT Ready,0,0,False,0,0,0,0,0,0,75%,50%,False,0x00,False,63%,0us,0.000V,0.000V,True,False,Charge Active,v01.23.7357,False,False,0x00,0x00,0x00,0x00,0x00,0x00,0x00,200,13,0,0,0,False,1.0V,0.030,1467mV,1,False,False,v01.20.7357
26-05-30 12:10:28.048561,2902,496,1044,620,240,280,1796,200,True,True,True,True,True,True,True,True,2902,496,1044,620,240,280,1796,200,0,0,0,0,0,0,0,0,WPT Ready,0,0,False,0,0,0,0,0,0,75%,50%,False,0x00,False,63%,0us,0.000V,0.000V,True,False,Charge Active,v01.23.7357,False,False,0x00,0x00,0x00,0x00,0x00,0x00,0x00,200,13,0,0,0,False,1.0V,0.030,1467mV,1,False,False,v01.20.7357
26-05-30 12:10:28.250522,2902,496,1044,620,240,280,1796,200,True,True,True,True,True,True,True,True,2902,496,1044,620,240,280,1796,200,0,0,0,0,0,0,0,0,WPT Ready,0,0,False,0,0,0,0,0,0,75%,50%,False,0x00,False,63%,0us,0.000V,0.000V,True,False,Charge Active,v01.23.7357,False,False,0x00,0x00,0x00,0x00,0x00,0x00,0x00,200,13,0,0,0,False,1.0V,0.030,1467mV,1,False,False,v01.20.7357
26-05-30 12:10:28.447134,2902,496,1044,620,240,280,1796,200,True,True,True,True,True,True,True,True,2902,496,1044,620,240,280,1796,200,0,0,0,0,0,0,0,0,WPT Ready,0,0,False,0,0,0,0,0,0,75%,50%,False,0x00,False,63%,0us,0.000V,0.000V,True,False,Charge Active,v01.23.7357,False,False,0x00,0x00,0x00,0x00,0x00,0x00,0x00,200,13,0,0,0,False,1.0V,0.030,1467mV,1,False,False,v01.20.7357
26-05-30 12:10:28.648273,2902,496,1044,620,240,280,1796,200,True,True,True,True,True,True,True,True,2902,496,1044,620,240,280,1796,200,0,0,0,0,0,0,0,0,WPT Ready,0,0,False,0,0,0,0,0,0,75%,50%,False,0x00,False,63%,0us,0.000V,0.000V,True,False,Charge Active,v01.23.7357,False,False,0x00,0x00,0x00,0x00,0x00,0x00,0x00,200,13,0,0,0,False,1.0V,0.030,1467mV,1,False,False,v01.20.7357
26-05-30 12:10:28.848048,2902,496,1044,620,240,280,1796,200,True,True,True,True,True,True,True,True,2902,496,1044,620,240,280,1796,200,0,0,0,0,0,0,0,0,WPT Ready,0,0,False,0,0,0,0,0,0,75%,50%,False,0x00,False,63%,0us,0.000V,0.000V,True,False,Charge Active,v01.23.7357,False,False,0x00,0x00,0x00,0x00,0x00,0x00,0x00,200,13,0,0,0,False,1.0V,0.030,1467mV,1,False,False,v01.20.7357
26-05-30 12:10:29.050861,2902,496,1044,620,240,280,1796,200,True,True,True,True,True,True,True,True,2902,496,1044,620,240,280,1796,200,0,0,0,0,0,0,0,0,WPT Ready,0,0,False,0,0,0,0,0,0,75%,50%,False,0x00,False,63%,0us,0.000V,0.000V,True,False,Charge Active,v01.23.7357,False,False,0x00,0x00,0x00,0x00,0x00,0x00,0x00,200,13,0,0,0,False,1.0V,0.030,1467mV,1,False,False,v01.20.7357
26-05-30 12:10:29.248840,2902,496,1044,620,240,280,1796,200,True,True,True,True,True,True,True,True,2902,496,1044,620,240,280,1796,200,0,0,0,0,0,0,0,0,WPT Ready,0,0,False,0,0,0,0,0,0,75%,50%,False,0x00,False,63%,0us,0.000V,0.000V,True,False,Charge Active,v01.23.7357,False,False,0x00,0x00,0x00,0x00,0x00,0x00,0x00,200,13,0,0,0,False,1.0V,0.030,1467mV,1,False,False,v01.20.7357
26-05-30 12:10:29.451359,2902,496,1044,620,240,280,1796,200,True,True,True,True,True,True,True,True,2902,496,1044,620,240,280,1796,200,0,0,0,0,0,0,0,0,WPT Ready,0,0,False,0,0,0,0,0,0,75%,50%,False,0x00,False,63%,0us,0.000V,0.000V,True,False,Charge Active,v01.23.7357,False,False,0x00,0x00,0x00,0x00,0x00,0x00,0x00,200,13,0,0,0,False,1.0V,0.030,1467mV,1,False,False,v01.20.7357
26-05-30 12:10:29.668823,2902,496,1044,620,240,280,1796,200,True,True,True,True,True,True,True,True,2902,496,1044,620,240,280,1796,200,0,0,0,0,0,0,0,0,WPT Ready,0,0,False,0,0,0,0,0,0,75%,50%,False,0x00,False,63%,0us,0.000V,0.000V,True,False,Charge Active,v01.23.7357,False,False,0x00,0x00,0x00,0x00,0x00,0x00,0x00,200,13,0,0,0,False,1.0V,0.030,1467mV,1,False,False,v01.20.7357
26-05-30 12:10:29.838687,2902,496,1044,620,240,280,1796,200,True,True,True,True,True,True,True,True,2902,496,1044,620,240,280,1796,200,0,0,0,0,0,0,0,0,WPT Ready,0,0,False,0,0,0,0,0,0,75%,50%,False,0x00,False,63%,0us,0.000V,0.000V,True,False,Charge Active,v01.23.7357,False,False,0x00,0x00,0x00,0x00,0x00,0x00,0x00,200,13,0,0,0,False,1.0V,0.030,1467mV,1,False,False,v01.20.7357
26-05-30 12:10:30.080434,2902,496,1044,620,240,280,1796,200,True,True,True,True,True,True,True,True,2902,496,1044,620,240,280,1796,200,0,0,0,0,0,0,0,0,WPT Ready,0,0,False,0,0,0,0,0,0,75%,50%,False,0x00,False,63%,0us,0.000V,0.000V,True,False,Charge Active,v01.23.7357,False,False,0x00,0x00,0x00,0x00,0x00,0x00,0x00,200,13,0,0,0,False,1.0V,0.030,1467mV,1,False,False,v01.20.7357
26-05-30 12:10:30.246576,2902,496,1044,620,240,280,1796,200,True,True,True,True,True,True,True,True,2902,496,1044,620,240,280,1796,200,0,0,0,0,0,0,0,0,WPT Ready,0,0,False,0,0,0,0,0,0,75%,50%,False,0x00,False,63%,0us,0.000V,0.000V,True,False,Charge Active,v01.23.7357,False,False,0x00,0x00,0x00,0x00,0x00,0x00,0x00,200,13,0,0,0,False,1.0V,0.030,1467mV,1,False,False,v01.20.7357
26-05-30 12:10:30.466439,2902,496,1044,620,240,280,1796,200,True,True,True,True,True,True,True,True,2902,496,1044,620,240,280,1796,200,0,0,0,0,0,0,0,0,WPT Ready,0,0,False,0,0,0,0,0,0,75%,50%,False,0x00,False,63%,0us,0.000V,0.000V,True,False,Charge Active,v01.23.7357,False,False,0x00,0x00,0x00,0x00,0x00,0x00,0x00,200,13,0,0,0,False,1.0V,0.030,1467mV,1,False,False,v01.20.7357
26-05-30 12:10:30.656073,2902,496,1044,620,240,280,1796,200,True,True,True,True,True,True,True,True,2902,496,1044,620,240,280,1796,200,0,0,0,0,0,0,0,0,WPT Ready,0,0,False,0,0,0,0,0,0,75%,50%,False,0x00,False,63%,0us,0.000V,0.000V,True,False,Charge Active,v01.23.7357,False,False,0x00,0x00,0x00,0x00,0x00,0x00,0x00,200,13,0,0,0,False,1.0V,0.030,1467mV,1,False,False,v01.20.7357
26-05-30 12:10:30.858627,2902,496,1044,620,240,280,1796,200,True,True,True,True,True,True,True,True,2902,496,1044,620,240,280,1796,200,0,0,0,0,0,0,0,0,WPT Ready,0,0,False,0,0,0,0,0,0,75%,50%,False,0x00,False,63%,0us,0.000V,0.000V,True,False,Charge Active,v01.23.7357,False,False,0x00,0x00,0x00,0x00,0x00,0x00,0x00,200,13,0,0,0,False,1.0V,0.030,1467mV,1,False,False,v01.20.7357
26-05-30 12:10:31.055270,2902,496,1044,620,240,280,1796,200,True,True,True,True,True,True,True,True,2902,496,1044,620,240,280,1796,200,0,0,0,0,0,0,0,0,WPT Ready,0,0,False,0,0,0,0,0,0,75%,50%,False,0x00,False,63%,0us,0.000V,0.000V,True,False,Charge Active,v01.23.7357,False,False,0x00,0x00,0x00,0x00,0x00,0x00,0x00,200,13,0,0,0,False,1.0V,0.030,1467mV,1,False,False,v01.20.7357
26-05-30 12:10:31.261244,2902,496,1044,620,240,280,1796,200,True,True,True,True,True,True,True,True,2902,496,1044,620,240,280,1796,200,0,0,0,0,0,0,0,0,WPT Ready,0,0,False,0,0,0,0,0,0,75%,50%,False,0x00,False,63%,0us,0.000V,0.000V,True,False,Charge Active,v01.23.7357,False,False,0x00,0x00,0x00,0x00,0x00,0x00,0x00,200,13,0,0,0,False,1.0V,0.030,1467mV,1,False,False,v01.20.7357
26-05-30 12:10:31.454896,2902,496,1044,620,240,280,1796,200,True,True,True,True,True,True,True,True,2902,496,1044,620,240,280,1796,200,0,0,0,0,0,0,0,0,WPT Ready,0,0,False,0,0,0,0,0,0,75%,50%,False,0x00,False,63%,0us,0.000V,0.000V,True,False,Charge Active,v01.23.7357,False,False,0x00,0x00,0x00,0x00,0x00,0x00,0x00,200,13,0,0,0,False,1.0V,0.030,1467mV,1,False,False,v01.20.7357
26-05-30 12:10:31.653259,2902,496,1044,620,240,280,1796,200,True,True,True,True,True,True,True,True,2902,496,1044,620,240,280,1796,200,0,0,0,0,0,0,0,0,WPT Ready,0,0,False,0,0,0,0,0,0,75%,50%,False,0x00,False,63%,0us,0.000V,0.000V,True,False,Charge Active,v01.23.7357,False,False,0x00,0x00,0x00,0x00,0x00,0x00,0x00,200,13,0,0,0,False,1.0V,0.030,1467mV,1,False,False,v01.20.7357
26-05-30 12:10:31.856892,2902,496,1044,620,240,280,1796,200,True,True,True,True,True,True,True,True,2902,496,1044,620,240,280,1796,200,0,0,0,0,0,0,0,0,WPT Ready,0,0,False,0,0,0,0,0,0,75%,50%,False,0x00,False,63%,0us,0.000V,0.000V,True,False,Charge Active,v01.23.7357,False,False,0x00,0x00,0x00,0x00,0x00,0x00,0x00,200,13,0,0,0,False,1.0V,0.030,1467mV,1,False,False,v01.20.7357
26-05-30 12:10:32.055261,2902,496,1044,620,240,280,1796,200,True,True,True,True,True,True,True,True,2902,496,1044,620,240,280,1796,200,0,0,0,0,0,0,0,0,WPT Ready,0,0,False,0,0,0,0,0,0,75%,50%,False,0x00,False,63%,0us,0.000V,0.000V,True,False,Charge Active,v01.23.7357,False,False,0x00,0x00,0x00,0x00,0x00,0x00,0x00,200,13,0,0,0,False,1.0V,0.030,1467mV,1,False,False,v01.20.7357
26-05-30 12:10:32.268529,2902,496,1044,620,240,280,1796,200,True,True,True,True,True,True,True,True,2902,496,1044,620,240,280,1796,200,0,0,0,0,0,0,0,0,WPT Ready,0,0,False,0,0,0,0,0,0,75%,50%,False,0x00,False,63%,0us,0.000V,0.000V,True,False,Charge Active,v01.23.7357,False,False,0x00,0x00,0x00,0x00,0x00,0x00,0x00,200,13,0,0,0,False,1.0V,0.030,1467mV,1,False,False,v01.20.7357
26-05-30 12:10:32.461688,2902,496,1044,620,240,280,1796,200,True,True,True,True,True,True,True,True,2902,496,1044,620,240,280,1796,200,0,0,0,0,0,0,0,0,WPT Ready,0,0,False,0,0,0,0,0,0,75%,50%,False,0x00,False,63%,0us,0.000V,0.000V,True,False,Charge Active,v01.23.7357,False,False,0x00,0x00,0x00,0x00,0x00,0x00,0x00,200,13,0,0,0,False,1.0V,0.030,1467mV,1,False,False,v01.20.7357
26-05-30 12:10:32.644675,2902,496,1044,620,240,280,1796,200,True,True,True,True,True,True,True,True,2902,496,1044,620,240,280,1796,200,0,0,0,0,0,0,0,0,WPT Ready,0,0,False,0,0,0,0,0,0,75%,50%,False,0x00,False,63%,0us,0.000V,0.000V,True,False,Charge Active,v01.23.7357,False,False,0x00,0x00,0x00,0x00,0x00,0x00,0x00,200,13,0,0,0,False,1.0V,0.030,1467mV,1,False,False,v01.20.7357
26-05-30 12:10:32.866648,2902,496,1044,620,240,280,1796,200,True,True,True,True,True,True,True,True,2902,496,1044,620,240,280,1796,200,0,0,0,0,0,0,0,0,WPT Ready,0,0,False,0,0,0,0,0,0,75%,50%,False,0x00,False,63%,0us,0.000V,0.000V,True,False,Charge Active,v01.23.7357,False,False,0x00,0x00,0x00,0x00,0x00,0x00,0x00,200,13,0,0,0,False,1.0V,0.030,1467mV,1,False,False,v01.20.7357
26-05-30 12:10:33.067558,2902,496,1044,620,240,280,1796,200,True,True,True,True,True,True,True,True,2902,496,1044,620,240,280,1796,200,0,0,0,0,0,0,0,0,WPT Ready,0,0,False,0,0,0,0,0,0,75%,50%,False,0x00,False,63%,0us,0.000V,0.000V,True,False,Charge Active,v01.23.7357,False,False,0x00,0x00,0x00,0x00,0x00,0x00,0x00,200,13,0,0,0,False,1.0V,0.030,1467mV,1,False,False,v01.20.7357
26-05-30 12:10:33.241676,2902,496,1044,620,240,280,1796,200,True,True,True,True,True,True,True,True,2902,496,1044,620,240,280,1796,200,0,0,0,0,0,0,0,0,WPT Ready,0,0,False,0,0,0,0,0,0,75%,50%,False,0x00,False,63%,0us,0.000V,0.000V,True,False,Charge Active,v01.23.7357,False,False,0x00,0x00,0x00,0x00,0x00,0x00,0x00,200,13,0,0,0,False,1.0V,0.030,1467mV,1,False,False,v01.20.7357
26-05-30 12:10:33.441664,2902,496,1044,620,240,280,1796,200,True,True,True,True,True,True,True,True,2902,496,1044,620,240,280,1796,200,0,0,0,0,0,0,0,0,WPT Ready,0,0,False,0,0,0,0,0,0,75%,50%,False,0x00,False,63%,0us,0.000V,0.000V,True,False,Charge Active,v01.23.7357,False,False,0x00,0x00,0x00,0x00,0x00,0x00,0x00,200,13,0,0,0,False,1.0V,0.030,1467mV,1,False,False,v01.20.7357
26-05-30 12:10:33.665367,2902,496,1044,620,240,280,1796,200,True,True,True,True,True,True,True,True,2902,496,1044,620,240,280,1796,200,0,0,0,0,0,0,0,0,WPT Ready,0,0,False,0,0,0,0,0,0,75%,50%,False,0x00,False,63%,0us,0.000V,0.000V,True,False,Charge Active,v01.23.7357,False,False,0x00,0x00,0x00,0x00,0x00,0x00,0x00,200,13,0,0,0,False,1.0V,0.030,1467mV,1,False,False,v01.20.7357
26-05-30 12:10:33.893328,2902,496,1044,620,240,280,1796,200,True,True,True,True,True,True,True,True,2902,496,1044,620,240,280,1796,200,0,0,0,0,0,0,0,0,WPT Ready,0,0,False,0,0,0,0,0,0,75%,50%,False,0x00,False,63%,0us,0.000V,0.000V,True,False,Charge Active,v01.23.7357,False,False,0x00,0x00,0x00,0x00,0x00,0x00,0x00,200,13,0,0,0,False,1.0V,0.030,1467mV,1,False,False,v01.20.7357
26-05-30 12:10:34.067403,2902,496,1044,620,240,280,1796,200,True,True,True,True,True,True,True,True,2902,496,1044,620,240,280,1796,200,0,0,0,0,0,0,0,0,WPT Ready,0,0,False,0,0,0,0,0,0,75%,50%,False,0x00,False,63%,0us,0.000V,0.000V,True,False,Charge Active,v01.23.7357,False,False,0x00,0x00,0x00,0x00,0x00,0x00,0x00,200,13,0,0,0,False,1.0V,0.030,1467mV,1,False,False,v01.20.7357
26-05-30 12:10:34.261449,2902,496,1044,620,240,280,1796,200,True,True,True,True,True,True,True,True,2902,496,1044,620,240,280,1796,200,0,0,0,0,0,0,0,0,WPT Ready,0,0,False,0,0,0,0,0,0,75%,50%,False,0x00,False,63%,0us,0.000V,0.000V,True,False,Charge Active,v01.23.7357,False,False,0x00,0x00,0x00,0x00,0x00,0x00,0x00,200,13,0,0,0,False,1.0V,0.030,1467mV,1,False,False,v01.20.7357
26-05-30 12:10:34.451565,2902,496,1044,620,240,280,1796,200,True,True,True,True,True,True,True,True,2902,496,1044,620,240,280,1796,200,0,0,0,0,0,0,0,0,WPT Ready,0,0,False,0,0,0,0,0,0,75%,50%,False,0x00,False,63%,0us,0.000V,0.000V,True,False,Charge Active,v01.23.7357,False,False,0x00,0x00,0x00,0x00,0x00,0x00,0x00,200,13,0,0,0,False,1.0V,0.030,1467mV,1,False,False,v01.20.7357
26-05-30 12:10:34.664913,2902,496,1044,620,240,280,1796,200,True,True,True,True,True,True,True,True,2902,496,1044,620,240,280,1796,200,0,0,0,0,0,0,0,0,WPT Ready,0,0,False,0,0,0,0,0,0,75%,50%,False,0x00,False,63%,0us,0.000V,0.000V,True,False,Charge Active,v01.23.7357,False,False,0x00,0x00,0x00,0x00,0x00,0x00,0x00,200,13,0,0,0,False,1.0V,0.030,1467mV,1,False,False,v01.20.7357
26-05-30 12:10:34.840181,2902,496,1044,620,240,280,1796,200,True,True,True,True,True,True,True,True,2902,496,1044,620,240,280,1796,200,0,0,0,0,0,0,0,0,WPT Ready,0,0,False,0,0,0,0,0,0,75%,50%,False,0x00,False,63%,0us,0.000V,0.000V,True,False,Charge Active,v01.23.7357,False,False,0x00,0x00,0x00,0x00,0x00,0x00,0x00,200,13,0,0,0,False,1.0V,0.030,1467mV,1,False,False,v01.20.7357
26-05-30 12:10:35.042405,2902,496,1044,620,240,280,1796,200,True,True,True,True,True,True,True,True,2902,496,1044,620,240,280,1796,200,0,0,0,0,0,0,0,0,WPT Ready,0,0,False,0,0,0,0,0,0,75%,50%,False,0x00,False,63%,0us,0.000V,0.000V,True,False,Charge Active,v01.23.7357,False,False,0x00,0x00,0x00,0x00,0x00,0x00,0x00,200,13,0,0,0,False,1.0V,0.030,1467mV,1,False,False,v01.20.7357
26-05-30 12:10:35.237671,2902,496,1044,620,240,280,1796,200,True,True,True,True,True,True,True,True,2902,496,1044,620,240,280,1796,200,0,0,0,0,0,0,0,0,WPT Ready,0,0,False,0,0,0,0,0,0,75%,50%,False,0x00,False,63%,0us,0.000V,0.000V,True,False,Charge Active,v01.23.7357,False,False,0x00,0x00,0x00,0x00,0x00,0x00,0x00,200,13,0,0,0,False,1.0V,0.030,1467mV,1,False,False,v01.20.7357
26-05-30 12:10:35.437331,2902,496,1044,620,240,280,1796,200,True,True,True,True,True,True,True,True,2902,496,1044,620,240,280,1796,200,0,0,0,0,0,0,0,0,WPT Ready,0,0,False,0,0,0,0,0,0,75%,50%,False,0x00,False,63%,0us,0.000V,0.000V,True,False,Charge Active,v01.23.7357,False,False,0x00,0x00,0x00,0x00,0x00,0x00,0x00,200,13,0,0,0,False,1.0V,0.030,1467mV,1,False,False,v01.20.7357
26-05-30 12:10:35.647620,2902,496,1044,620,240,280,1796,200,True,True,True,True,True,True,True,True,2902,496,1044,620,240,280,1796,200,0,0,0,0,0,0,0,0,WPT Ready,0,0,False,0,0,0,0,0,0,75%,50%,False,0x00,False,63%,0us,0.000V,0.000V,True,False,Charge Active,v01.23.7357,False,False,0x00,0x00,0x00,0x00,0x00,0x00,0x00,200,13,0,0,0,False,1.0V,0.030,1467mV,1,False,False,v01.20.7357
26-05-30 12:10:35.847220,2902,496,1044,620,240,280,1796,200,True,True,True,True,True,True,True,True,2902,496,1044,620,240,280,1796,200,0,0,0,0,0,0,0,0,WPT Ready,0,0,False,0,0,0,0,0,0,75%,50%,False,0x00,False,63%,0us,0.000V,0.000V,True,False,Charge Active,v01.23.7357,False,False,0x00,0x00,0x00,0x00,0x00,0x00,0x00,200,13,0,0,0,False,1.0V,0.030,1467mV,1,False,False,v01.20.7357
26-05-30 12:10:36.047098,2902,496,1044,620,240,280,1796,200,True,True,True,True,True,True,True,True,2902,496,1044,620,240,280,1796,200,0,0,0,0,0,0,0,0,WPT Ready,0,0,False,0,0,0,0,0,0,75%,50%,False,0x00,False,63%,0us,0.000V,0.000V,True,False,Charge Active,v01.23.7357,False,False,0x00,0x00,0x00,0x00,0x00,0x00,0x00,200,13,0,0,0,False,1.0V,0.030,1467mV,1,False,False,v01.20.7357
26-05-30 12:10:36.282960,2902,496,1044,620,240,280,1796,200,True,True,True,True,True,True,True,True,2902,496,1044,620,240,280,1796,200,0,0,0,0,0,0,0,0,WPT Ready,0,0,False,0,0,0,0,0,0,75%,50%,False,0x00,False,63%,0us,0.000V,0.000V,True,False,Charge Active,v01.23.7357,False,False,0x00,0x00,0x00,0x00,0x00,0x00,0x00,200,13,0,0,0,False,1.0V,0.030,1467mV,1,False,False,v01.20.7357
26-05-30 12:10:36.507757,2902,496,1044,620,240,280,1796,200,True,True,True,True,True,True,True,True,2902,496,1044,620,240,280,1796,200,0,0,0,0,0,0,0,0,WPT Ready,0,0,False,0,0,0,0,0,0,75%,50%,False,0x00,False,63%,0us,0.000V,0.000V,True,False,Charge Active,v01.23.7357,False,False,0x00,0x00,0x00,0x00,0x00,0x00,0x00,200,13,0,0,0,False,1.0V,0.030,1467mV,1,False,False,v01.20.7357
26-05-30 12:10:36.647766,2902,496,1044,620,240,280,1796,200,True,True,True,True,True,True,True,True,2902,496,1044,620,240,280,1796,200,0,0,0,0,0,0,0,0,WPT Ready,0,0,False,0,0,0,0,0,0,75%,50%,False,0x00,False,63%,0us,0.000V,0.000V,True,False,Charge Active,v01.23.7357,False,False,0x00,0x00,0x00,0x00,0x00,0x00,0x00,200,13,0,0,0,False,1.0V,0.030,1467mV,1,False,False,v01.20.7357
26-05-30 12:10:36.849972,2902,496,1044,620,240,280,1796,200,True,True,True,True,True,True,True,True,2902,496,1044,620,240,280,1796,200,0,0,0,0,0,0,0,0,WPT Ready,0,0,False,0,0,0,0,0,0,75%,50%,False,0x00,False,63%,0us,0.000V,0.000V,True,False,Charge Active,v01.23.7357,False,False,0x00,0x00,0x00,0x00,0x00,0x00,0x00,200,13,0,0,0,False,1.0V,0.030,1467mV,1,False,False,v01.20.7357
26-05-30 12:10:37.038908,2902,496,1044,620,240,280,1796,200,True,True,True,True,True,True,True,True,2902,496,1044,620,240,280,1796,200,0,0,0,0,0,0,0,0,WPT Ready,0,0,False,0,0,0,0,0,0,75%,50%,False,0x00,False,63%,0us,0.000V,0.000V,True,False,Charge Active,v01.23.7357,False,False,0x00,0x00,0x00,0x00,0x00,0x00,0x00,200,13,0,0,0,False,1.0V,0.030,1467mV,1,False,False,v01.20.7357
26-05-30 12:10:37.259204,2902,496,1044,620,240,280,1796,200,True,True,True,True,True,True,True,True,2902,496,1044,620,240,280,1796,200,0,0,0,0,0,0,0,0,WPT Ready,0,0,False,0,0,0,0,0,0,75%,50%,False,0x00,False,63%,0us,0.000V,0.000V,True,False,Charge Active,v01.23.7357,False,False,0x00,0x00,0x00,0x00,0x00,0x00,0x00,200,13,0,0,0,False,1.0V,0.030,1467mV,1,False,False,v01.20.7357
26-05-30 12:10:37.474496,2902,496,1044,620,240,280,1796,200,True,True,True,True,True,True,True,True,2902,496,1044,620,240,280,1796,200,0,0,0,0,0,0,0,0,WPT Ready,0,0,False,0,0,0,0,0,0,75%,50%,False,0x00,False,63%,0us,0.000V,0.000V,True,False,Charge Active,v01.23.7357,False,False,0x00,0x00,0x00,0x00,0x00,0x00,0x00,200,13,0,0,0,False,1.0V,0.030,1467mV,1,False,False,v01.20.7357
26-05-30 12:10:37.650213,2902,496,1044,620,240,280,1796,200,True,True,True,True,True,True,True,True,2902,496,1044,620,240,280,1796,200,0,0,0,0,0,0,0,0,WPT Ready,0,0,False,0,0,0,0,0,0,75%,50%,False,0x00,False,63%,0us,0.000V,0.000V,True,False,Charge Active,v01.23.7357,False,False,0x00,0x00,0x00,0x00,0x00,0x00,0x00,200,13,0,0,0,False,1.0V,0.030,1467mV,1,False,False,v01.20.7357
26-05-30 12:10:37.850159,2902,496,1044,620,240,280,1796,200,True,True,True,True,True,True,True,True,2902,496,1044,620,240,280,1796,200,0,0,0,0,0,0,0,0,WPT Ready,0,0,False,0,0,0,0,0,0,75%,50%,False,0x00,False,63%,0us,0.000V,0.000V,True,False,Charge Active,v01.23.7357,False,False,0x00,0x00,0x00,0x00,0x00,0x00,0x00,200,13,0,0,0,False,1.0V,0.030,1467mV,1,False,False,v01.20.7357
26-05-30 12:10:38.043118,2902,496,1044,620,240,280,1796,200,True,True,True,True,True,True,True,True,2902,496,1044,620,240,280,1796,200,0,0,0,0,0,0,0,0,WPT Ready,0,0,False,0,0,0,0,0,0,75%,50%,False,0x00,False,63%,0us,0.000V,0.000V,True,False,Charge Active,v01.23.7357,False,False,0x00,0x00,0x00,0x00,0x00,0x00,0x00,200,13,0,0,0,False,1.0V,0.030,1467mV,1,False,False,v01.20.7357
26-05-30 12:10:38.244767,2902,496,1044,620,240,280,1796,200,True,True,True,True,True,True,True,True,2902,496,1044,620,240,280,1796,200,0,0,0,0,0,0,0,0,WPT Ready,0,0,False,0,0,0,0,0,0,75%,50%,False,0x00,False,63%,0us,0.000V,0.000V,True,False,Charge Active,v01.23.7357,False,False,0x00,0x00,0x00,0x00,0x00,0x00,0x00,200,13,0,0,0,False,1.0V,0.030,1467mV,1,False,False,v01.20.7357
26-05-30 12:10:38.450037,2902,496,1044,620,240,280,1796,200,True,True,True,True,True,True,True,True,2902,496,1044,620,240,280,1796,200,0,0,0,0,0,0,0,0,WPT Ready,0,0,False,0,0,0,0,0,0,75%,50%,False,0x00,False,63%,0us,0.000V,0.000V,True,False,Charge Active,v01.23.7357,False,False,0x00,0x00,0x00,0x00,0x00,0x00,0x00,200,13,0,0,0,False,1.0V,0.030,1467mV,1,False,False,v01.20.7357
26-05-30 12:10:38.719885,2902,496,1044,620,240,280,1796,200,True,True,True,True,True,True,True,True,2902,496,1044,620,240,280,1796,200,0,0,0,0,0,0,0,0,WPT Ready,0,0,False,0,0,0,0,0,0,75%,50%,False,0x00,False,63%,0us,0.000V,0.000V,True,False,Charge Active,v01.23.7357,False,False,0x00,0x00,0x00,0x00,0x00,0x00,0x00,200,13,0,0,0,False,1.0V,0.030,1467mV,1,False,False,v01.20.7357
26-05-30 12:10:38.850573,2902,496,1044,620,240,280,1796,200,True,True,True,True,True,True,True,True,2902,496,1044,620,240,280,1796,200,0,0,0,0,0,0,0,0,WPT Ready,0,0,False,0,0,0,0,0,0,75%,50%,False,0x00,False,63%,0us,0.000V,0.000V,True,False,Charge Active,v01.23.7357,False,False,0x00,0x00,0x00,0x00,0x00,0x00,0x00,200,13,0,0,0,False,1.0V,0.030,1467mV,1,False,False,v01.20.7357
26-05-30 12:10:39.048392,2902,496,1044,620,240,280,1796,200,True,True,True,True,True,True,True,True,2902,496,1044,620,240,280,1796,200,0,0,0,0,0,0,0,0,WPT Ready,0,0,False,0,0,0,0,0,0,75%,50%,False,0x00,False,63%,0us,0.000V,0.000V,True,False,Charge Active,v01.23.7357,False,False,0x00,0x00,0x00,0x00,0x00,0x00,0x00,200,13,0,0,0,False,1.0V,0.030,1467mV,1,False,False,v01.20.7357
26-05-30 12:10:39.275130,2902,496,1044,620,240,280,1796,200,True,True,True,True,True,True,True,True,2902,496,1044,620,240,280,1796,200,0,0,0,0,0,0,0,0,WPT Ready,0,0,False,0,0,0,0,0,0,75%,50%,False,0x00,False,63%,0us,0.000V,0.000V,True,False,Charge Active,v01.23.7357,False,False,0x00,0x00,0x00,0x00,0x00,0x00,0x00,200,13,0,0,0,False,1.0V,0.030,1467mV,1,False,False,v01.20.7357
26-05-30 12:10:39.444955,2902,496,1044,620,240,280,1796,200,True,True,True,True,True,True,True,True,2902,496,1044,620,240,280,1796,200,0,0,0,0,0,0,0,0,WPT Ready,0,0,False,0,0,0,0,0,0,75%,50%,False,0x00,False,63%,0us,0.000V,0.000V,True,False,Charge Active,v01.23.7357,False,False,0x00,0x00,0x00,0x00,0x00,0x00,0x00,200,13,0,0,0,False,1.0V,0.030,1467mV,1,False,False,v01.20.7357
26-05-30 12:10:39.672767,2902,496,1044,620,240,280,1796,200,True,True,True,True,True,True,True,True,2902,496,1044,620,240,280,1796,200,0,0,0,0,0,0,0,0,WPT Ready,0,0,False,0,0,0,0,0,0,75%,50%,False,0x00,False,63%,0us,0.000V,0.000V,True,False,Charge Active,v01.23.7357,False,False,0x00,0x00,0x00,0x00,0x00,0x00,0x00,200,13,0,0,0,False,1.0V,0.030,1467mV,1,False,False,v01.20.7357
26-05-30 12:10:39.911450,2902,496,1044,620,240,280,1796,200,True,True,True,True,True,True,True,True,2902,496,1044,620,240,280,1796,200,0,0,0,0,0,0,0,0,WPT Ready,0,0,False,0,0,0,0,0,0,75%,50%,False,0x00,False,63%,0us,0.000V,0.000V,True,False,Charge Active,v01.23.7357,False,False,0x00,0x00,0x00,0x00,0x00,0x00,0x00,200,13,0,0,0,False,1.0V,0.030,1467mV,1,False,False,v01.20.7357
26-05-30 12:10:40.048020,2902,496,1044,620,240,280,1796,200,True,True,True,True,True,True,True,True,2902,496,1044,620,240,280,1796,200,0,0,0,0,0,0,0,0,WPT Ready,0,0,False,0,0,0,0,0,0,75%,50%,False,0x00,False,63%,0us,0.000V,0.000V,True,False,Charge Active,v01.23.7357,False,False,0x00,0x00,0x00,0x00,0x00,0x00,0x00,200,13,0,0,0,False,1.0V,0.030,1467mV,1,False,False,v01.20.7357
26-05-30 12:10:40.266915,2902,496,1044,620,240,280,1796,200,True,True,True,True,True,True,True,True,2902,496,1044,620,240,280,1796,200,0,0,0,0,0,0,0,0,WPT Ready,0,0,False,0,0,0,0,0,0,75%,50%,False,0x00,False,63%,0us,0.000V,0.000V,True,False,Charge Active,v01.23.7357,False,False,0x00,0x00,0x00,0x00,0x00,0x00,0x00,200,13,0,0,0,False,1.0V,0.030,1467mV,1,False,False,v01.20.7357
26-05-30 12:10:40.507925,2902,496,1044,620,240,280,1796,200,True,True,True,True,True,True,True,True,2902,496,1044,620,240,280,1796,200,0,0,0,0,0,0,0,0,WPT Ready,0,0,False,0,0,0,0,0,0,75%,50%,False,0x00,False,63%,0us,0.000V,0.000V,True,False,Charge Active,v01.23.7357,False,False,0x00,0x00,0x00,0x00,0x00,0x00,0x00,200,13,0,0,0,False,1.0V,0.030,1467mV,1,False,False,v01.20.7357
26-05-30 12:10:40.659738,2902,496,1044,620,240,280,1796,200,True,True,True,True,True,True,True,True,2902,496,1044,620,240,280,1796,200,0,0,0,0,0,0,0,0,WPT Ready,0,0,False,0,0,0,0,0,0,75%,50%,False,0x00,False,63%,0us,0.000V,0.000V,True,False,Charge Active,v01.23.7357,False,False,0x00,0x00,0x00,0x00,0x00,0x00,0x00,200,13,0,0,0,False,1.0V,0.030,1467mV,1,False,False,v01.20.7357
26-05-30 12:10:40.917533,2902,496,1044,620,240,280,1796,200,True,True,True,True,True,True,True,True,2902,496,1044,620,240,280,1796,200,0,0,0,0,0,0,0,0,WPT Ready,0,0,False,0,0,0,0,0,0,75%,50%,False,0x00,False,63%,0us,0.000V,0.000V,True,False,Charge Active,v01.23.7357,False,False,0x00,0x00,0x00,0x00,0x00,0x00,0x00,200,13,0,0,0,False,1.0V,0.030,1467mV,1,False,False,v01.20.7357
26-05-30 12:10:41.040247,2902,496,1044,620,240,280,1796,200,True,True,True,True,True,True,True,True,2902,496,1044,620,240,280,1796,200,0,0,0,0,0,0,0,0,WPT Ready,0,0,False,0,0,0,0,0,0,75%,50%,False,0x00,False,63%,0us,0.000V,0.000V,True,False,Charge Active,v01.23.7357,False,False,0x00,0x00,0x00,0x00,0x00,0x00,0x00,200,13,0,0,0,False,1.0V,0.030,1467mV,1,False,False,v01.20.7357
26-05-30 12:10:41.273516,2902,496,1044,620,240,280,1796,200,True,True,True,True,True,True,True,True,2902,496,1044,620,240,280,1796,200,0,0,0,0,0,0,0,0,WPT Ready,0,0,False,0,0,0,0,0,0,75%,50%,False,0x00,False,63%,0us,0.000V,0.000V,True,False,Charge Active,v01.23.7357,False,False,0x00,0x00,0x00,0x00,0x00,0x00,0x00,200,13,0,0,0,False,1.0V,0.030,1467mV,1,False,False,v01.20.7357
26-05-30 12:10:41.454677,2902,496,1044,620,240,280,1796,200,True,True,True,True,True,True,True,True,2902,496,1044,620,240,280,1796,200,0,0,0,0,0,0,0,0,WPT Ready,0,0,False,0,0,0,0,0,0,75%,50%,False,0x00,False,63%,0us,0.000V,0.000V,True,False,Charge Active,v01.23.7357,False,False,0x00,0x00,0x00,0x00,0x00,0x00,0x00,200,13,0,0,0,False,1.0V,0.030,1467mV,1,False,False,v01.20.7357
26-05-30 12:10:41.672383,2902,496,1044,620,240,280,1796,200,True,True,True,True,True,True,True,True,2902,496,1044,620,240,280,1796,200,0,0,0,0,0,0,0,0,WPT Ready,0,0,False,0,0,0,0,0,0,75%,50%,False,0x00,False,63%,0us,0.000V,0.000V,True,False,Charge Active,v01.23.7357,False,False,0x00,0x00,0x00,0x00,0x00,0x00,0x00,200,13,0,0,0,False,1.0V,0.030,1467mV,1,False,False,v01.20.7357
26-05-30 12:10:41.867227,2902,496,1044,620,240,280,1796,200,True,True,True,True,True,True,True,True,2902,496,1044,620,240,280,1796,200,0,0,0,0,0,0,0,0,WPT Ready,0,0,False,0,0,0,0,0,0,75%,50%,False,0x00,False,63%,0us,0.000V,0.000V,True,False,Charge Active,v01.23.7357,False,False,0x00,0x00,0x00,0x00,0x00,0x00,0x00,200,13,0,0,0,False,1.0V,0.030,1467mV,1,False,False,v01.20.7357
26-05-30 12:10:42.084348,2902,496,1044,620,240,280,1796,200,True,True,True,True,True,True,True,True,2902,496,1044,620,240,280,1796,200,0,0,0,0,0,0,0,0,WPT Ready,0,0,False,0,0,0,0,0,0,75%,50%,False,0x00,False,63%,0us,0.000V,0.000V,True,False,Charge Active,v01.23.7357,False,False,0x00,0x00,0x00,0x00,0x00,0x00,0x00,200,13,0,0,0,False,1.0V,0.030,1467mV,1,False,False,v01.20.7357
26-05-30 12:10:42.301062,2902,496,1044,620,240,280,1796,200,True,True,True,True,True,True,True,True,2902,496,1044,620,240,280,1796,200,0,0,0,0,0,0,0,0,WPT Ready,0,0,False,0,0,0,0,0,0,75%,50%,False,0x00,False,63%,0us,0.000V,0.000V,True,False,Charge Active,v01.23.7357,False,False,0x00,0x00,0x00,0x00,0x00,0x00,0x00,200,13,0,0,0,False,1.0V,0.030,1467mV,1,False,False,v01.20.7357
26-05-30 12:10:42.518437,2902,496,1044,620,240,280,1796,200,True,True,True,True,True,True,True,True,2902,496,1044,620,240,280,1796,200,0,0,0,0,0,0,0,0,WPT Ready,0,0,False,0,0,0,0,0,0,75%,50%,False,0x00,False,63%,0us,0.000V,0.000V,True,False,Charge Active,v01.23.7357,False,False,0x00,0x00,0x00,0x00,0x00,0x00,0x00,200,13,0,0,0,False,1.0V,0.030,1467mV,1,False,False,v01.20.7357
26-05-30 12:10:42.702082,2902,496,1044,620,240,280,1796,200,True,True,True,True,True,True,True,True,2902,496,1044,620,240,280,1796,200,0,0,0,0,0,0,0,0,WPT Ready,0,0,False,0,0,0,0,0,0,75%,50%,False,0x00,False,63%,0us,0.000V,0.000V,True,False,Charge Active,v01.23.7357,False,False,0x00,0x00,0x00,0x00,0x00,0x00,0x00,200,13,0,0,0,False,1.0V,0.030,1467mV,1,False,False,v01.20.7357
26-05-30 12:10:42.903053,2902,496,1044,620,240,280,1796,200,True,True,True,True,True,True,True,True,2902,496,1044,620,240,280,1796,200,0,0,0,0,0,0,0,0,WPT Ready,0,0,False,0,0,0,0,0,0,75%,50%,False,0x00,False,63%,0us,0.000V,0.000V,True,False,Charge Active,v01.23.7357,False,False,0x00,0x00,0x00,0x00,0x00,0x00,0x00,200,13,0,0,0,False,1.0V,0.030,1467mV,1,False,False,v01.20.7357
26-05-30 12:10:43.040760,2902,496,1044,620,240,280,1796,200,True,True,True,True,True,True,True,True,2902,496,1044,620,240,280,1796,200,0,0,0,0,0,0,0,0,WPT Ready,0,0,False,0,0,0,0,0,0,75%,50%,False,0x00,False,63%,0us,0.000V,0.000V,True,False,Charge Active,v01.23.7357,False,False,0x00,0x00,0x00,0x00,0x00,0x00,0x00,200,13,0,0,0,False,1.0V,0.030,1467mV,1,False,False,v01.20.7357
26-05-30 12:10:43.244538,2902,496,1044,620,240,280,1796,200,True,True,True,True,True,True,True,True,2902,496,1044,620,240,280,1796,200,0,0,0,0,0,0,0,0,WPT Ready,0,0,False,0,0,0,0,0,0,75%,50%,False,0x00,False,63%,0us,0.000V,0.000V,True,False,Charge Active,v01.23.7357,False,False,0x00,0x00,0x00,0x00,0x00,0x00,0x00,200,13,0,0,0,False,1.0V,0.030,1467mV,1,False,False,v01.20.7357
26-05-30 12:10:43.466870,2902,496,1044,620,240,280,1796,200,True,True,True,True,True,True,True,True,2902,496,1044,620,240,280,1796,200,0,0,0,0,0,0,0,0,WPT Ready,0,0,False,0,0,0,0,0,0,75%,50%,False,0x00,False,63%,0us,0.000V,0.000V,True,False,Charge Active,v01.23.7357,False,False,0x00,0x00,0x00,0x00,0x00,0x00,0x00,200,13,0,0,0,False,1.0V,0.030,1467mV,1,False,False,v01.20.7357
26-05-30 12:10:43.648549,2902,496,1044,620,240,280,1796,200,True,True,True,True,True,True,True,True,2902,496,1044,620,240,280,1796,200,0,0,0,0,0,0,0,0,WPT Ready,0,0,False,0,0,0,0,0,0,75%,50%,False,0x00,False,63%,0us,0.000V,0.000V,True,False,Charge Active,v01.23.7357,False,False,0x00,0x00,0x00,0x00,0x00,0x00,0x00,200,13,0,0,0,False,1.0V,0.030,1467mV,1,False,False,v01.20.7357
26-05-30 12:10:43.855300,2902,496,1044,620,240,280,1796,200,True,True,True,True,True,True,True,True,2902,496,1044,620,240,280,1796,200,0,0,0,0,0,0,0,0,WPT Ready,0,0,False,0,0,0,0,0,0,75%,50%,False,0x00,False,63%,0us,0.000V,0.000V,True,False,Charge Active,v01.23.7357,False,False,0x00,0x00,0x00,0x00,0x00,0x00,0x00,200,13,0,0,0,False,1.0V,0.030,1467mV,1,False,False,v01.20.7357
26-05-30 12:10:44.056611,2902,496,1044,620,240,280,1796,200,True,True,True,True,True,True,True,True,2902,496,1044,620,240,280,1796,200,0,0,0,0,0,0,0,0,WPT Ready,0,0,False,0,0,0,0,0,0,75%,50%,False,0x00,False,63%,0us,0.000V,0.000V,True,False,Charge Active,v01.23.7357,False,False,0x00,0x00,0x00,0x00,0x00,0x00,0x00,200,13,0,0,0,False,1.0V,0.030,1467mV,1,False,False,v01.20.7357
26-05-30 12:10:44.283376,2902,496,1044,620,240,280,1796,200,True,True,True,True,True,True,True,True,2902,496,1044,620,240,280,1796,200,0,0,0,0,0,0,0,0,WPT Ready,0,0,False,0,0,0,0,0,0,75%,50%,False,0x00,False,63%,0us,0.000V,0.000V,True,False,Charge Active,v01.23.7357,False,False,0x00,0x00,0x00,0x00,0x00,0x00,0x00,200,13,0,0,0,False,1.0V,0.030,1467mV,1,False,False,v01.20.7357
26-05-30 12:10:44.486195,2902,496,1044,620,240,280,1796,200,True,True,True,True,True,True,True,True,2902,496,1044,620,240,280,1796,200,0,0,0,0,0,0,0,0,WPT Ready,0,0,False,0,0,0,0,0,0,75%,50%,False,0x00,False,63%,0us,0.000V,0.000V,True,False,Charge Active,v01.23.7357,False,False,0x00,0x00,0x00,0x00,0x00,0x00,0x00,200,13,0,0,0,False,1.0V,0.030,1467mV,1,False,False,v01.20.7357
26-05-30 12:10:44.690842,2902,496,1044,620,240,280,1796,200,True,True,True,True,True,True,True,True,2902,496,1044,620,240,280,1796,200,0,0,0,0,0,0,0,0,WPT Ready,0,0,False,0,0,0,0,0,0,75%,50%,False,0x00,False,63%,0us,0.000V,0.000V,True,False,Charge Active,v01.23.7357,False,False,0x00,0x00,0x00,0x00,0x00,0x00,0x00,200,13,0,0,0,False,1.0V,0.030,1467mV,1,False,False,v01.20.7357
26-05-30 12:10:44.839691,2902,496,1044,620,240,280,1796,200,True,True,True,True,True,True,True,True,2902,496,1044,620,240,280,1796,200,0,0,0,0,0,0,0,0,WPT Ready,0,0,False,0,0,0,0,0,0,75%,50%,False,0x00,False,63%,0us,0.000V,0.000V,True,False,Charge Active,v01.23.7357,False,False,0x00,0x00,0x00,0x00,0x00,0x00,0x00,200,13,0,0,0,False,1.0V,0.030,1467mV,1,False,False,v01.20.7357
26-05-30 12:10:45.060587,2902,496,1044,620,240,280,1796,200,True,True,True,True,True,True,True,True,2902,496,1044,620,240,280,1796,200,0,0,0,0,0,0,0,0,WPT Ready,0,0,False,0,0,0,0,0,0,75%,50%,False,0x00,False,63%,0us,0.000V,0.000V,True,False,Charge Active,v01.23.7357,False,False,0x00,0x00,0x00,0x00,0x00,0x00,0x00,200,13,0,0,0,False,1.0V,0.030,1467mV,1,False,False,v01.20.7357
26-05-30 12:10:45.255111,2902,496,1044,620,240,280,1796,200,True,True,True,True,True,True,True,True,2902,496,1044,620,240,280,1796,200,0,0,0,0,0,0,0,0,WPT Ready,0,0,False,0,0,0,0,0,0,75%,50%,False,0x00,False,63%,0us,0.000V,0.000V,True,False,Charge Active,v01.23.7357,False,False,0x00,0x00,0x00,0x00,0x00,0x00,0x00,200,13,0,0,0,False,1.0V,0.030,1467mV,1,False,False,v01.20.7357
26-05-30 12:10:45.440273,2902,496,1044,620,240,280,1796,200,True,True,True,True,True,True,True,True,2902,496,1044,620,240,280,1796,200,0,0,0,0,0,0,0,0,WPT Ready,0,0,False,0,0,0,0,0,0,75%,50%,False,0x00,False,63%,0us,0.000V,0.000V,True,False,Charge Active,v01.23.7357,False,False,0x00,0x00,0x00,0x00,0x00,0x00,0x00,200,13,0,0,0,False,1.0V,0.030,1467mV,1,False,False,v01.20.7357
26-05-30 12:10:45.651693,2902,496,1044,620,240,280,1796,200,True,True,True,True,True,True,True,True,2902,496,1044,620,240,280,1796,200,0,0,0,0,0,0,0,0,WPT Ready,0,0,False,0,0,0,0,0,0,75%,50%,False,0x00,False,63%,0us,0.000V,0.000V,True,False,Charge Active,v01.23.7357,False,False,0x00,0x00,0x00,0x00,0x00,0x00,0x00,200,13,0,0,0,False,1.0V,0.030,1467mV,1,False,False,v01.20.7357
26-05-30 12:10:45.841683,2902,496,1044,620,240,280,1796,200,True,True,True,True,True,True,True,True,2902,496,1044,620,240,280,1796,200,0,0,0,0,0,0,0,0,WPT Ready,0,0,False,0,0,0,0,0,0,75%,50%,False,0x00,False,63%,0us,0.000V,0.000V,True,False,Charge Active,v01.23.7357,False,False,0x00,0x00,0x00,0x00,0x00,0x00,0x00,200,13,0,0,0,False,1.0V,0.030,1467mV,1,False,False,v01.20.7357
26-05-30 12:10:46.049616,2902,496,1044,620,240,280,1796,200,True,True,True,True,True,True,True,True,2902,496,1044,620,240,280,1796,200,0,0,0,0,0,0,0,0,WPT Ready,0,0,False,0,0,0,0,0,0,75%,50%,False,0x00,False,63%,0us,0.000V,0.000V,True,False,Charge Active,v01.23.7357,False,False,0x00,0x00,0x00,0x00,0x00,0x00,0x00,200,13,0,0,0,False,1.0V,0.030,1467mV,1,False,False,v01.20.7357
26-05-30 12:10:46.249883,2902,496,1044,620,240,280,1796,200,True,True,True,True,True,True,True,True,2902,496,1044,620,240,280,1796,200,0,0,0,0,0,0,0,0,WPT Ready,0,0,False,0,0,0,0,0,0,75%,50%,False,0x00,False,63%,0us,0.000V,0.000V,True,False,Charge Active,v01.23.7357,False,False,0x00,0x00,0x00,0x00,0x00,0x00,0x00,200,13,0,0,0,False,1.0V,0.030,1467mV,1,False,False,v01.20.7357
26-05-30 12:10:46.457273,2902,496,1044,620,240,280,1796,200,True,True,True,True,True,True,True,True,2902,496,1044,620,240,280,1796,200,0,0,0,0,0,0,0,0,WPT Ready,0,0,False,0,0,0,0,0,0,75%,50%,False,0x00,False,63%,0us,0.000V,0.000V,True,False,Charge Active,v01.23.7357,False,False,0x00,0x00,0x00,0x00,0x00,0x00,0x00,200,13,0,0,0,False,1.0V,0.030,1467mV,1,False,False,v01.20.7357
26-05-30 12:10:46.669364,2902,496,1044,620,240,280,1796,200,True,True,True,True,True,True,True,True,2902,496,1044,620,240,280,1796,200,0,0,0,0,0,0,0,0,WPT Ready,0,0,False,0,0,0,0,0,0,75%,50%,False,0x00,False,63%,0us,0.000V,0.000V,True,False,Charge Active,v01.23.7357,False,False,0x00,0x00,0x00,0x00,0x00,0x00,0x00,200,13,0,0,0,False,1.0V,0.030,1467mV,1,False,False,v01.20.7357
26-05-30 12:10:46.894062,2902,496,1044,620,240,280,1796,200,True,True,True,True,True,True,True,True,2902,496,1044,620,240,280,1796,200,0,0,0,0,0,0,0,0,WPT Ready,0,0,False,0,0,0,0,0,0,75%,50%,False,0x00,False,63%,0us,0.000V,0.000V,True,False,Charge Active,v01.23.7357,False,False,0x00,0x00,0x00,0x00,0x00,0x00,0x00,200,13,0,0,0,False,1.0V,0.030,1467mV,1,False,False,v01.20.7357
26-05-30 12:10:47.040247,2902,496,1044,620,240,280,1796,200,True,True,True,True,True,True,True,True,2902,496,1044,620,240,280,1796,200,0,0,0,0,0,0,0,0,WPT Ready,0,0,False,0,0,0,0,0,0,75%,50%,False,0x00,False,63%,0us,0.000V,0.000V,True,False,Charge Active,v01.23.7357,False,False,0x00,0x00,0x00,0x00,0x00,0x00,0x00,200,13,0,0,0,False,1.0V,0.030,1467mV,1,False,False,v01.20.7357
26-05-30 12:10:47.256980,2902,496,1044,620,240,280,1796,200,True,True,True,True,True,True,True,True,2902,496,1044,620,240,280,1796,200,0,0,0,0,0,0,0,0,WPT Ready,0,0,False,0,0,0,0,0,0,75%,50%,False,0x00,False,63%,0us,0.000V,0.000V,True,False,Charge Active,v01.23.7357,False,False,0x00,0x00,0x00,0x00,0x00,0x00,0x00,200,13,0,0,0,False,1.0V,0.030,1467mV,1,False,False,v01.20.7357
26-05-30 12:10:47.467970,2902,496,1044,620,240,280,1796,200,True,True,True,True,True,True,True,True,2902,496,1044,620,240,280,1796,200,0,0,0,0,0,0,0,0,WPT Ready,0,0,False,0,0,0,0,0,0,75%,50%,False,0x00,False,63%,0us,0.000V,0.000V,True,False,Charge Active,v01.23.7357,False,False,0x00,0x00,0x00,0x00,0x00,0x00,0x00,200,13,0,0,0,False,1.0V,0.030,1467mV,1,False,False,v01.20.7357
26-05-30 12:10:47.654270,2902,496,1044,620,240,280,1796,200,True,True,True,True,True,True,True,True,2902,496,1044,620,240,280,1796,200,0,0,0,0,0,0,0,0,WPT Ready,0,0,False,0,0,0,0,0,0,75%,50%,False,0x00,False,63%,0us,0.000V,0.000V,True,False,Charge Active,v01.23.7357,False,False,0x00,0x00,0x00,0x00,0x00,0x00,0x00,200,13,0,0,0,False,1.0V,0.030,1467mV,1,False,False,v01.20.7357
26-05-30 12:10:47.868445,2902,496,1044,620,240,280,1796,200,True,True,True,True,True,True,True,True,2902,496,1044,620,240,280,1796,200,0,0,0,0,0,0,0,0,WPT Ready,0,0,False,0,0,0,0,0,0,75%,50%,False,0x00,False,63%,0us,0.000V,0.000V,True,False,Charge Active,v01.23.7357,False,False,0x00,0x00,0x00,0x00,0x00,0x00,0x00,200,13,0,0,0,False,1.0V,0.030,1467mV,1,False,False,v01.20.7357
26-05-30 12:10:48.050486,2902,496,1044,620,240,280,1796,200,True,True,True,True,True,True,True,True,2902,496,1044,620,240,280,1796,200,0,0,0,0,0,0,0,0,WPT Ready,0,0,False,0,0,0,0,0,0,75%,50%,False,0x00,False,63%,0us,0.000V,0.000V,True,False,Charge Active,v01.23.7357,False,False,0x00,0x00,0x00,0x00,0x00,0x00,0x00,200,13,0,0,0,False,1.0V,0.030,1467mV,1,False,False,v01.20.7357
26-05-30 12:10:48.251919,2902,496,1044,620,240,280,1796,200,True,True,True,True,True,True,True,True,2902,496,1044,620,240,280,1796,200,0,0,0,0,0,0,0,0,WPT Ready,0,0,False,0,0,0,0,0,0,75%,50%,False,0x00,False,63%,0us,0.000V,0.000V,True,False,Charge Active,v01.23.7357,False,False,0x00,0x00,0x00,0x00,0x00,0x00,0x00,200,13,0,0,0,False,1.0V,0.030,1467mV,1,False,False,v01.20.7357
26-05-30 12:10:48.453937,2902,496,1044,620,240,280,1796,200,True,True,True,True,True,True,True,True,2902,496,1044,620,240,280,1796,200,0,0,0,0,0,0,0,0,WPT Ready,0,0,False,0,0,0,0,0,0,75%,50%,False,0x00,False,63%,0us,0.000V,0.000V,True,False,Charge Active,v01.23.7357,False,False,0x00,0x00,0x00,0x00,0x00,0x00,0x00,200,13,0,0,0,False,1.0V,0.030,1467mV,1,False,False,v01.20.7357
26-05-30 12:10:48.651371,2902,496,1044,620,240,280,1796,200,True,True,True,True,True,True,True,True,2902,496,1044,620,240,280,1796,200,0,0,0,0,0,0,0,0,WPT Ready,0,0,False,0,0,0,0,0,0,75%,50%,False,0x00,False,63%,0us,0.000V,0.000V,True,False,Charge Active,v01.23.7357,False,False,0x00,0x00,0x00,0x00,0x00,0x00,0x00,200,13,0,0,0,False,1.0V,0.030,1467mV,1,False,False,v01.20.7357
26-05-30 12:10:48.836061,2902,496,1044,620,240,280,1796,200,True,True,True,True,True,True,True,True,2902,496,1044,620,240,280,1796,200,0,0,0,0,0,0,0,0,WPT Ready,0,0,False,0,0,0,0,0,0,75%,50%,False,0x00,False,63%,0us,0.000V,0.000V,True,False,Charge Active,v01.23.7357,False,False,0x00,0x00,0x00,0x00,0x00,0x00,0x00,200,13,0,0,0,False,1.0V,0.030,1467mV,1,False,False,v01.20.7357
26-05-30 12:10:49.097625,2902,496,1044,620,240,280,1796,200,True,True,True,True,True,True,True,True,2902,496,1044,620,240,280,1796,200,0,0,0,0,0,0,0,0,WPT Ready,0,0,False,0,0,0,0,0,0,75%,50%,False,0x00,False,63%,0us,0.000V,0.000V,True,False,Charge Active,v01.23.7357,False,False,0x00,0x00,0x00,0x00,0x00,0x00,0x00,200,13,0,0,0,False,1.0V,0.030,1467mV,1,False,False,v01.20.7357
26-05-30 12:10:49.380835,2902,496,1044,620,240,280,1796,200,True,True,True,True,True,True,True,True,2902,496,1044,620,240,280,1796,200,0,0,0,0,0,0,0,0,WPT Ready,0,0,False,0,0,0,0,0,0,75%,50%,False,0x00,False,63%,0us,0.000V,0.000V,True,False,Charge Active,v01.23.7357,False,False,0x00,0x00,0x00,0x00,0x00,0x00,0x00,200,13,0,0,0,False,1.0V,0.030,1467mV,1,False,False,v01.20.7357
26-05-30 12:10:49.488739,2902,496,1044,620,240,280,1796,200,True,True,True,True,True,True,True,True,2902,496,1044,620,240,280,1796,200,0,0,0,0,0,0,0,0,WPT Ready,0,0,False,0,0,0,0,0,0,75%,50%,False,0x00,False,63%,0us,0.000V,0.000V,True,False,Charge Active,v01.23.7357,False,False,0x00,0x00,0x00,0x00,0x00,0x00,0x00,200,13,0,0,0,False,1.0V,0.030,1467mV,1,False,False,v01.20.7357
26-05-30 12:10:49.655029,2902,496,1044,620,240,280,1796,200,True,True,True,True,True,True,True,True,2902,496,1044,620,240,280,1796,200,0,0,0,0,0,0,0,0,WPT Ready,0,0,False,0,0,0,0,0,0,75%,50%,False,0x00,False,63%,0us,0.000V,0.000V,True,False,Charge Active,v01.23.7357,False,False,0x00,0x00,0x00,0x00,0x00,0x00,0x00,200,13,0,0,0,False,1.0V,0.030,1467mV,1,False,False,v01.20.7357
26-05-30 12:10:49.860325,2902,496,1044,620,240,280,1796,200,True,True,True,True,True,True,True,True,2902,496,1044,620,240,280,1796,200,0,0,0,0,0,0,0,0,WPT Ready,0,0,False,0,0,0,0,0,0,75%,50%,False,0x00,False,63%,0us,0.000V,0.000V,True,False,Charge Active,v01.23.7357,False,False,0x00,0x00,0x00,0x00,0x00,0x00,0x00,200,13,0,0,0,False,1.0V,0.030,1467mV,1,False,False,v01.20.7357
26-05-30 12:10:50.065830,2902,496,1044,620,240,280,1796,200,True,True,True,True,True,True,True,True,2902,496,1044,620,240,280,1796,200,0,0,0,0,0,0,0,0,WPT Ready,0,0,False,0,0,0,0,0,0,75%,50%,False,0x00,False,63%,0us,0.000V,0.000V,True,False,Charge Active,v01.23.7357,False,False,0x00,0x00,0x00,0x00,0x00,0x00,0x00,200,13,0,0,0,False,1.0V,0.030,1467mV,1,False,False,v01.20.7357
26-05-30 12:10:50.237673,2902,496,1044,620,240,280,1796,200,True,True,True,True,True,True,True,True,2902,496,1044,620,240,280,1796,200,0,0,0,0,0,0,0,0,WPT Ready,0,0,False,0,0,0,0,0,0,75%,50%,False,0x00,False,63%,0us,0.000V,0.000V,True,False,Charge Active,v01.23.7357,False,False,0x00,0x00,0x00,0x00,0x00,0x00,0x00,200,13,0,0,0,False,1.0V,0.030,1467mV,1,False,False,v01.20.7357
26-05-30 12:10:50.495893,2902,496,1044,620,240,280,1796,200,True,True,True,True,True,True,True,True,2902,496,1044,620,240,280,1796,200,0,0,0,0,0,0,0,0,WPT Ready,0,0,False,0,0,0,0,0,0,75%,50%,False,0x00,False,63%,0us,0.000V,0.000V,True,False,Charge Active,v01.23.7357,False,False,0x00,0x00,0x00,0x00,0x00,0x00,0x00,200,13,0,0,0,False,1.0V,0.030,1467mV,1,False,False,v01.20.7357
26-05-30 12:10:50.705229,2902,496,1044,620,240,280,1796,200,True,True,True,True,True,True,True,True,2902,496,1044,620,240,280,1796,200,0,0,0,0,0,0,0,0,WPT Ready,0,0,False,0,0,0,0,0,0,75%,50%,False,0x00,False,63%,0us,0.000V,0.000V,True,False,Charge Active,v01.23.7357,False,False,0x00,0x00,0x00,0x00,0x00,0x00,0x00,200,13,0,0,0,False,1.0V,0.030,1467mV,1,False,False,v01.20.7357
26-05-30 12:10:50.851650,2902,496,1044,620,240,280,1796,200,True,True,True,True,True,True,True,True,2902,496,1044,620,240,280,1796,200,0,0,0,0,0,0,0,0,WPT Ready,0,0,False,0,0,0,0,0,0,75%,50%,False,0x00,False,63%,0us,0.000V,0.000V,True,False,Charge Active,v01.23.7357,False,False,0x00,0x00,0x00,0x00,0x00,0x00,0x00,200,13,0,0,0,False,1.0V,0.030,1467mV,1,False,False,v01.20.7357
26-05-30 12:10:51.056009,2902,496,1044,620,240,280,1796,200,True,True,True,True,True,True,True,True,2902,496,1044,620,240,280,1796,200,0,0,0,0,0,0,0,0,WPT Ready,0,0,False,0,0,0,0,0,0,75%,50%,False,0x00,False,63%,0us,0.000V,0.000V,True,False,Charge Active,v01.23.7357,False,False,0x00,0x00,0x00,0x00,0x00,0x00,0x00,200,13,0,0,0,False,1.0V,0.030,1467mV,1,False,False,v01.20.7357
26-05-30 12:10:51.239726,2902,496,1044,620,240,280,1796,200,True,True,True,True,True,True,True,True,2902,496,1044,620,240,280,1796,200,0,0,0,0,0,0,0,0,WPT Ready,0,0,False,0,0,0,0,0,0,75%,50%,False,0x00,False,63%,0us,0.000V,0.000V,True,False,Charge Active,v01.23.7357,False,False,0x00,0x00,0x00,0x00,0x00,0x00,0x00,200,13,0,0,0,False,1.0V,0.030,1467mV,1,False,False,v01.20.7357
26-05-30 12:10:51.441671,2902,496,1044,620,240,280,1796,200,True,True,True,True,True,True,True,True,2902,496,1044,620,240,280,1796,200,0,0,0,0,0,0,0,0,WPT Ready,0,0,False,0,0,0,0,0,0,75%,50%,False,0x00,False,63%,0us,0.000V,0.000V,True,False,Charge Active,v01.23.7357,False,False,0x00,0x00,0x00,0x00,0x00,0x00,0x00,200,13,0,0,0,False,1.0V,0.030,1467mV,1,False,False,v01.20.7357
26-05-30 12:10:51.652802,2902,496,1044,620,240,280,1796,200,True,True,True,True,True,True,True,True,2902,496,1044,620,240,280,1796,200,0,0,0,0,0,0,0,0,WPT Ready,0,0,False,0,0,0,0,0,0,75%,50%,False,0x00,False,63%,0us,0.000V,0.000V,True,False,Charge Active,v01.23.7357,False,False,0x00,0x00,0x00,0x00,0x00,0x00,0x00,200,13,0,0,0,False,1.0V,0.030,1467mV,1,False,False,v01.20.7357
26-05-30 12:10:51.872129,2902,496,1044,620,240,280,1796,200,True,True,True,True,True,True,True,True,2902,496,1044,620,240,280,1796,200,0,0,0,0,0,0,0,0,WPT Ready,0,0,False,0,0,0,0,0,0,75%,50%,False,0x00,False,63%,0us,0.000V,0.000V,True,False,Charge Active,v01.23.7357,False,False,0x00,0x00,0x00,0x00,0x00,0x00,0x00,200,13,0,0,0,False,1.0V,0.030,1467mV,1,False,False,v01.20.7357
26-05-30 12:10:52.086330,2902,496,1044,620,240,280,1796,200,True,True,True,True,True,True,True,True,2902,496,1044,620,240,280,1796,200,0,0,0,0,0,0,0,0,WPT Ready,0,0,False,0,0,0,0,0,0,75%,50%,False,0x00,False,63%,0us,0.000V,0.000V,True,False,Charge Active,v01.23.7357,False,False,0x00,0x00,0x00,0x00,0x00,0x00,0x00,200,13,0,0,0,False,1.0V,0.030,1467mV,1,False,False,v01.20.7357
26-05-30 12:10:52.282162,2902,496,1044,620,240,280,1796,200,True,True,True,True,True,True,True,True,2902,496,1044,620,240,280,1796,200,0,0,0,0,0,0,0,0,WPT Ready,0,0,False,0,0,0,0,0,0,75%,50%,False,0x00,False,63%,0us,0.000V,0.000V,True,False,Charge Active,v01.23.7357,False,False,0x00,0x00,0x00,0x00,0x00,0x00,0x00,200,13,0,0,0,False,1.0V,0.030,1467mV,1,False,False,v01.20.7357
26-05-30 12:10:52.455947,2902,496,1044,620,240,280,1796,200,True,True,True,True,True,True,True,True,2902,496,1044,620,240,280,1796,200,0,0,0,0,0,0,0,0,WPT Ready,0,0,False,0,0,0,0,0,0,75%,50%,False,0x00,False,63%,0us,0.000V,0.000V,True,False,Charge Active,v01.23.7357,False,False,0x00,0x00,0x00,0x00,0x00,0x00,0x00,200,13,0,0,0,False,1.0V,0.030,1467mV,1,False,False,v01.20.7357
26-05-30 12:10:52.649150,2902,496,1044,620,240,280,1796,200,True,True,True,True,True,True,True,True,2902,496,1044,620,240,280,1796,200,0,0,0,0,0,0,0,0,WPT Ready,0,0,False,0,0,0,0,0,0,75%,50%,False,0x00,False,63%,0us,0.000V,0.000V,True,False,Charge Active,v01.23.7357,False,False,0x00,0x00,0x00,0x00,0x00,0x00,0x00,200,13,0,0,0,False,1.0V,0.030,1467mV,1,False,False,v01.20.7357
26-05-30 12:10:52.851416,2902,496,1044,620,240,280,1796,200,True,True,True,True,True,True,True,True,2902,496,1044,620,240,280,1796,200,0,0,0,0,0,0,0,0,WPT Ready,0,0,False,0,0,0,0,0,0,75%,50%,False,0x00,False,63%,0us,0.000V,0.000V,True,False,Charge Active,v01.23.7357,False,False,0x00,0x00,0x00,0x00,0x00,0x00,0x00,200,13,0,0,0,False,1.0V,0.030,1467mV,1,False,False,v01.20.7357
26-05-30 12:10:53.047628,2902,496,1044,620,240,280,1796,200,True,True,True,True,True,True,True,True,2902,496,1044,620,240,280,1796,200,0,0,0,0,0,0,0,0,WPT Ready,0,0,False,0,0,0,0,0,0,75%,50%,False,0x00,False,63%,0us,0.000V,0.000V,True,False,Charge Active,v01.23.7357,False,False,0x00,0x00,0x00,0x00,0x00,0x00,0x00,200,13,0,0,0,False,1.0V,0.030,1467mV,1,False,False,v01.20.7357
26-05-30 12:10:53.278079,2902,496,1044,620,240,280,1796,200,True,True,True,True,True,True,True,True,2902,496,1044,620,240,280,1796,200,0,0,0,0,0,0,0,0,WPT Ready,0,0,False,0,0,0,0,0,0,75%,50%,False,0x00,False,63%,0us,0.000V,0.000V,True,False,Charge Active,v01.23.7357,False,False,0x00,0x00,0x00,0x00,0x00,0x00,0x00,200,13,0,0,0,False,1.0V,0.030,1467mV,1,False,False,v01.20.7357
26-05-30 12:10:53.486272,2902,496,1044,620,240,280,1796,200,True,True,True,True,True,True,True,True,2902,496,1044,620,240,280,1796,200,0,0,0,0,0,0,0,0,WPT Ready,0,0,False,0,0,0,0,0,0,75%,50%,False,0x00,False,63%,0us,0.000V,0.000V,True,False,Charge Active,v01.23.7357,False,False,0x00,0x00,0x00,0x00,0x00,0x00,0x00,200,13,0,0,0,False,1.0V,0.030,1467mV,1,False,False,v01.20.7357
26-05-30 12:10:53.655063,2902,496,1044,620,240,280,1796,200,True,True,True,True,True,True,True,True,2902,496,1044,620,240,280,1796,200,0,0,0,0,0,0,0,0,WPT Ready,0,0,False,0,0,0,0,0,0,75%,50%,False,0x00,False,63%,0us,0.000V,0.000V,True,False,Charge Active,v01.23.7357,False,False,0x00,0x00,0x00,0x00,0x00,0x00,0x00,200,13,0,0,0,False,1.0V,0.030,1467mV,1,False,False,v01.20.7357
26-05-30 12:10:53.866348,2902,496,1044,620,240,280,1796,200,True,True,True,True,True,True,True,True,2902,496,1044,620,240,280,1796,200,0,0,0,0,0,0,0,0,WPT Ready,0,0,False,0,0,0,0,0,0,75%,50%,False,0x00,False,63%,0us,0.000V,0.000V,True,False,Charge Active,v01.23.7357,False,False,0x00,0x00,0x00,0x00,0x00,0x00,0x00,200,13,0,0,0,False,1.0V,0.030,1467mV,1,False,False,v01.20.7357
26-05-30 12:10:54.079890,2902,496,1044,620,240,280,1796,200,True,True,True,True,True,True,True,True,2902,496,1044,620,240,280,1796,200,0,0,0,0,0,0,0,0,WPT Ready,0,0,False,0,0,0,0,0,0,75%,50%,False,0x00,False,63%,0us,0.000V,0.000V,True,False,Charge Active,v01.23.7357,False,False,0x00,0x00,0x00,0x00,0x00,0x00,0x00,200,13,0,0,0,False,1.0V,0.030,1467mV,1,False,False,v01.20.7357
26-05-30 12:10:54.295525,2902,496,1044,620,240,280,1796,200,True,True,True,True,True,True,True,True,2902,496,1044,620,240,280,1796,200,0,0,0,0,0,0,0,0,WPT Ready,0,0,False,0,0,0,0,0,0,75%,50%,False,0x00,False,63%,0us,0.000V,0.000V,True,False,Charge Active,v01.23.7357,False,False,0x00,0x00,0x00,0x00,0x00,0x00,0x00,200,13,0,0,0,False,1.0V,0.030,1467mV,1,False,False,v01.20.7357
26-05-30 12:10:54.509596,2902,496,1044,620,240,280,1796,200,True,True,True,True,True,True,True,True,2902,496,1044,620,240,280,1796,200,0,0,0,0,0,0,0,0,WPT Ready,0,0,False,0,0,0,0,0,0,75%,50%,False,0x00,False,63%,0us,0.000V,0.000V,True,False,Charge Active,v01.23.7357,False,False,0x00,0x00,0x00,0x00,0x00,0x00,0x00,200,13,0,0,0,False,1.0V,0.030,1467mV,1,False,False,v01.20.7357
26-05-30 12:10:54.666584,2902,496,1044,620,240,280,1796,200,True,True,True,True,True,True,True,True,2902,496,1044,620,240,280,1796,200,0,0,0,0,0,0,0,0,WPT Ready,0,0,False,0,0,0,0,0,0,75%,50%,False,0x00,False,63%,0us,0.000V,0.000V,True,False,Charge Active,v01.23.7357,False,False,0x00,0x00,0x00,0x00,0x00,0x00,0x00,200,13,0,0,0,False,1.0V,0.030,1467mV,1,False,False,v01.20.7357
26-05-30 12:10:54.854472,2902,496,1044,620,240,280,1796,200,True,True,True,True,True,True,True,True,2902,496,1044,620,240,280,1796,200,0,0,0,0,0,0,0,0,WPT Ready,0,0,False,0,0,0,0,0,0,75%,50%,False,0x00,False,63%,0us,0.000V,0.000V,True,False,Charge Active,v01.23.7357,False,False,0x00,0x00,0x00,0x00,0x00,0x00,0x00,200,13,0,0,0,False,1.0V,0.030,1467mV,1,False,False,v01.20.7357
26-05-30 12:10:55.063250,2902,496,1044,620,240,280,1796,200,True,True,True,True,True,True,True,True,2902,496,1044,620,240,280,1796,200,0,0,0,0,0,0,0,0,WPT Ready,0,0,False,0,0,0,0,0,0,75%,50%,False,0x00,False,63%,0us,0.000V,0.000V,True,False,Charge Active,v01.23.7357,False,False,0x00,0x00,0x00,0x00,0x00,0x00,0x00,200,13,0,0,0,False,1.0V,0.030,1467mV,1,False,False,v01.20.7357
26-05-30 12:10:55.255102,2902,496,1044,620,240,280,1796,200,True,True,True,True,True,True,True,True,2902,496,1044,620,240,280,1796,200,0,0,0,0,0,0,0,0,WPT Ready,0,0,False,0,0,0,0,0,0,75%,50%,False,0x00,False,63%,0us,0.000V,0.000V,True,False,Charge Active,v01.23.7357,False,False,0x00,0x00,0x00,0x00,0x00,0x00,0x00,200,13,0,0,0,False,1.0V,0.030,1467mV,1,False,False,v01.20.7357
26-05-30 12:10:55.472236,2902,496,1044,620,240,280,1796,200,True,True,True,True,True,True,True,True,2902,496,1044,620,240,280,1796,200,0,0,0,0,0,0,0,0,WPT Ready,0,0,False,0,0,0,0,0,0,75%,50%,False,0x00,False,63%,0us,0.000V,0.000V,True,False,Charge Active,v01.23.7357,False,False,0x00,0x00,0x00,0x00,0x00,0x00,0x00,200,13,0,0,0,False,1.0V,0.030,1467mV,1,False,False,v01.20.7357
26-05-30 12:10:55.676417,2902,496,1044,620,240,280,1796,200,True,True,True,True,True,True,True,True,2902,496,1044,620,240,280,1796,200,0,0,0,0,0,0,0,0,WPT Ready,0,0,False,0,0,0,0,0,0,75%,50%,False,0x00,False,63%,0us,0.000V,0.000V,True,False,Charge Active,v01.23.7357,False,False,0x00,0x00,0x00,0x00,0x00,0x00,0x00,200,13,0,0,0,False,1.0V,0.030,1467mV,1,False,False,v01.20.7357
26-05-30 12:10:55.932843,2902,496,1044,620,240,280,1796,200,True,True,True,True,True,True,True,True,2902,496,1044,620,240,280,1796,200,0,0,0,0,0,0,0,0,WPT Ready,0,0,False,0,0,0,0,0,0,75%,50%,False,0x00,False,63%,0us,0.000V,0.000V,True,False,Charge Active,v01.23.7357,False,False,0x00,0x00,0x00,0x00,0x00,0x00,0x00,200,13,0,0,0,False,1.0V,0.030,1467mV,1,False,False,v01.20.7357
26-05-30 12:10:56.049056,2902,496,1044,620,240,280,1796,200,True,True,True,True,True,True,True,True,2902,496,1044,620,240,280,1796,200,0,0,0,0,0,0,0,0,WPT Ready,0,0,False,0,0,0,0,0,0,75%,50%,False,0x00,False,63%,0us,0.000V,0.000V,True,False,Charge Active,v01.23.7357,False,False,0x00,0x00,0x00,0x00,0x00,0x00,0x00,200,13,0,0,0,False,1.0V,0.030,1467mV,1,False,False,v01.20.7357
26-05-30 12:10:56.304931,2902,496,1044,620,240,280,1796,200,True,True,True,True,True,True,True,True,2902,496,1044,620,240,280,1796,200,0,0,0,0,0,0,0,0,WPT Ready,0,0,False,0,0,0,0,0,0,75%,50%,False,0x00,False,63%,0us,0.000V,0.000V,True,False,Charge Active,v01.23.7357,False,False,0x00,0x00,0x00,0x00,0x00,0x00,0x00,200,13,0,0,0,False,1.0V,0.030,1467mV,1,False,False,v01.20.7357
26-05-30 12:10:56.501602,2902,496,1044,620,240,280,1796,200,True,True,True,True,True,True,True,True,2902,496,1044,620,240,280,1796,200,0,0,0,0,0,0,0,0,WPT Ready,0,0,False,0,0,0,0,0,0,75%,50%,False,0x00,False,63%,0us,0.000V,0.000V,True,False,Charge Active,v01.23.7357,False,False,0x00,0x00,0x00,0x00,0x00,0x00,0x00,200,13,0,0,0,False,1.0V,0.030,1467mV,1,False,False,v01.20.7357
26-05-30 12:10:56.685775,2902,496,1044,620,240,280,1796,200,True,True,True,True,True,True,True,True,2902,496,1044,620,240,280,1796,200,0,0,0,0,0,0,0,0,WPT Ready,0,0,False,0,0,0,0,0,0,75%,50%,False,0x00,False,63%,0us,0.000V,0.000V,True,False,Charge Active,v01.23.7357,False,False,0x00,0x00,0x00,0x00,0x00,0x00,0x00,200,13,0,0,0,False,1.0V,0.030,1467mV,1,False,False,v01.20.7357
26-05-30 12:10:56.873044,2902,496,1044,620,240,280,1796,200,True,True,True,True,True,True,True,True,2902,496,1044,620,240,280,1796,200,0,0,0,0,0,0,0,0,WPT Ready,0,0,False,0,0,0,0,0,0,75%,50%,False,0x00,False,63%,0us,0.000V,0.000V,True,False,Charge Active,v01.23.7357,False,False,0x00,0x00,0x00,0x00,0x00,0x00,0x00,200,13,0,0,0,False,1.0V,0.030,1467mV,1,False,False,v01.20.7357
26-05-30 12:10:57.039295,2902,496,1044,620,240,280,1796,200,True,True,True,True,True,True,True,True,2902,496,1044,620,240,280,1796,200,0,0,0,0,0,0,0,0,WPT Ready,0,0,False,0,0,0,0,0,0,75%,50%,False,0x00,False,63%,0us,0.000V,0.000V,True,False,Charge Active,v01.23.7357,False,False,0x00,0x00,0x00,0x00,0x00,0x00,0x00,200,13,0,0,0,False,1.0V,0.030,1467mV,1,False,False,v01.20.7357
26-05-30 12:10:57.241942,2902,496,1044,620,240,280,1796,200,True,True,True,True,True,True,True,True,2902,496,1044,620,240,280,1796,200,0,0,0,0,0,0,0,0,WPT Ready,0,0,False,0,0,0,0,0,0,75%,50%,False,0x00,False,63%,0us,0.000V,0.000V,True,False,Charge Active,v01.23.7357,False,False,0x00,0x00,0x00,0x00,0x00,0x00,0x00,200,13,0,0,0,False,1.0V,0.030,1467mV,1,False,False,v01.20.7357
26-05-30 12:10:57.504550,2902,496,1044,620,240,280,1796,200,True,True,True,True,True,True,True,True,2902,496,1044,620,240,280,1796,200,0,0,0,0,0,0,0,0,WPT Ready,0,0,False,0,0,0,0,0,0,75%,50%,False,0x00,False,63%,0us,0.000V,0.000V,True,False,Charge Active,v01.23.7357,False,False,0x00,0x00,0x00,0x00,0x00,0x00,0x00,200,13,0,0,0,False,1.0V,0.030,1467mV,1,False,False,v01.20.7357
26-05-30 12:10:57.649889,2902,496,1044,620,240,280,1796,200,True,True,True,True,True,True,True,True,2902,496,1044,620,240,280,1796,200,0,0,0,0,0,0,0,0,WPT Ready,0,0,False,0,0,0,0,0,0,75%,50%,False,0x00,False,63%,0us,0.000V,0.000V,True,False,Charge Active,v01.23.7357,False,False,0x00,0x00,0x00,0x00,0x00,0x00,0x00,200,13,0,0,0,False,1.0V,0.030,1467mV,1,False,False,v01.20.7357
26-05-30 12:10:57.842045,2902,496,1044,620,240,280,1796,200,True,True,True,True,True,True,True,True,2902,496,1044,620,240,280,1796,200,0,0,0,0,0,0,0,0,WPT Ready,0,0,False,0,0,0,0,0,0,75%,50%,False,0x00,False,63%,0us,0.000V,0.000V,True,False,Charge Active,v01.23.7357,False,False,0x00,0x00,0x00,0x00,0x00,0x00,0x00,200,13,0,0,0,False,1.0V,0.030,1467mV,1,False,False,v01.20.7357
26-05-30 12:10:58.102747,2902,496,1044,620,240,280,1796,200,True,True,True,True,True,True,True,True,2902,496,1044,620,240,280,1796,200,0,0,0,0,0,0,0,0,WPT Ready,0,0,False,0,0,0,0,0,0,75%,50%,False,0x00,False,63%,0us,0.000V,0.000V,True,False,Charge Active,v01.23.7357,False,False,0x00,0x00,0x00,0x00,0x00,0x00,0x00,200,13,0,0,0,False,1.0V,0.030,1467mV,1,False,False,v01.20.7357
26-05-30 12:10:58.287558,2902,496,1044,620,240,280,1796,200,True,True,True,True,True,True,True,True,2902,496,1044,620,240,280,1796,200,0,0,0,0,0,0,0,0,WPT Ready,0,0,False,0,0,0,0,0,0,75%,50%,False,0x00,False,63%,0us,0.000V,0.000V,True,False,Charge Active,v01.23.7357,False,False,0x00,0x00,0x00,0x00,0x00,0x00,0x00,200,13,0,0,0,False,1.0V,0.030,1467mV,1,False,False,v01.20.7357
26-05-30 12:10:58.487838,2902,496,1044,620,240,280,1796,200,True,True,True,True,True,True,True,True,2902,496,1044,620,240,280,1796,200,0,0,0,0,0,0,0,0,WPT Ready,0,0,False,0,0,0,0,0,0,75%,50%,False,0x00,False,63%,0us,0.000V,0.000V,True,False,Charge Active,v01.23.7357,False,False,0x00,0x00,0x00,0x00,0x00,0x00,0x00,200,13,0,0,0,False,1.0V,0.030,1467mV,1,False,False,v01.20.7357
26-05-30 12:10:58.641360,2902,496,1044,620,240,280,1796,200,True,True,True,True,True,True,True,True,2902,496,1044,620,240,280,1796,200,0,0,0,0,0,0,0,0,WPT Ready,0,0,False,0,0,0,0,0,0,75%,50%,False,0x00,False,63%,0us,0.000V,0.000V,True,False,Charge Active,v01.23.7357,False,False,0x00,0x00,0x00,0x00,0x00,0x00,0x00,200,13,0,0,0,False,1.0V,0.030,1467mV,1,False,False,v01.20.7357
26-05-30 12:10:58.860253,2902,496,1044,620,240,280,1796,200,True,True,True,True,True,True,True,True,2902,496,1044,620,240,280,1796,200,0,0,0,0,0,0,0,0,WPT Ready,0,0,False,0,0,0,0,0,0,75%,50%,False,0x00,False,63%,0us,0.000V,0.000V,True,False,Charge Active,v01.23.7357,False,False,0x00,0x00,0x00,0x00,0x00,0x00,0x00,200,13,0,0,0,False,1.0V,0.030,1467mV,1,False,False,v01.20.7357
26-05-30 12:10:59.060712,2902,496,1044,620,240,280,1796,200,True,True,True,True,True,True,True,True,2902,496,1044,620,240,280,1796,200,0,0,0,0,0,0,0,0,WPT Ready,0,0,False,0,0,0,0,0,0,75%,50%,False,0x00,False,63%,0us,0.000V,0.000V,True,False,Charge Active,v01.23.7357,False,False,0x00,0x00,0x00,0x00,0x00,0x00,0x00,200,13,0,0,0,False,1.0V,0.030,1467mV,1,False,False,v01.20.7357
26-05-30 12:10:59.270613,2902,496,1044,620,240,280,1796,200,True,True,True,True,True,True,True,True,2902,496,1044,620,240,280,1796,200,0,0,0,0,0,0,0,0,WPT Ready,0,0,False,0,0,0,0,0,0,75%,50%,False,0x00,False,63%,0us,0.000V,0.000V,True,False,Charge Active,v01.23.7357,False,False,0x00,0x00,0x00,0x00,0x00,0x00,0x00,200,13,0,0,0,False,1.0V,0.030,1467mV,1,False,False,v01.20.7357
26-05-30 12:10:59.511523,2902,496,1044,620,240,280,1796,200,True,True,True,True,True,True,True,True,2902,496,1044,620,240,280,1796,200,0,0,0,0,0,0,0,0,WPT Ready,0,0,False,0,0,0,0,0,0,75%,50%,False,0x00,False,63%,0us,0.000V,0.000V,True,False,Charge Active,v01.23.7357,False,False,0x00,0x00,0x00,0x00,0x00,0x00,0x00,200,13,0,0,0,False,1.0V,0.030,1467mV,1,False,False,v01.20.7357
26-05-30 12:10:59.710496,2902,496,1044,620,240,280,1796,200,True,True,True,True,True,True,True,True,2902,496,1044,620,240,280,1796,200,0,0,0,0,0,0,0,0,WPT Ready,0,0,False,0,0,0,0,0,0,75%,50%,False,0x00,False,63%,0us,0.000V,0.000V,True,False,Charge Active,v01.23.7357,False,False,0x00,0x00,0x00,0x00,0x00,0x00,0x00,200,13,0,0,0,False,1.0V,0.030,1467mV,1,False,False,v01.20.7357
26-05-30 12:10:59.887067,2902,496,1044,620,240,280,1796,200,True,True,True,True,True,True,True,True,2902,496,1044,620,240,280,1796,200,0,0,0,0,0,0,0,0,WPT Ready,0,0,False,0,0,0,0,0,0,75%,50%,False,0x00,False,63%,0us,0.000V,0.000V,True,False,Charge Active,v01.23.7357,False,False,0x00,0x00,0x00,0x00,0x00,0x00,0x00,200,13,0,0,0,False,1.0V,0.030,1467mV,1,False,False,v01.20.7357
26-05-30 12:11:00.070119,2902,496,1044,620,240,280,1796,200,True,True,True,True,True,True,True,True,2902,496,1044,620,240,280,1796,200,0,0,0,0,0,0,0,0,WPT Ready,0,0,False,0,0,0,0,0,0,75%,50%,False,0x00,False,63%,0us,0.000V,0.000V,True,False,Charge Active,v01.23.7357,False,False,0x00,0x00,0x00,0x00,0x00,0x00,0x00,200,13,0,0,0,False,1.0V,0.030,1467mV,1,False,False,v01.20.7357
26-05-30 12:11:00.241555,2902,496,1044,620,240,280,1796,200,True,True,True,True,True,True,True,True,2902,496,1044,620,240,280,1796,200,0,0,0,0,0,0,0,0,WPT Ready,0,0,False,0,0,0,0,0,0,75%,50%,False,0x00,False,63%,0us,0.000V,0.000V,True,False,Charge Active,v01.23.7357,False,False,0x00,0x00,0x00,0x00,0x00,0x00,0x00,200,13,0,0,0,False,1.0V,0.030,1467mV,1,False,False,v01.20.7357
26-05-30 12:11:00.439189,2902,496,1044,620,240,280,1796,200,True,True,True,True,True,True,True,True,2902,496,1044,620,240,280,1796,200,0,0,0,0,0,0,0,0,WPT Ready,0,0,False,0,0,0,0,0,0,75%,50%,False,0x00,False,63%,0us,0.000V,0.000V,True,False,Charge Active,v01.23.7357,False,False,0x00,0x00,0x00,0x00,0x00,0x00,0x00,200,13,0,0,0,False,1.0V,0.030,1467mV,1,False,False,v01.20.7357
26-05-30 12:11:00.676765,2902,496,1044,620,240,280,1796,200,True,True,True,True,True,True,True,True,2902,496,1044,620,240,280,1796,200,0,0,0,0,0,0,0,0,WPT Ready,0,0,False,0,0,0,0,0,0,75%,50%,False,0x00,False,63%,0us,0.000V,0.000V,True,False,Charge Active,v01.23.7357,False,False,0x00,0x00,0x00,0x00,0x00,0x00,0x00,200,13,0,0,0,False,1.0V,0.030,1467mV,1,False,False,v01.20.7357
26-05-30 12:11:00.892060,2902,496,1044,620,240,280,1796,200,True,True,True,True,True,True,True,True,2902,496,1044,620,240,280,1796,200,0,0,0,0,0,0,0,0,WPT Ready,0,0,False,0,0,0,0,0,0,75%,50%,False,0x00,False,63%,0us,0.000V,0.000V,True,False,Charge Active,v01.23.7357,False,False,0x00,0x00,0x00,0x00,0x00,0x00,0x00,200,13,0,0,0,False,1.0V,0.030,1467mV,1,False,False,v01.20.7357
26-05-30 12:11:01.110144,2902,496,1044,620,240,280,1796,200,True,True,True,True,True,True,True,True,2902,496,1044,620,240,280,1796,200,0,0,0,0,0,0,0,0,WPT Ready,0,0,False,0,0,0,0,0,0,75%,50%,False,0x00,False,63%,0us,0.000V,0.000V,True,False,Charge Active,v01.23.7357,False,False,0x00,0x00,0x00,0x00,0x00,0x00,0x00,200,13,0,0,0,False,1.0V,0.030,1467mV,1,False,False,v01.20.7357
26-05-30 12:11:01.246057,2902,496,1044,620,240,280,1796,200,True,True,True,True,True,True,True,True,2902,496,1044,620,240,280,1796,200,0,0,0,0,0,0,0,0,WPT Ready,0,0,False,0,0,0,0,0,0,75%,50%,False,0x00,False,63%,0us,0.000V,0.000V,True,False,Charge Active,v01.23.7357,False,False,0x00,0x00,0x00,0x00,0x00,0x00,0x00,200,13,0,0,0,False,1.0V,0.030,1467mV,1,False,False,v01.20.7357
26-05-30 12:11:01.468244,2902,496,1044,620,240,280,1796,200,True,True,True,True,True,True,True,True,2902,496,1044,620,240,280,1796,200,0,0,0,0,0,0,0,0,WPT Ready,0,0,False,0,0,0,0,0,0,75%,50%,False,0x00,False,63%,0us,0.000V,0.000V,True,False,Charge Active,v01.23.7357,False,False,0x00,0x00,0x00,0x00,0x00,0x00,0x00,200,13,0,0,0,False,1.0V,0.030,1467mV,1,False,False,v01.20.7357
26-05-30 12:11:01.701963,2902,496,1044,620,240,280,1796,200,True,True,True,True,True,True,True,True,2902,496,1044,620,240,280,1796,200,0,0,0,0,0,0,0,0,WPT Ready,0,0,False,0,0,0,0,0,0,75%,50%,False,0x00,False,63%,0us,0.000V,0.000V,True,False,Charge Active,v01.23.7357,False,False,0x00,0x00,0x00,0x00,0x00,0x00,0x00,200,13,0,0,0,False,1.0V,0.030,1467mV,1,False,False,v01.20.7357
26-05-30 12:11:01.932509,2902,496,1044,620,240,280,1796,200,True,True,True,True,True,True,True,True,2902,496,1044,620,240,280,1796,200,0,0,0,0,0,0,0,0,WPT Ready,0,0,False,0,0,0,0,0,0,75%,50%,False,0x00,False,63%,0us,0.000V,0.000V,True,False,Charge Active,v01.23.7357,False,False,0x00,0x00,0x00,0x00,0x00,0x00,0x00,200,13,0,0,0,False,1.0V,0.030,1467mV,1,False,False,v01.20.7357
26-05-30 12:11:02.065866,2902,496,1044,620,240,280,1796,200,True,True,True,True,True,True,True,True,2902,496,1044,620,240,280,1796,200,0,0,0,0,0,0,0,0,WPT Ready,0,0,False,0,0,0,0,0,0,75%,50%,False,0x00,False,63%,0us,0.000V,0.000V,True,False,Charge Active,v01.23.7357,False,False,0x00,0x00,0x00,0x00,0x00,0x00,0x00,200,13,0,0,0,False,1.0V,0.030,1467mV,1,False,False,v01.20.7357
26-05-30 12:11:02.271608,2902,496,1044,620,240,280,1796,200,True,True,True,True,True,True,True,True,2902,496,1044,620,240,280,1796,200,0,0,0,0,0,0,0,0,WPT Ready,0,0,False,0,0,0,0,0,0,75%,50%,False,0x00,False,63%,0us,0.000V,0.000V,True,False,Charge Active,v01.23.7357,False,False,0x00,0x00,0x00,0x00,0x00,0x00,0x00,200,13,0,0,0,False,1.0V,0.030,1467mV,1,False,False,v01.20.7357
26-05-30 12:11:02.488404,2902,496,1044,620,240,280,1796,200,True,True,True,True,True,True,True,True,2902,496,1044,620,240,280,1796,200,0,0,0,0,0,0,0,0,WPT Ready,0,0,False,0,0,0,0,0,0,75%,50%,False,0x00,False,63%,0us,0.000V,0.000V,True,False,Charge Active,v01.23.7357,False,False,0x00,0x00,0x00,0x00,0x00,0x00,0x00,200,13,0,0,0,False,1.0V,0.030,1467mV,1,False,False,v01.20.7357
26-05-30 12:11:02.703513,2902,496,1044,620,240,280,1796,200,True,True,True,True,True,True,True,True,2902,496,1044,620,240,280,1796,200,0,0,0,0,0,0,0,0,WPT Ready,0,0,False,0,0,0,0,0,0,75%,50%,False,0x00,False,63%,0us,0.000V,0.000V,True,False,Charge Active,v01.23.7357,False,False,0x00,0x00,0x00,0x00,0x00,0x00,0x00,200,13,0,0,0,False,1.0V,0.030,1467mV,1,False,False,v01.20.7357
26-05-30 12:11:02.926372,2902,496,1044,620,240,280,1796,200,True,True,True,True,True,True,True,True,2902,496,1044,620,240,280,1796,200,0,0,0,0,0,0,0,0,WPT Ready,0,0,False,0,0,0,0,0,0,75%,50%,False,0x00,False,63%,0us,0.000V,0.000V,True,False,Charge Active,v01.23.7357,False,False,0x00,0x00,0x00,0x00,0x00,0x00,0x00,200,13,0,0,0,False,1.0V,0.030,1467mV,1,False,False,v01.20.7357
26-05-30 12:11:03.051082,2902,496,1044,620,240,280,1796,200,True,True,True,True,True,True,True,True,2902,496,1044,620,240,280,1796,200,0,0,0,0,0,0,0,0,WPT Ready,0,0,False,0,0,0,0,0,0,75%,50%,False,0x00,False,63%,0us,0.000V,0.000V,True,False,Charge Active,v01.23.7357,False,False,0x00,0x00,0x00,0x00,0x00,0x00,0x00,200,13,0,0,0,False,1.0V,0.030,1467mV,1,False,False,v01.20.7357
26-05-30 12:11:03.268326,2902,496,1044,620,240,280,1796,200,True,True,True,True,True,True,True,True,2902,496,1044,620,240,280,1796,200,0,0,0,0,0,0,0,0,WPT Ready,0,0,False,0,0,0,0,0,0,75%,50%,False,0x00,False,63%,0us,0.000V,0.000V,True,False,Charge Active,v01.23.7357,False,False,0x00,0x00,0x00,0x00,0x00,0x00,0x00,200,13,0,0,0,False,1.0V,0.030,1467mV,1,False,False,v01.20.7357
26-05-30 12:11:03.493048,2902,496,1044,620,240,280,1796,200,True,True,True,True,True,True,True,True,2902,496,1044,620,240,280,1796,200,0,0,0,0,0,0,0,0,WPT Ready,0,0,False,0,0,0,0,0,0,75%,50%,False,0x00,False,63%,0us,0.000V,0.000V,True,False,Charge Active,v01.23.7357,False,False,0x00,0x00,0x00,0x00,0x00,0x00,0x00,200,13,0,0,0,False,1.0V,0.030,1467mV,1,False,False,v01.20.7357
26-05-30 12:11:03.646748,2902,496,1044,620,240,280,1796,200,True,True,True,True,True,True,True,True,2902,496,1044,620,240,280,1796,200,0,0,0,0,0,0,0,0,WPT Ready,0,0,False,0,0,0,0,0,0,75%,50%,False,0x00,False,63%,0us,0.000V,0.000V,True,False,Charge Active,v01.23.7357,False,False,0x00,0x00,0x00,0x00,0x00,0x00,0x00,200,13,0,0,0,False,1.0V,0.030,1467mV,1,False,False,v01.20.7357
26-05-30 12:11:03.937447,2902,496,1044,620,240,280,1796,200,True,True,True,True,True,True,True,True,2902,496,1044,620,240,280,1796,200,0,0,0,0,0,0,0,0,WPT Ready,0,0,False,0,0,0,0,0,0,75%,50%,False,0x00,False,63%,0us,0.000V,0.000V,True,False,Charge Active,v01.23.7357,False,False,0x00,0x00,0x00,0x00,0x00,0x00,0x00,200,13,0,0,0,False,1.0V,0.030,1467mV,1,False,False,v01.20.7357
26-05-30 12:11:04.040172,2902,496,1044,620,240,280,1796,200,True,True,True,True,True,True,True,True,2902,496,1044,620,240,280,1796,200,0,0,0,0,0,0,0,0,WPT Ready,0,0,False,0,0,0,0,0,0,75%,50%,False,0x00,False,63%,0us,0.000V,0.000V,True,False,Charge Active,v01.23.7357,False,False,0x00,0x00,0x00,0x00,0x00,0x00,0x00,200,13,0,0,0,False,1.0V,0.030,1467mV,1,False,False,v01.20.7357
26-05-30 12:11:04.257768,2902,496,1044,620,240,280,1796,200,True,True,True,True,True,True,True,True,2902,496,1044,620,240,280,1796,200,0,0,0,0,0,0,0,0,WPT Ready,0,0,False,0,0,0,0,0,0,75%,50%,False,0x00,False,63%,0us,0.000V,0.000V,True,False,Charge Active,v01.23.7357,False,False,0x00,0x00,0x00,0x00,0x00,0x00,0x00,200,13,0,0,0,False,1.0V,0.030,1467mV,1,False,False,v01.20.7357
26-05-30 12:11:04.481863,2902,496,1044,620,240,280,1796,200,True,True,True,True,True,True,True,True,2902,496,1044,620,240,280,1796,200,0,0,0,0,0,0,0,0,WPT Ready,0,0,False,0,0,0,0,0,0,75%,50%,False,0x00,False,63%,0us,0.000V,0.000V,True,False,Charge Active,v01.23.7357,False,False,0x00,0x00,0x00,0x00,0x00,0x00,0x00,200,13,0,0,0,False,1.0V,0.030,1467mV,1,False,False,v01.20.7357
26-05-30 12:11:04.654811,2902,496,1044,620,240,280,1796,200,True,True,True,True,True,True,True,True,2902,496,1044,620,240,280,1796,200,0,0,0,0,0,0,0,0,WPT Ready,0,0,False,0,0,0,0,0,0,75%,50%,False,0x00,False,63%,0us,0.000V,0.000V,True,False,Charge Active,v01.23.7357,False,False,0x00,0x00,0x00,0x00,0x00,0x00,0x00,200,13,0,0,0,False,1.0V,0.030,1467mV,1,False,False,v01.20.7357
26-05-30 12:11:04.848673,2902,496,1044,620,240,280,1796,200,True,True,True,True,True,True,True,True,2902,496,1044,620,240,280,1796,200,0,0,0,0,0,0,0,0,WPT Ready,0,0,False,0,0,0,0,0,0,75%,50%,False,0x00,False,63%,0us,0.000V,0.000V,True,False,Charge Active,v01.23.7357,False,False,0x00,0x00,0x00,0x00,0x00,0x00,0x00,200,13,0,0,0,False,1.0V,0.030,1467mV,1,False,False,v01.20.7357
26-05-30 12:11:05.042743,2902,496,1044,620,240,280,1796,200,True,True,True,True,True,True,True,True,2902,496,1044,620,240,280,1796,200,0,0,0,0,0,0,0,0,WPT Ready,0,0,False,0,0,0,0,0,0,75%,50%,False,0x00,False,63%,0us,0.000V,0.000V,True,False,Charge Active,v01.23.7357,False,False,0x00,0x00,0x00,0x00,0x00,0x00,0x00,200,13,0,0,0,False,1.0V,0.030,1467mV,1,False,False,v01.20.7357
26-05-30 12:11:05.319053,2902,496,1044,620,240,280,1796,200,True,True,True,True,True,True,True,True,2902,496,1044,620,240,280,1796,200,0,0,0,0,0,0,0,0,WPT Ready,0,0,False,0,0,0,0,0,0,75%,50%,False,0x00,False,63%,0us,0.000V,0.000V,True,False,Charge Active,v01.23.7357,False,False,0x00,0x00,0x00,0x00,0x00,0x00,0x00,200,13,0,0,0,False,1.0V,0.030,1467mV,1,False,False,v01.20.7357
26-05-30 12:11:05.451961,2902,496,1044,620,240,280,1796,200,True,True,True,True,True,True,True,True,2902,496,1044,620,240,280,1796,200,0,0,0,0,0,0,0,0,WPT Ready,0,0,False,0,0,0,0,0,0,75%,50%,False,0x00,False,63%,0us,0.000V,0.000V,True,False,Charge Active,v01.23.7357,False,False,0x00,0x00,0x00,0x00,0x00,0x00,0x00,200,13,0,0,0,False,1.0V,0.030,1467mV,1,False,False,v01.20.7357
26-05-30 12:11:05.685962,2902,496,1044,620,240,280,1796,200,True,True,True,True,True,True,True,True,2902,496,1044,620,240,280,1796,200,0,0,0,0,0,0,0,0,WPT Ready,0,0,False,0,0,0,0,0,0,75%,50%,False,0x00,False,63%,0us,0.000V,0.000V,True,False,Charge Active,v01.23.7357,False,False,0x00,0x00,0x00,0x00,0x00,0x00,0x00,200,13,0,0,0,False,1.0V,0.030,1467mV,1,False,False,v01.20.7357
26-05-30 12:11:05.875452,2902,496,1044,620,240,280,1796,200,True,True,True,True,True,True,True,True,2902,496,1044,620,240,280,1796,200,0,0,0,0,0,0,0,0,WPT Ready,0,0,False,0,0,0,0,0,0,75%,50%,False,0x00,False,63%,0us,0.000V,0.000V,True,False,Charge Active,v01.23.7357,False,False,0x00,0x00,0x00,0x00,0x00,0x00,0x00,200,13,0,0,0,False,1.0V,0.030,1467mV,1,False,False,v01.20.7357
26-05-30 12:11:06.097203,2902,496,1044,620,240,280,1796,200,True,True,True,True,True,True,True,True,2902,496,1044,620,240,280,1796,200,0,0,0,0,0,0,0,0,WPT Ready,0,0,False,0,0,0,0,0,0,75%,50%,False,0x00,False,63%,0us,0.000V,0.000V,True,False,Charge Active,v01.23.7357,False,False,0x00,0x00,0x00,0x00,0x00,0x00,0x00,200,13,0,0,0,False,1.0V,0.030,1467mV,1,False,False,v01.20.7357
26-05-30 12:11:06.359222,2902,496,1044,620,240,280,1796,200,True,True,True,True,True,True,True,True,2902,496,1044,620,240,280,1796,200,0,0,0,0,0,0,0,0,WPT Ready,0,0,False,0,0,0,0,0,0,75%,50%,False,0x00,False,63%,0us,0.000V,0.000V,True,False,Charge Active,v01.23.7357,False,False,0x00,0x00,0x00,0x00,0x00,0x00,0x00,200,13,0,0,0,False,1.0V,0.030,1467mV,1,False,False,v01.20.7357
26-05-30 12:11:06.466182,2902,496,1044,620,240,280,1796,200,True,True,True,True,True,True,True,True,2902,496,1044,620,240,280,1796,200,0,0,0,0,0,0,0,0,WPT Ready,0,0,False,0,0,0,0,0,0,75%,50%,False,0x00,False,63%,0us,0.000V,0.000V,True,False,Charge Active,v01.23.7357,False,False,0x00,0x00,0x00,0x00,0x00,0x00,0x00,200,13,0,0,0,False,1.0V,0.030,1467mV,1,False,False,v01.20.7357
26-05-30 12:11:06.663705,2902,496,1044,620,240,280,1796,200,True,True,True,True,True,True,True,True,2902,496,1044,620,240,280,1796,200,0,0,0,0,0,0,0,0,WPT Ready,0,0,False,0,0,0,0,0,0,75%,50%,False,0x00,False,63%,0us,0.000V,0.000V,True,False,Charge Active,v01.23.7357,False,False,0x00,0x00,0x00,0x00,0x00,0x00,0x00,200,13,0,0,0,False,1.0V,0.030,1467mV,1,False,False,v01.20.7357
26-05-30 12:11:06.888175,2902,496,1044,620,240,280,1796,200,True,True,True,True,True,True,True,True,2902,496,1044,620,240,280,1796,200,0,0,0,0,0,0,0,0,WPT Ready,0,0,False,0,0,0,0,0,0,75%,50%,False,0x00,False,63%,0us,0.000V,0.000V,True,False,Charge Active,v01.23.7357,False,False,0x00,0x00,0x00,0x00,0x00,0x00,0x00,200,13,0,0,0,False,1.0V,0.030,1467mV,1,False,False,v01.20.7357
26-05-30 12:11:07.065785,2902,496,1044,620,240,280,1796,200,True,True,True,True,True,True,True,True,2902,496,1044,620,240,280,1796,200,0,0,0,0,0,0,0,0,WPT Ready,0,0,False,0,0,0,0,0,0,75%,50%,False,0x00,False,63%,0us,0.000V,0.000V,True,False,Charge Active,v01.23.7357,False,False,0x00,0x00,0x00,0x00,0x00,0x00,0x00,200,13,0,0,0,False,1.0V,0.030,1467mV,1,False,False,v01.20.7357
26-05-30 12:11:07.263305,2902,496,1044,620,240,280,1796,200,True,True,True,True,True,True,True,True,2902,496,1044,620,240,280,1796,200,0,0,0,0,0,0,0,0,WPT Ready,0,0,False,0,0,0,0,0,0,75%,50%,False,0x00,False,63%,0us,0.000V,0.000V,True,False,Charge Active,v01.23.7357,False,False,0x00,0x00,0x00,0x00,0x00,0x00,0x00,200,13,0,0,0,False,1.0V,0.030,1467mV,1,False,False,v01.20.7357
26-05-30 12:11:07.461469,2902,496,1044,620,240,280,1796,200,True,True,True,True,True,True,True,True,2902,496,1044,620,240,280,1796,200,0,0,0,0,0,0,0,0,WPT Ready,0,0,False,0,0,0,0,0,0,75%,50%,False,0x00,False,63%,0us,0.000V,0.000V,True,False,Charge Active,v01.23.7357,False,False,0x00,0x00,0x00,0x00,0x00,0x00,0x00,200,13,0,0,0,False,1.0V,0.030,1467mV,1,False,False,v01.20.7357
26-05-30 12:11:07.651971,2902,496,1044,620,240,280,1796,200,True,True,True,True,True,True,True,True,2902,496,1044,620,240,280,1796,200,0,0,0,0,0,0,0,0,WPT Ready,0,0,False,0,0,0,0,0,0,75%,50%,False,0x00,False,63%,0us,0.000V,0.000V,True,False,Charge Active,v01.23.7357,False,False,0x00,0x00,0x00,0x00,0x00,0x00,0x00,200,13,0,0,0,False,1.0V,0.030,1467mV,1,False,False,v01.20.7357
26-05-30 12:11:07.851586,2902,496,1044,620,240,280,1796,200,True,True,True,True,True,True,True,True,2902,496,1044,620,240,280,1796,200,0,0,0,0,0,0,0,0,WPT Ready,0,0,False,0,0,0,0,0,0,75%,50%,False,0x00,False,63%,0us,0.000V,0.000V,True,False,Charge Active,v01.23.7357,False,False,0x00,0x00,0x00,0x00,0x00,0x00,0x00,200,13,0,0,0,False,1.0V,0.030,1467mV,1,False,False,v01.20.7357
26-05-30 12:11:08.056648,2902,496,1044,620,240,280,1796,200,True,True,True,True,True,True,True,True,2902,496,1044,620,240,280,1796,200,0,0,0,0,0,0,0,0,WPT Ready,0,0,False,0,0,0,0,0,0,75%,50%,False,0x00,False,63%,0us,0.000V,0.000V,True,False,Charge Active,v01.23.7357,False,False,0x00,0x00,0x00,0x00,0x00,0x00,0x00,200,13,0,0,0,False,1.0V,0.030,1467mV,1,False,False,v01.20.7357
26-05-30 12:11:08.257482,2902,496,1044,620,240,280,1796,200,True,True,True,True,True,True,True,True,2902,496,1044,620,240,280,1796,200,0,0,0,0,0,0,0,0,WPT Ready,0,0,False,0,0,0,0,0,0,75%,50%,False,0x00,False,63%,0us,0.000V,0.000V,True,False,Charge Active,v01.23.7357,False,False,0x00,0x00,0x00,0x00,0x00,0x00,0x00,200,13,0,0,0,False,1.0V,0.030,1467mV,1,False,False,v01.20.7357
26-05-30 12:11:08.468361,2902,496,1044,620,240,280,1796,200,True,True,True,True,True,True,True,True,2902,496,1044,620,240,280,1796,200,0,0,0,0,0,0,0,0,WPT Ready,0,0,False,0,0,0,0,0,0,75%,50%,False,0x00,False,63%,0us,0.000V,0.000V,True,False,Charge Active,v01.23.7357,False,False,0x00,0x00,0x00,0x00,0x00,0x00,0x00,200,13,0,0,0,False,1.0V,0.030,1467mV,1,False,False,v01.20.7357
26-05-30 12:11:08.665397,2902,496,1044,620,240,280,1796,200,True,True,True,True,True,True,True,True,2902,496,1044,620,240,280,1796,200,0,0,0,0,0,0,0,0,WPT Ready,0,0,False,0,0,0,0,0,0,75%,50%,False,0x00,False,63%,0us,0.000V,0.000V,True,False,Charge Active,v01.23.7357,False,False,0x00,0x00,0x00,0x00,0x00,0x00,0x00,200,13,0,0,0,False,1.0V,0.030,1467mV,1,False,False,v01.20.7357
26-05-30 12:11:08.872515,2902,496,1044,620,240,280,1796,200,True,True,True,True,True,True,True,True,2902,496,1044,620,240,280,1796,200,0,0,0,0,0,0,0,0,WPT Ready,0,0,False,0,0,0,0,0,0,75%,50%,False,0x00,False,63%,0us,0.000V,0.000V,True,False,Charge Active,v01.23.7357,False,False,0x00,0x00,0x00,0x00,0x00,0x00,0x00,200,13,0,0,0,False,1.0V,0.030,1467mV,1,False,False,v01.20.7357
26-05-30 12:11:09.075156,2902,496,1044,620,240,280,1796,200,True,True,True,True,True,True,True,True,2902,496,1044,620,240,280,1796,200,0,0,0,0,0,0,0,0,WPT Ready,0,0,False,0,0,0,0,0,0,75%,50%,False,0x00,False,63%,0us,0.000V,0.000V,True,False,Charge Active,v01.23.7357,False,False,0x00,0x00,0x00,0x00,0x00,0x00,0x00,200,13,0,0,0,False,1.0V,0.030,1467mV,1,False,False,v01.20.7357
26-05-30 12:11:09.272963,2902,496,1044,620,240,280,1796,200,True,True,True,True,True,True,True,True,2902,496,1044,620,240,280,1796,200,0,0,0,0,0,0,0,0,WPT Ready,0,0,False,0,0,0,0,0,0,75%,50%,False,0x00,False,63%,0us,0.000V,0.000V,True,False,Charge Active,v01.23.7357,False,False,0x00,0x00,0x00,0x00,0x00,0x00,0x00,200,13,0,0,0,False,1.0V,0.030,1467mV,1,False,False,v01.20.7357
26-05-30 12:11:09.511574,2902,496,1044,620,240,280,1796,200,True,True,True,True,True,True,True,True,2902,496,1044,620,240,280,1796,200,0,0,0,0,0,0,0,0,WPT Ready,0,0,False,0,0,0,0,0,0,75%,50%,False,0x00,False,63%,0us,0.000V,0.000V,True,False,Charge Active,v01.23.7357,False,False,0x00,0x00,0x00,0x00,0x00,0x00,0x00,200,13,0,0,0,False,1.0V,0.030,1467mV,1,False,False,v01.20.7357
26-05-30 12:11:09.695235,2902,496,1044,620,240,280,1796,200,True,True,True,True,True,True,True,True,2902,496,1044,620,240,280,1796,200,0,0,0,0,0,0,0,0,WPT Ready,0,0,False,0,0,0,0,0,0,75%,50%,False,0x00,False,63%,0us,0.000V,0.000V,True,False,Charge Active,v01.23.7357,False,False,0x00,0x00,0x00,0x00,0x00,0x00,0x00,200,13,0,0,0,False,1.0V,0.030,1467mV,1,False,False,v01.20.7357
26-05-30 12:11:09.889399,2902,496,1044,620,240,280,1796,200,True,True,True,True,True,True,True,True,2902,496,1044,620,240,280,1796,200,0,0,0,0,0,0,0,0,WPT Ready,0,0,False,0,0,0,0,0,0,75%,50%,False,0x00,False,63%,0us,0.000V,0.000V,True,False,Charge Active,v01.23.7357,False,False,0x00,0x00,0x00,0x00,0x00,0x00,0x00,200,13,0,0,0,False,1.0V,0.030,1467mV,1,False,False,v01.20.7357
26-05-30 12:11:10.106821,2902,496,1044,620,240,280,1796,200,True,True,True,True,True,True,True,True,2902,496,1044,620,240,280,1796,200,0,0,0,0,0,0,0,0,WPT Ready,0,0,False,0,0,0,0,0,0,75%,50%,False,0x00,False,63%,0us,0.000V,0.000V,True,False,Charge Active,v01.23.7357,False,False,0x00,0x00,0x00,0x00,0x00,0x00,0x00,200,13,0,0,0,False,1.0V,0.030,1467mV,1,False,False,v01.20.7357
26-05-30 12:11:10.261065,2902,496,1044,620,240,280,1796,200,True,True,True,True,True,True,True,True,2902,496,1044,620,240,280,1796,200,0,0,0,0,0,0,0,0,WPT Ready,0,0,False,0,0,0,0,0,0,75%,50%,False,0x00,False,63%,0us,0.000V,0.000V,True,False,Charge Active,v01.23.7357,False,False,0x00,0x00,0x00,0x00,0x00,0x00,0x00,200,13,0,0,0,False,1.0V,0.030,1467mV,1,False,False,v01.20.7357
26-05-30 12:11:10.451757,2902,496,1044,620,240,280,1796,200,True,True,True,True,True,True,True,True,2902,496,1044,620,240,280,1796,200,0,0,0,0,0,0,0,0,WPT Ready,0,0,False,0,0,0,0,0,0,75%,50%,False,0x00,False,63%,0us,0.000V,0.000V,True,False,Charge Active,v01.23.7357,False,False,0x00,0x00,0x00,0x00,0x00,0x00,0x00,200,13,0,0,0,False,1.0V,0.030,1467mV,1,False,False,v01.20.7357
26-05-30 12:11:10.654928,2902,496,1044,620,240,280,1796,200,True,True,True,True,True,True,True,True,2902,496,1044,620,240,280,1796,200,0,0,0,0,0,0,0,0,WPT Ready,0,0,False,0,0,0,0,0,0,75%,50%,False,0x00,False,63%,0us,0.000V,0.000V,True,False,Charge Active,v01.23.7357,False,False,0x00,0x00,0x00,0x00,0x00,0x00,0x00,200,13,0,0,0,False,1.0V,0.030,1467mV,1,False,False,v01.20.7357
26-05-30 12:11:10.859397,2902,496,1044,620,240,280,1796,200,True,True,True,True,True,True,True,True,2902,496,1044,620,240,280,1796,200,0,0,0,0,0,0,0,0,WPT Ready,0,0,False,0,0,0,0,0,0,75%,50%,False,0x00,False,63%,0us,0.000V,0.000V,True,False,Charge Active,v01.23.7357,False,False,0x00,0x00,0x00,0x00,0x00,0x00,0x00,200,13,0,0,0,False,1.0V,0.030,1467mV,1,False,False,v01.20.7357
26-05-30 12:11:11.077115,2902,496,1044,620,240,280,1796,200,True,True,True,True,True,True,True,True,2902,496,1044,620,240,280,1796,200,0,0,0,0,0,0,0,0,WPT Ready,0,0,False,0,0,0,0,0,0,75%,50%,False,0x00,False,63%,0us,0.000V,0.000V,True,False,Charge Active,v01.23.7357,False,False,0x00,0x00,0x00,0x00,0x00,0x00,0x00,200,13,0,0,0,False,1.0V,0.030,1467mV,1,False,False,v01.20.7357
26-05-30 12:11:11.271381,2902,496,1044,620,240,280,1796,200,True,True,True,True,True,True,True,True,2902,496,1044,620,240,280,1796,200,0,0,0,0,0,0,0,0,WPT Ready,0,0,False,0,0,0,0,0,0,75%,50%,False,0x00,False,63%,0us,0.000V,0.000V,True,False,Charge Active,v01.23.7357,False,False,0x00,0x00,0x00,0x00,0x00,0x00,0x00,200,13,0,0,0,False,1.0V,0.030,1467mV,1,False,False,v01.20.7357
26-05-30 12:11:11.477119,2902,496,1044,620,240,280,1796,200,True,True,True,True,True,True,True,True,2902,496,1044,620,240,280,1796,200,0,0,0,0,0,0,0,0,WPT Ready,0,0,False,0,0,0,0,0,0,75%,50%,False,0x00,False,63%,0us,0.000V,0.000V,True,False,Charge Active,v01.23.7357,False,False,0x00,0x00,0x00,0x00,0x00,0x00,0x00,200,13,0,0,0,False,1.0V,0.030,1467mV,1,False,False,v01.20.7357
26-05-30 12:11:11.691457,2902,496,1044,620,240,280,1796,200,True,True,True,True,True,True,True,True,2902,496,1044,620,240,280,1796,200,0,0,0,0,0,0,0,0,WPT Ready,0,0,False,0,0,0,0,0,0,75%,50%,False,0x00,False,63%,0us,0.000V,0.000V,True,False,Charge Active,v01.23.7357,False,False,0x00,0x00,0x00,0x00,0x00,0x00,0x00,200,13,0,0,0,False,1.0V,0.030,1467mV,1,False,False,v01.20.7357
26-05-30 12:11:11.890329,2902,496,1044,620,240,280,1796,200,True,True,True,True,True,True,True,True,2902,496,1044,620,240,280,1796,200,0,0,0,0,0,0,0,0,WPT Ready,0,0,False,0,0,0,0,0,0,75%,50%,False,0x00,False,63%,0us,0.000V,0.000V,True,False,Charge Active,v01.23.7357,False,False,0x00,0x00,0x00,0x00,0x00,0x00,0x00,200,13,0,0,0,False,1.0V,0.030,1467mV,1,False,False,v01.20.7357
26-05-30 12:11:12.108781,2902,496,1044,620,240,280,1796,200,True,True,True,True,True,True,True,True,2902,496,1044,620,240,280,1796,200,0,0,0,0,0,0,0,0,WPT Ready,0,0,False,0,0,0,0,0,0,75%,50%,False,0x00,False,63%,0us,0.000V,0.000V,True,False,Charge Active,v01.23.7357,False,False,0x00,0x00,0x00,0x00,0x00,0x00,0x00,200,13,0,0,0,False,1.0V,0.030,1467mV,1,False,False,v01.20.7357
26-05-30 12:11:12.254416,2902,496,1044,620,240,280,1796,200,True,True,True,True,True,True,True,True,2902,496,1044,620,240,280,1796,200,0,0,0,0,0,0,0,0,WPT Ready,0,0,False,0,0,0,0,0,0,75%,50%,False,0x00,False,63%,0us,0.000V,0.000V,True,False,Charge Active,v01.23.7357,False,False,0x00,0x00,0x00,0x00,0x00,0x00,0x00,200,13,0,0,0,False,1.0V,0.030,1467mV,1,False,False,v01.20.7357
26-05-30 12:11:12.445242,2902,496,1044,620,240,280,1796,200,True,True,True,True,True,True,True,True,2902,496,1044,620,240,280,1796,200,0,0,0,0,0,0,0,0,WPT Ready,0,0,False,0,0,0,0,0,0,75%,50%,False,0x00,False,63%,0us,0.000V,0.000V,True,False,Charge Active,v01.23.7357,False,False,0x00,0x00,0x00,0x00,0x00,0x00,0x00,200,13,0,0,0,False,1.0V,0.030,1467mV,1,False,False,v01.20.7357
26-05-30 12:11:12.666236,2902,496,1044,620,240,280,1796,200,True,True,True,True,True,True,True,True,2902,496,1044,620,240,280,1796,200,0,0,0,0,0,0,0,0,WPT Ready,0,0,False,0,0,0,0,0,0,75%,50%,False,0x00,False,63%,0us,0.000V,0.000V,True,False,Charge Active,v01.23.7357,False,False,0x00,0x00,0x00,0x00,0x00,0x00,0x00,200,13,0,0,0,False,1.0V,0.030,1467mV,1,False,False,v01.20.7357
26-05-30 12:11:12.839061,2902,496,1044,620,240,280,1796,200,True,True,True,True,True,True,True,True,2902,496,1044,620,240,280,1796,200,0,0,0,0,0,0,0,0,WPT Ready,0,0,False,0,0,0,0,0,0,75%,50%,False,0x00,False,63%,0us,0.000V,0.000V,True,False,Charge Active,v01.23.7357,False,False,0x00,0x00,0x00,0x00,0x00,0x00,0x00,200,13,0,0,0,False,1.0V,0.030,1467mV,1,False,False,v01.20.7357
26-05-30 12:11:13.069658,2902,496,1044,620,240,280,1796,200,True,True,True,True,True,True,True,True,2902,496,1044,620,240,280,1796,200,0,0,0,0,0,0,0,0,WPT Ready,0,0,False,0,0,0,0,0,0,75%,50%,False,0x00,False,63%,0us,0.000V,0.000V,True,False,Charge Active,v01.23.7357,False,False,0x00,0x00,0x00,0x00,0x00,0x00,0x00,200,13,0,0,0,False,1.0V,0.030,1467mV,1,False,False,v01.20.7357
26-05-30 12:11:13.277119,2902,496,1044,620,240,280,1796,200,True,True,True,True,True,True,True,True,2902,496,1044,620,240,280,1796,200,0,0,0,0,0,0,0,0,WPT Ready,0,0,False,0,0,0,0,0,0,75%,50%,False,0x00,False,63%,0us,0.000V,0.000V,True,False,Charge Active,v01.23.7357,False,False,0x00,0x00,0x00,0x00,0x00,0x00,0x00,200,13,0,0,0,False,1.0V,0.030,1467mV,1,False,False,v01.20.7357
26-05-30 12:11:13.441491,2902,496,1044,620,240,280,1796,200,True,True,True,True,True,True,True,True,2902,496,1044,620,240,280,1796,200,0,0,0,0,0,0,0,0,WPT Ready,0,0,False,0,0,0,0,0,0,75%,50%,False,0x00,False,63%,0us,0.000V,0.000V,True,False,Charge Active,v01.23.7357,False,False,0x00,0x00,0x00,0x00,0x00,0x00,0x00,200,13,0,0,0,False,1.0V,0.030,1467mV,1,False,False,v01.20.7357
26-05-30 12:11:13.703490,2902,496,1044,620,240,280,1796,200,True,True,True,True,True,True,True,True,2902,496,1044,620,240,280,1796,200,0,0,0,0,0,0,0,0,WPT Ready,0,0,False,0,0,0,0,0,0,75%,50%,False,0x00,False,63%,0us,0.000V,0.000V,True,False,Charge Active,v01.23.7357,False,False,0x00,0x00,0x00,0x00,0x00,0x00,0x00,200,13,0,0,0,False,1.0V,0.030,1467mV,1,False,False,v01.20.7357
26-05-30 12:11:13.903431,2902,496,1044,620,240,280,1796,200,True,True,True,True,True,True,True,True,2902,496,1044,620,240,280,1796,200,0,0,0,0,0,0,0,0,WPT Ready,0,0,False,0,0,0,0,0,0,75%,50%,False,0x00,False,63%,0us,0.000V,0.000V,True,False,Charge Active,v01.23.7357,False,False,0x00,0x00,0x00,0x00,0x00,0x00,0x00,200,13,0,0,0,False,1.0V,0.030,1467mV,1,False,False,v01.20.7357
26-05-30 12:11:14.041933,2902,496,1044,620,240,280,1796,200,True,True,True,True,True,True,True,True,2902,496,1044,620,240,280,1796,200,0,0,0,0,0,0,0,0,WPT Ready,0,0,False,0,0,0,0,0,0,75%,50%,False,0x00,False,63%,0us,0.000V,0.000V,True,False,Charge Active,v01.23.7357,False,False,0x00,0x00,0x00,0x00,0x00,0x00,0x00,200,13,0,0,0,False,1.0V,0.030,1467mV,1,False,False,v01.20.7357
26-05-30 12:11:14.238042,2902,496,1044,620,240,280,1796,200,True,True,True,True,True,True,True,True,2902,496,1044,620,240,280,1796,200,0,0,0,0,0,0,0,0,WPT Ready,0,0,False,0,0,0,0,0,0,75%,50%,False,0x00,False,63%,0us,0.000V,0.000V,True,False,Charge Active,v01.23.7357,False,False,0x00,0x00,0x00,0x00,0x00,0x00,0x00,200,13,0,0,0,False,1.0V,0.030,1467mV,1,False,False,v01.20.7357
26-05-30 12:11:14.474852,2902,496,1044,620,240,280,1796,200,True,True,True,True,True,True,True,True,2902,496,1044,620,240,280,1796,200,0,0,0,0,0,0,0,0,WPT Ready,0,0,False,0,0,0,0,0,0,75%,50%,False,0x00,False,63%,0us,0.000V,0.000V,True,False,Charge Active,v01.23.7357,False,False,0x00,0x00,0x00,0x00,0x00,0x00,0x00,200,13,0,0,0,False,1.0V,0.030,1467mV,1,False,False,v01.20.7357
26-05-30 12:11:14.666448,2902,496,1044,620,240,280,1796,200,True,True,True,True,True,True,True,True,2902,496,1044,620,240,280,1796,200,0,0,0,0,0,0,0,0,WPT Ready,0,0,False,0,0,0,0,0,0,75%,50%,False,0x00,False,63%,0us,0.000V,0.000V,True,False,Charge Active,v01.23.7357,False,False,0x00,0x00,0x00,0x00,0x00,0x00,0x00,200,13,0,0,0,False,1.0V,0.030,1467mV,1,False,False,v01.20.7357
26-05-30 12:11:14.866935,2902,496,1044,620,240,280,1796,200,True,True,True,True,True,True,True,True,2902,496,1044,620,240,280,1796,200,0,0,0,0,0,0,0,0,WPT Ready,0,0,False,0,0,0,0,0,0,75%,50%,False,0x00,False,63%,0us,0.000V,0.000V,True,False,Charge Active,v01.23.7357,False,False,0x00,0x00,0x00,0x00,0x00,0x00,0x00,200,13,0,0,0,False,1.0V,0.030,1467mV,1,False,False,v01.20.7357
26-05-30 12:11:15.087052,2902,496,1044,620,240,280,1796,200,True,True,True,True,True,True,True,True,2902,496,1044,620,240,280,1796,200,0,0,0,0,0,0,0,0,WPT Ready,0,0,False,0,0,0,0,0,0,75%,50%,False,0x00,False,63%,0us,0.000V,0.000V,True,False,Charge Active,v01.23.7357,False,False,0x00,0x00,0x00,0x00,0x00,0x00,0x00,200,13,0,0,0,False,1.0V,0.030,1467mV,1,False,False,v01.20.7357
26-05-30 12:11:15.302136,2902,496,1044,620,240,280,1796,200,True,True,True,True,True,True,True,True,2902,496,1044,620,240,280,1796,200,0,0,0,0,0,0,0,0,WPT Ready,0,0,False,0,0,0,0,0,0,75%,50%,False,0x00,False,63%,0us,0.000V,0.000V,True,False,Charge Active,v01.23.7357,False,False,0x00,0x00,0x00,0x00,0x00,0x00,0x00,200,13,0,0,0,False,1.0V,0.030,1467mV,1,False,False,v01.20.7357
26-05-30 12:11:15.452846,2902,496,1044,620,240,280,1796,200,True,True,True,True,True,True,True,True,2902,496,1044,620,240,280,1796,200,0,0,0,0,0,0,0,0,WPT Ready,0,0,False,0,0,0,0,0,0,75%,50%,False,0x00,False,63%,0us,0.000V,0.000V,True,False,Charge Active,v01.23.7357,False,False,0x00,0x00,0x00,0x00,0x00,0x00,0x00,200,13,0,0,0,False,1.0V,0.030,1467mV,1,False,False,v01.20.7357
26-05-30 12:11:15.640868,2902,496,1044,620,240,280,1796,200,True,True,True,True,True,True,True,True,2902,496,1044,620,240,280,1796,200,0,0,0,0,0,0,0,0,WPT Ready,0,0,False,0,0,0,0,0,0,75%,50%,False,0x00,False,63%,0us,0.000V,0.000V,True,False,Charge Active,v01.23.7357,False,False,0x00,0x00,0x00,0x00,0x00,0x00,0x00,200,13,0,0,0,False,1.0V,0.030,1467mV,1,False,False,v01.20.7357
26-05-30 12:11:15.855877,2902,496,1044,620,240,280,1796,200,True,True,True,True,True,True,True,True,2902,496,1044,620,240,280,1796,200,0,0,0,0,0,0,0,0,WPT Ready,0,0,False,0,0,0,0,0,0,75%,50%,False,0x00,False,63%,0us,0.000V,0.000V,True,False,Charge Active,v01.23.7357,False,False,0x00,0x00,0x00,0x00,0x00,0x00,0x00,200,13,0,0,0,False,1.0V,0.030,1467mV,1,False,False,v01.20.7357
26-05-30 12:11:16.042520,2902,496,1044,620,240,280,1796,200,True,True,True,True,True,True,True,True,2902,496,1044,620,240,280,1796,200,0,0,0,0,0,0,0,0,WPT Ready,0,0,False,0,0,0,0,0,0,75%,50%,False,0x00,False,63%,0us,0.000V,0.000V,True,False,Charge Active,v01.23.7357,False,False,0x00,0x00,0x00,0x00,0x00,0x00,0x00,200,13,0,0,0,False,1.0V,0.030,1467mV,1,False,False,v01.20.7357
26-05-30 12:11:16.265721,2902,496,1044,620,240,280,1796,200,True,True,True,True,True,True,True,True,2902,496,1044,620,240,280,1796,200,0,0,0,0,0,0,0,0,WPT Ready,0,0,False,0,0,0,0,0,0,75%,50%,False,0x00,False,63%,0us,0.000V,0.000V,True,False,Charge Active,v01.23.7357,False,False,0x00,0x00,0x00,0x00,0x00,0x00,0x00,200,13,0,0,0,False,1.0V,0.030,1467mV,1,False,False,v01.20.7357
26-05-30 12:11:16.503449,2902,496,1044,620,240,280,1796,200,True,True,True,True,True,True,True,True,2902,496,1044,620,240,280,1796,200,0,0,0,0,0,0,0,0,WPT Ready,0,0,False,0,0,0,0,0,0,75%,50%,False,0x00,False,63%,0us,0.000V,0.000V,True,False,Charge Active,v01.23.7357,False,False,0x00,0x00,0x00,0x00,0x00,0x00,0x00,200,13,0,0,0,False,1.0V,0.030,1467mV,1,False,False,v01.20.7357
26-05-30 12:11:16.697846,2902,496,1044,620,240,280,1796,200,True,True,True,True,True,True,True,True,2902,496,1044,620,240,280,1796,200,0,0,0,0,0,0,0,0,WPT Ready,0,0,False,0,0,0,0,0,0,75%,50%,False,0x00,False,63%,0us,0.000V,0.000V,True,False,Charge Active,v01.23.7357,False,False,0x00,0x00,0x00,0x00,0x00,0x00,0x00,200,13,0,0,0,False,1.0V,0.030,1467mV,1,False,False,v01.20.7357
26-05-30 12:11:16.838281,2902,496,1044,620,240,280,1796,200,True,True,True,True,True,True,True,True,2902,496,1044,620,240,280,1796,200,0,0,0,0,0,0,0,0,WPT Ready,0,0,False,0,0,0,0,0,0,75%,50%,False,0x00,False,63%,0us,0.000V,0.000V,True,False,Charge Active,v01.23.7357,False,False,0x00,0x00,0x00,0x00,0x00,0x00,0x00,200,13,0,0,0,False,1.0V,0.030,1467mV,1,False,False,v01.20.7357
26-05-30 12:11:17.112611,2902,496,1044,620,240,280,1796,200,True,True,True,True,True,True,True,True,2902,496,1044,620,240,280,1796,200,0,0,0,0,0,0,0,0,WPT Ready,0,0,False,0,0,0,0,0,0,75%,50%,False,0x00,False,63%,0us,0.000V,0.000V,True,False,Charge Active,v01.23.7357,False,False,0x00,0x00,0x00,0x00,0x00,0x00,0x00,200,13,0,0,0,False,1.0V,0.030,1467mV,1,False,False,v01.20.7357
26-05-30 12:11:17.239588,2902,496,1044,620,240,280,1796,200,True,True,True,True,True,True,True,True,2902,496,1044,620,240,280,1796,200,0,0,0,0,0,0,0,0,WPT Ready,0,0,False,0,0,0,0,0,0,75%,50%,False,0x00,False,63%,0us,0.000V,0.000V,True,False,Charge Active,v01.23.7357,False,False,0x00,0x00,0x00,0x00,0x00,0x00,0x00,200,13,0,0,0,False,1.0V,0.030,1467mV,1,False,False,v01.20.7357
26-05-30 12:11:17.451971,2902,496,1044,620,240,280,1796,200,True,True,True,True,True,True,True,True,2902,496,1044,620,240,280,1796,200,0,0,0,0,0,0,0,0,WPT Ready,0,0,False,0,0,0,0,0,0,75%,50%,False,0x00,False,63%,0us,0.000V,0.000V,True,False,Charge Active,v01.23.7357,False,False,0x00,0x00,0x00,0x00,0x00,0x00,0x00,200,13,0,0,0,False,1.0V,0.030,1467mV,1,False,False,v01.20.7357
26-05-30 12:11:17.726730,2902,496,1044,620,240,280,1796,200,True,True,True,True,True,True,True,True,2902,496,1044,620,240,280,1796,200,0,0,0,0,0,0,0,0,WPT Ready,0,0,False,0,0,0,0,0,0,75%,50%,False,0x00,False,63%,0us,0.000V,0.000V,True,False,Charge Active,v01.23.7357,False,False,0x00,0x00,0x00,0x00,0x00,0x00,0x00,200,13,0,0,0,False,1.0V,0.030,1467mV,1,False,False,v01.20.7357
26-05-30 12:11:17.846630,2902,496,1044,620,240,280,1796,200,True,True,True,True,True,True,True,True,2902,496,1044,620,240,280,1796,200,0,0,0,0,0,0,0,0,WPT Ready,0,0,False,0,0,0,0,0,0,75%,50%,False,0x00,False,63%,0us,0.000V,0.000V,True,False,Charge Active,v01.23.7357,False,False,0x00,0x00,0x00,0x00,0x00,0x00,0x00,200,13,0,0,0,False,1.0V,0.030,1467mV,1,False,False,v01.20.7357
26-05-30 12:11:18.048232,2902,496,1044,620,240,280,1796,200,True,True,True,True,True,True,True,True,2902,496,1044,620,240,280,1796,200,0,0,0,0,0,0,0,0,WPT Ready,0,0,False,0,0,0,0,0,0,75%,50%,False,0x00,False,63%,0us,0.000V,0.000V,True,False,Charge Active,v01.23.7357,False,False,0x00,0x00,0x00,0x00,0x00,0x00,0x00,200,13,0,0,0,False,1.0V,0.030,1467mV,1,False,False,v01.20.7357
26-05-30 12:11:18.256431,2902,496,1044,620,240,280,1796,200,True,True,True,True,True,True,True,True,2902,496,1044,620,240,280,1796,200,0,0,0,0,0,0,0,0,WPT Ready,0,0,False,0,0,0,0,0,0,75%,50%,False,0x00,False,63%,0us,0.000V,0.000V,True,False,Charge Active,v01.23.7357,False,False,0x00,0x00,0x00,0x00,0x00,0x00,0x00,200,13,0,0,0,False,1.0V,0.030,1467mV,1,False,False,v01.20.7357
26-05-30 12:11:18.449027,2902,496,1044,620,240,280,1796,200,True,True,True,True,True,True,True,True,2902,496,1044,620,240,280,1796,200,0,0,0,0,0,0,0,0,WPT Ready,0,0,False,0,0,0,0,0,0,75%,50%,False,0x00,False,63%,0us,0.000V,0.000V,True,False,Charge Active,v01.23.7357,False,False,0x00,0x00,0x00,0x00,0x00,0x00,0x00,200,13,0,0,0,False,1.0V,0.030,1467mV,1,False,False,v01.20.7357
26-05-30 12:11:18.660153,2902,496,1044,620,240,280,1796,200,True,True,True,True,True,True,True,True,2902,496,1044,620,240,280,1796,200,0,0,0,0,0,0,0,0,WPT Ready,0,0,False,0,0,0,0,0,0,75%,50%,False,0x00,False,63%,0us,0.000V,0.000V,True,False,Charge Active,v01.23.7357,False,False,0x00,0x00,0x00,0x00,0x00,0x00,0x00,200,13,0,0,0,False,1.0V,0.030,1467mV,1,False,False,v01.20.7357
26-05-30 12:11:18.874349,2902,496,1044,620,240,280,1796,200,True,True,True,True,True,True,True,True,2902,496,1044,620,240,280,1796,200,0,0,0,0,0,0,0,0,WPT Ready,0,0,False,0,0,0,0,0,0,75%,50%,False,0x00,False,63%,0us,0.000V,0.000V,True,False,Charge Active,v01.23.7357,False,False,0x00,0x00,0x00,0x00,0x00,0x00,0x00,200,13,0,0,0,False,1.0V,0.030,1467mV,1,False,False,v01.20.7357
26-05-30 12:11:19.078478,2902,496,1044,620,240,280,1796,200,True,True,True,True,True,True,True,True,2902,496,1044,620,240,280,1796,200,0,0,0,0,0,0,0,0,WPT Ready,0,0,False,0,0,0,0,0,0,75%,50%,False,0x00,False,63%,0us,0.000V,0.000V,True,False,Charge Active,v01.23.7357,False,False,0x00,0x00,0x00,0x00,0x00,0x00,0x00,200,13,0,0,0,False,1.0V,0.030,1467mV,1,False,False,v01.20.7357
26-05-30 12:11:19.289180,2902,496,1044,620,240,280,1796,200,True,True,True,True,True,True,True,True,2902,496,1044,620,240,280,1796,200,0,0,0,0,0,0,0,0,WPT Ready,0,0,False,0,0,0,0,0,0,75%,50%,False,0x00,False,63%,0us,0.000V,0.000V,True,False,Charge Active,v01.23.7357,False,False,0x00,0x00,0x00,0x00,0x00,0x00,0x00,200,13,0,0,0,False,1.0V,0.030,1467mV,1,False,False,v01.20.7357
26-05-30 12:11:19.496986,2902,496,1044,620,240,280,1796,200,True,True,True,True,True,True,True,True,2902,496,1044,620,240,280,1796,200,0,0,0,0,0,0,0,0,WPT Ready,0,0,False,0,0,0,0,0,0,75%,50%,False,0x00,False,63%,0us,0.000V,0.000V,True,False,Charge Active,v01.23.7357,False,False,0x00,0x00,0x00,0x00,0x00,0x00,0x00,200,13,0,0,0,False,1.0V,0.030,1467mV,1,False,False,v01.20.7357
26-05-30 12:11:19.641389,2902,496,1044,620,240,280,1796,200,True,True,True,True,True,True,True,True,2902,496,1044,620,240,280,1796,200,0,0,0,0,0,0,0,0,WPT Ready,0,0,False,0,0,0,0,0,0,75%,50%,False,0x00,False,63%,0us,0.000V,0.000V,True,False,Charge Active,v01.23.7357,False,False,0x00,0x00,0x00,0x00,0x00,0x00,0x00,200,13,0,0,0,False,1.0V,0.030,1467mV,1,False,False,v01.20.7357
26-05-30 12:11:19.871362,2902,496,1044,620,240,280,1796,200,True,True,True,True,True,True,True,True,2902,496,1044,620,240,280,1796,200,0,0,0,0,0,0,0,0,WPT Ready,0,0,False,0,0,0,0,0,0,75%,50%,False,0x00,False,63%,0us,0.000V,0.000V,True,False,Charge Active,v01.23.7357,False,False,0x00,0x00,0x00,0x00,0x00,0x00,0x00,200,13,0,0,0,False,1.0V,0.030,1467mV,1,False,False,v01.20.7357
26-05-30 12:11:20.056105,2902,496,1044,620,240,280,1796,200,True,True,True,True,True,True,True,True,2902,496,1044,620,240,280,1796,200,0,0,0,0,0,0,0,0,WPT Ready,0,0,False,0,0,0,0,0,0,75%,50%,False,0x00,False,63%,0us,0.000V,0.000V,True,False,Charge Active,v01.23.7357,False,False,0x00,0x00,0x00,0x00,0x00,0x00,0x00,200,13,0,0,0,False,1.0V,0.030,1467mV,1,False,False,v01.20.7357
26-05-30 12:11:20.242094,2902,496,1044,620,240,280,1796,200,True,True,True,True,True,True,True,True,2902,496,1044,620,240,280,1796,200,0,0,0,0,0,0,0,0,WPT Ready,0,0,False,0,0,0,0,0,0,75%,50%,False,0x00,False,63%,0us,0.000V,0.000V,True,False,Charge Active,v01.23.7357,False,False,0x00,0x00,0x00,0x00,0x00,0x00,0x00,200,13,0,0,0,False,1.0V,0.030,1467mV,1,False,False,v01.20.7357
26-05-30 12:11:20.468507,2902,496,1044,620,240,280,1796,200,True,True,True,True,True,True,True,True,2902,496,1044,620,240,280,1796,200,0,0,0,0,0,0,0,0,WPT Ready,0,0,False,0,0,0,0,0,0,75%,50%,False,0x00,False,63%,0us,0.000V,0.000V,True,False,Charge Active,v01.23.7357,False,False,0x00,0x00,0x00,0x00,0x00,0x00,0x00,200,13,0,0,0,False,1.0V,0.030,1467mV,1,False,False,v01.20.7357
26-05-30 12:11:20.674463,2902,496,1044,620,240,280,1796,200,True,True,True,True,True,True,True,True,2902,496,1044,620,240,280,1796,200,0,0,0,0,0,0,0,0,WPT Ready,0,0,False,0,0,0,0,0,0,75%,50%,False,0x00,False,63%,0us,0.000V,0.000V,True,False,Charge Active,v01.23.7357,False,False,0x00,0x00,0x00,0x00,0x00,0x00,0x00,200,13,0,0,0,False,1.0V,0.030,1467mV,1,False,False,v01.20.7357
26-05-30 12:11:20.900013,2902,496,1044,620,240,280,1796,200,True,True,True,True,True,True,True,True,2902,496,1044,620,240,280,1796,200,0,0,0,0,0,0,0,0,WPT Ready,0,0,False,0,0,0,0,0,0,75%,50%,False,0x00,False,63%,0us,0.000V,0.000V,True,False,Charge Active,v01.23.7357,False,False,0x00,0x00,0x00,0x00,0x00,0x00,0x00,200,13,0,0,0,False,1.0V,0.030,1467mV,1,False,False,v01.20.7357
26-05-30 12:11:21.092937,2902,496,1044,620,240,280,1796,200,True,True,True,True,True,True,True,True,2902,496,1044,620,240,280,1796,200,0,0,0,0,0,0,0,0,WPT Ready,0,0,False,0,0,0,0,0,0,75%,50%,False,0x00,False,63%,0us,0.000V,0.000V,True,False,Charge Active,v01.23.7357,False,False,0x00,0x00,0x00,0x00,0x00,0x00,0x00,200,13,0,0,0,False,1.0V,0.030,1467mV,1,False,False,v01.20.7357
26-05-30 12:11:21.255278,2902,496,1044,620,240,280,1796,200,True,True,True,True,True,True,True,True,2902,496,1044,620,240,280,1796,200,0,0,0,0,0,0,0,0,WPT Ready,0,0,False,0,0,0,0,0,0,75%,50%,False,0x00,False,63%,0us,0.000V,0.000V,True,False,Charge Active,v01.23.7357,False,False,0x00,0x00,0x00,0x00,0x00,0x00,0x00,200,13,0,0,0,False,1.0V,0.030,1467mV,1,False,False,v01.20.7357
26-05-30 12:11:21.456067,2902,496,1044,620,240,280,1796,200,True,True,True,True,True,True,True,True,2902,496,1044,620,240,280,1796,200,0,0,0,0,0,0,0,0,WPT Ready,0,0,False,0,0,0,0,0,0,75%,50%,False,0x00,False,63%,0us,0.000V,0.000V,True,False,Charge Active,v01.23.7357,False,False,0x00,0x00,0x00,0x00,0x00,0x00,0x00,200,13,0,0,0,False,1.0V,0.030,1467mV,1,False,False,v01.20.7357
26-05-30 12:11:21.660064,2902,496,1044,620,240,280,1796,200,True,True,True,True,True,True,True,True,2902,496,1044,620,240,280,1796,200,0,0,0,0,0,0,0,0,WPT Ready,0,0,False,0,0,0,0,0,0,75%,50%,False,0x00,False,63%,0us,0.000V,0.000V,True,False,Charge Active,v01.23.7357,False,False,0x00,0x00,0x00,0x00,0x00,0x00,0x00,200,13,0,0,0,False,1.0V,0.030,1467mV,1,False,False,v01.20.7357
26-05-30 12:11:21.840109,2902,496,1044,620,240,280,1796,200,True,True,True,True,True,True,True,True,2902,496,1044,620,240,280,1796,200,0,0,0,0,0,0,0,0,WPT Ready,0,0,False,0,0,0,0,0,0,75%,50%,False,0x00,False,63%,0us,0.000V,0.000V,True,False,Charge Active,v01.23.7357,False,False,0x00,0x00,0x00,0x00,0x00,0x00,0x00,200,13,0,0,0,False,1.0V,0.030,1467mV,1,False,False,v01.20.7357
26-05-30 12:11:22.055100,2902,496,1044,620,240,280,1796,200,True,True,True,True,True,True,True,True,2902,496,1044,620,240,280,1796,200,0,0,0,0,0,0,0,0,WPT Ready,0,0,False,0,0,0,0,0,0,75%,50%,False,0x00,False,63%,0us,0.000V,0.000V,True,False,Charge Active,v01.23.7357,False,False,0x00,0x00,0x00,0x00,0x00,0x00,0x00,200,13,0,0,0,False,1.0V,0.030,1467mV,1,False,False,v01.20.7357
26-05-30 12:11:22.293636,2902,496,1044,620,240,280,1796,200,True,True,True,True,True,True,True,True,2902,496,1044,620,240,280,1796,200,0,0,0,0,0,0,0,0,WPT Ready,0,0,False,0,0,0,0,0,0,75%,50%,False,0x00,False,63%,0us,0.000V,0.000V,True,False,Charge Active,v01.23.7357,False,False,0x00,0x00,0x00,0x00,0x00,0x00,0x00,200,13,0,0,0,False,1.0V,0.030,1467mV,1,False,False,v01.20.7357
26-05-30 12:11:22.501862,2902,496,1044,620,240,280,1796,200,True,True,True,True,True,True,True,True,2902,496,1044,620,240,280,1796,200,0,0,0,0,0,0,0,0,WPT Ready,0,0,False,0,0,0,0,0,0,75%,50%,False,0x00,False,63%,0us,0.000V,0.000V,True,False,Charge Active,v01.23.7357,False,False,0x00,0x00,0x00,0x00,0x00,0x00,0x00,200,13,0,0,0,False,1.0V,0.030,1467mV,1,False,False,v01.20.7357
26-05-30 12:11:22.665799,2902,496,1044,620,240,280,1796,200,True,True,True,True,True,True,True,True,2902,496,1044,620,240,280,1796,200,0,0,0,0,0,0,0,0,WPT Ready,0,0,False,0,0,0,0,0,0,75%,50%,False,0x00,False,63%,0us,0.000V,0.000V,True,False,Charge Active,v01.23.7357,False,False,0x00,0x00,0x00,0x00,0x00,0x00,0x00,200,13,0,0,0,False,1.0V,0.030,1467mV,1,False,False,v01.20.7357
26-05-30 12:11:22.856419,2902,496,1044,620,240,280,1796,200,True,True,True,True,True,True,True,True,2902,496,1044,620,240,280,1796,200,0,0,0,0,0,0,0,0,WPT Ready,0,0,False,0,0,0,0,0,0,75%,50%,False,0x00,False,63%,0us,0.000V,0.000V,True,False,Charge Active,v01.23.7357,False,False,0x00,0x00,0x00,0x00,0x00,0x00,0x00,200,13,0,0,0,False,1.0V,0.030,1467mV,1,False,False,v01.20.7357
26-05-30 12:11:23.049655,2902,496,1044,620,240,280,1796,200,True,True,True,True,True,True,True,True,2902,496,1044,620,240,280,1796,200,0,0,0,0,0,0,0,0,WPT Ready,0,0,False,0,0,0,0,0,0,75%,50%,False,0x00,False,63%,0us,0.000V,0.000V,True,False,Charge Active,v01.23.7357,False,False,0x00,0x00,0x00,0x00,0x00,0x00,0x00,200,13,0,0,0,False,1.0V,0.030,1467mV,1,False,False,v01.20.7357
26-05-30 12:11:23.245214,2902,496,1044,620,240,280,1796,200,True,True,True,True,True,True,True,True,2902,496,1044,620,240,280,1796,200,0,0,0,0,0,0,0,0,WPT Ready,0,0,False,0,0,0,0,0,0,75%,50%,False,0x00,False,63%,0us,0.000V,0.000V,True,False,Charge Active,v01.23.7357,False,False,0x00,0x00,0x00,0x00,0x00,0x00,0x00,200,13,0,0,0,False,1.0V,0.030,1467mV,1,False,False,v01.20.7357
26-05-30 12:11:23.466001,2902,496,1044,620,240,280,1796,200,True,True,True,True,True,True,True,True,2902,496,1044,620,240,280,1796,200,0,0,0,0,0,0,0,0,WPT Ready,0,0,False,0,0,0,0,0,0,75%,50%,False,0x00,False,63%,0us,0.000V,0.000V,True,False,Charge Active,v01.23.7357,False,False,0x00,0x00,0x00,0x00,0x00,0x00,0x00,200,13,0,0,0,False,1.0V,0.030,1467mV,1,False,False,v01.20.7357
26-05-30 12:11:23.658210,2902,496,1044,620,240,280,1796,200,True,True,True,True,True,True,True,True,2902,496,1044,620,240,280,1796,200,0,0,0,0,0,0,0,0,WPT Ready,0,0,False,0,0,0,0,0,0,75%,50%,False,0x00,False,63%,0us,0.000V,0.000V,True,False,Charge Active,v01.23.7357,False,False,0x00,0x00,0x00,0x00,0x00,0x00,0x00,200,13,0,0,0,False,1.0V,0.030,1467mV,1,False,False,v01.20.7357
26-05-30 12:11:23.885635,2902,496,1044,620,240,280,1796,200,True,True,True,True,True,True,True,True,2902,496,1044,620,240,280,1796,200,0,0,0,0,0,0,0,0,WPT Ready,0,0,False,0,0,0,0,0,0,75%,50%,False,0x00,False,63%,0us,0.000V,0.000V,True,False,Charge Active,v01.23.7357,False,False,0x00,0x00,0x00,0x00,0x00,0x00,0x00,200,13,0,0,0,False,1.0V,0.030,1467mV,1,False,False,v01.20.7357
26-05-30 12:11:24.103148,2902,496,1044,620,240,280,1796,200,True,True,True,True,True,True,True,True,2902,496,1044,620,240,280,1796,200,0,0,0,0,0,0,0,0,WPT Ready,0,0,False,0,0,0,0,0,0,75%,50%,False,0x00,False,63%,0us,0.000V,0.000V,True,False,Charge Active,v01.23.7357,False,False,0x00,0x00,0x00,0x00,0x00,0x00,0x00,200,13,0,0,0,False,1.0V,0.030,1467mV,1,False,False,v01.20.7357
26-05-30 12:11:24.254345,2902,496,1044,620,240,280,1796,200,True,True,True,True,True,True,True,True,2902,496,1044,620,240,280,1796,200,0,0,0,0,0,0,0,0,WPT Ready,0,0,False,0,0,0,0,0,0,75%,50%,False,0x00,False,63%,0us,0.000V,0.000V,True,False,Charge Active,v01.23.7357,False,False,0x00,0x00,0x00,0x00,0x00,0x00,0x00,200,13,0,0,0,False,1.0V,0.030,1467mV,1,False,False,v01.20.7357
26-05-30 12:11:24.458523,2902,496,1044,620,240,280,1796,200,True,True,True,True,True,True,True,True,2902,496,1044,620,240,280,1796,200,0,0,0,0,0,0,0,0,WPT Ready,0,0,False,0,0,0,0,0,0,75%,50%,False,0x00,False,63%,0us,0.000V,0.000V,True,False,Charge Active,v01.23.7357,False,False,0x00,0x00,0x00,0x00,0x00,0x00,0x00,200,13,0,0,0,False,1.0V,0.030,1467mV,1,False,False,v01.20.7357
26-05-30 12:11:24.641548,2902,496,1044,620,240,280,1796,200,True,True,True,True,True,True,True,True,2902,496,1044,620,240,280,1796,200,0,0,0,0,0,0,0,0,WPT Ready,0,0,False,0,0,0,0,0,0,75%,50%,False,0x00,False,63%,0us,0.000V,0.000V,True,False,Charge Active,v01.23.7357,False,False,0x00,0x00,0x00,0x00,0x00,0x00,0x00,200,13,0,0,0,False,1.0V,0.030,1467mV,1,False,False,v01.20.7357
26-05-30 12:11:24.857010,2902,496,1044,620,240,280,1796,200,True,True,True,True,True,True,True,True,2902,496,1044,620,240,280,1796,200,0,0,0,0,0,0,0,0,WPT Ready,0,0,False,0,0,0,0,0,0,75%,50%,False,0x00,False,63%,0us,0.000V,0.000V,True,False,Charge Active,v01.23.7357,False,False,0x00,0x00,0x00,0x00,0x00,0x00,0x00,200,13,0,0,0,False,1.0V,0.030,1467mV,1,False,False,v01.20.7357
26-05-30 12:11:25.081040,2902,496,1044,620,240,280,1796,200,True,True,True,True,True,True,True,True,2902,496,1044,620,240,280,1796,200,0,0,0,0,0,0,0,0,WPT Ready,0,0,False,0,0,0,0,0,0,75%,50%,False,0x00,False,63%,0us,0.000V,0.000V,True,False,Charge Active,v01.23.7357,False,False,0x00,0x00,0x00,0x00,0x00,0x00,0x00,200,13,0,0,0,False,1.0V,0.030,1467mV,1,False,False,v01.20.7357
26-05-30 12:11:25.265081,2902,496,1044,620,240,280,1796,200,True,True,True,True,True,True,True,True,2902,496,1044,620,240,280,1796,200,0,0,0,0,0,0,0,0,WPT Ready,0,0,False,0,0,0,0,0,0,75%,50%,False,0x00,False,63%,0us,0.000V,0.000V,True,False,Charge Active,v01.23.7357,False,False,0x00,0x00,0x00,0x00,0x00,0x00,0x00,200,13,0,0,0,False,1.0V,0.030,1467mV,1,False,False,v01.20.7357
26-05-30 12:11:25.507854,2902,496,1044,620,240,280,1796,200,True,True,True,True,True,True,True,True,2902,496,1044,620,240,280,1796,200,0,0,0,0,0,0,0,0,WPT Ready,0,0,False,0,0,0,0,0,0,75%,50%,False,0x00,False,63%,0us,0.000V,0.000V,True,False,Charge Active,v01.23.7357,False,False,0x00,0x00,0x00,0x00,0x00,0x00,0x00,200,13,0,0,0,False,1.0V,0.030,1467mV,1,False,False,v01.20.7357
26-05-30 12:11:25.668582,2902,496,1044,620,240,280,1796,200,True,True,True,True,True,True,True,True,2902,496,1044,620,240,280,1796,200,0,0,0,0,0,0,0,0,WPT Ready,0,0,False,0,0,0,0,0,0,75%,50%,False,0x00,False,63%,0us,0.000V,0.000V,True,False,Charge Active,v01.23.7357,False,False,0x00,0x00,0x00,0x00,0x00,0x00,0x00,200,13,0,0,0,False,1.0V,0.030,1467mV,1,False,False,v01.20.7357
26-05-30 12:11:25.882931,2902,496,1044,620,240,280,1796,200,True,True,True,True,True,True,True,True,2902,496,1044,620,240,280,1796,200,0,0,0,0,0,0,0,0,WPT Ready,0,0,False,0,0,0,0,0,0,75%,50%,False,0x00,False,63%,0us,0.000V,0.000V,True,False,Charge Active,v01.23.7357,False,False,0x00,0x00,0x00,0x00,0x00,0x00,0x00,200,13,0,0,0,False,1.0V,0.030,1467mV,1,False,False,v01.20.7357
26-05-30 12:11:26.063936,2902,496,1044,620,240,280,1796,200,True,True,True,True,True,True,True,True,2902,496,1044,620,240,280,1796,200,0,0,0,0,0,0,0,0,WPT Ready,0,0,False,0,0,0,0,0,0,75%,50%,False,0x00,False,63%,0us,0.000V,0.000V,True,False,Charge Active,v01.23.7357,False,False,0x00,0x00,0x00,0x00,0x00,0x00,0x00,200,13,0,0,0,False,1.0V,0.030,1467mV,1,False,False,v01.20.7357
26-05-30 12:11:26.304110,2902,496,1044,620,240,280,1796,200,True,True,True,True,True,True,True,True,2902,496,1044,620,240,280,1796,200,0,0,0,0,0,0,0,0,WPT Ready,0,0,False,0,0,0,0,0,0,75%,50%,False,0x00,False,63%,0us,0.000V,0.000V,True,False,Charge Active,v01.23.7357,False,False,0x00,0x00,0x00,0x00,0x00,0x00,0x00,200,13,0,0,0,False,1.0V,0.030,1467mV,1,False,False,v01.20.7357
26-05-30 12:11:26.525803,2902,496,1044,620,240,280,1796,200,True,True,True,True,True,True,True,True,2902,496,1044,620,240,280,1796,200,0,0,0,0,0,0,0,0,WPT Ready,0,0,False,0,0,0,0,0,0,75%,50%,False,0x00,False,63%,0us,0.000V,0.000V,True,False,Charge Active,v01.23.7357,False,False,0x00,0x00,0x00,0x00,0x00,0x00,0x00,200,13,0,0,0,False,1.0V,0.030,1467mV,1,False,False,v01.20.7357
26-05-30 12:11:26.654869,2902,496,1044,620,240,280,1796,200,True,True,True,True,True,True,True,True,2902,496,1044,620,240,280,1796,200,0,0,0,0,0,0,0,0,WPT Ready,0,0,False,0,0,0,0,0,0,75%,50%,False,0x00,False,63%,0us,0.000V,0.000V,True,False,Charge Active,v01.23.7357,False,False,0x00,0x00,0x00,0x00,0x00,0x00,0x00,200,13,0,0,0,False,1.0V,0.030,1467mV,1,False,False,v01.20.7357
26-05-30 12:11:26.860215,2902,496,1044,620,240,280,1796,200,True,True,True,True,True,True,True,True,2902,496,1044,620,240,280,1796,200,0,0,0,0,0,0,0,0,WPT Ready,0,0,False,0,0,0,0,0,0,75%,50%,False,0x00,False,63%,0us,0.000V,0.000V,True,False,Charge Active,v01.23.7357,False,False,0x00,0x00,0x00,0x00,0x00,0x00,0x00,200,13,0,0,0,False,1.0V,0.030,1467mV,1,False,False,v01.20.7357
26-05-30 12:11:27.090999,2902,496,1044,620,240,280,1796,200,True,True,True,True,True,True,True,True,2902,496,1044,620,240,280,1796,200,0,0,0,0,0,0,0,0,WPT Ready,0,0,False,0,0,0,0,0,0,75%,50%,False,0x00,False,63%,0us,0.000V,0.000V,True,False,Charge Active,v01.23.7357,False,False,0x00,0x00,0x00,0x00,0x00,0x00,0x00,200,13,0,0,0,False,1.0V,0.030,1467mV,1,False,False,v01.20.7357
26-05-30 12:11:27.280940,2902,496,1044,620,240,280,1796,200,True,True,True,True,True,True,True,True,2902,496,1044,620,240,280,1796,200,0,0,0,0,0,0,0,0,WPT Ready,0,0,False,0,0,0,0,0,0,75%,50%,False,0x00,False,63%,0us,0.000V,0.000V,True,False,Charge Active,v01.23.7357,False,False,0x00,0x00,0x00,0x00,0x00,0x00,0x00,200,13,0,0,0,False,1.0V,0.030,1467mV,1,False,False,v01.20.7357
26-05-30 12:11:27.440869,2902,496,1044,620,240,280,1796,200,True,True,True,True,True,True,True,True,2902,496,1044,620,240,280,1796,200,0,0,0,0,0,0,0,0,WPT Ready,0,0,False,0,0,0,0,0,0,75%,50%,False,0x00,False,63%,0us,0.000V,0.000V,True,False,Charge Active,v01.23.7357,False,False,0x00,0x00,0x00,0x00,0x00,0x00,0x00,200,13,0,0,0,False,1.0V,0.030,1467mV,1,False,False,v01.20.7357
26-05-30 12:11:27.660707,2902,496,1044,620,240,280,1796,200,True,True,True,True,True,True,True,True,2902,496,1044,620,240,280,1796,200,0,0,0,0,0,0,0,0,WPT Ready,0,0,False,0,0,0,0,0,0,75%,50%,False,0x00,False,63%,0us,0.000V,0.000V,True,False,Charge Active,v01.23.7357,False,False,0x00,0x00,0x00,0x00,0x00,0x00,0x00,200,13,0,0,0,False,1.0V,0.030,1467mV,1,False,False,v01.20.7357
26-05-30 12:11:27.858221,2902,496,1044,620,240,280,1796,200,True,True,True,True,True,True,True,True,2902,496,1044,620,240,280,1796,200,0,0,0,0,0,0,0,0,WPT Ready,0,0,False,0,0,0,0,0,0,75%,50%,False,0x00,False,63%,0us,0.000V,0.000V,True,False,Charge Active,v01.23.7357,False,False,0x00,0x00,0x00,0x00,0x00,0x00,0x00,200,13,0,0,0,False,1.0V,0.030,1467mV,1,False,False,v01.20.7357
26-05-30 12:11:28.044035,2902,496,1044,620,240,280,1796,200,True,True,True,True,True,True,True,True,2902,496,1044,620,240,280,1796,200,0,0,0,0,0,0,0,0,WPT Ready,0,0,False,0,0,0,0,0,0,75%,50%,False,0x00,False,63%,0us,0.000V,0.000V,True,False,Charge Active,v01.23.7357,False,False,0x00,0x00,0x00,0x00,0x00,0x00,0x00,200,13,0,0,0,False,1.0V,0.030,1467mV,1,False,False,v01.20.7357
26-05-30 12:11:28.256748,2902,496,1044,620,240,280,1796,200,True,True,True,True,True,True,True,True,2902,496,1044,620,240,280,1796,200,0,0,0,0,0,0,0,0,WPT Ready,0,0,False,0,0,0,0,0,0,75%,50%,False,0x00,False,63%,0us,0.000V,0.000V,True,False,Charge Active,v01.23.7357,False,False,0x00,0x00,0x00,0x00,0x00,0x00,0x00,200,13,0,0,0,False,1.0V,0.030,1467mV,1,False,False,v01.20.7357
26-05-30 12:11:28.490145,2902,496,1044,620,240,280,1796,200,True,True,True,True,True,True,True,True,2902,496,1044,620,240,280,1796,200,0,0,0,0,0,0,0,0,WPT Ready,0,0,False,0,0,0,0,0,0,75%,50%,False,0x00,False,63%,0us,0.000V,0.000V,True,False,Charge Active,v01.23.7357,False,False,0x00,0x00,0x00,0x00,0x00,0x00,0x00,200,13,0,0,0,False,1.0V,0.030,1467mV,1,False,False,v01.20.7357
26-05-30 12:11:28.669450,2902,496,1044,620,240,280,1796,200,True,True,True,True,True,True,True,True,2902,496,1044,620,240,280,1796,200,0,0,0,0,0,0,0,0,WPT Ready,0,0,False,0,0,0,0,0,0,75%,50%,False,0x00,False,63%,0us,0.000V,0.000V,True,False,Charge Active,v01.23.7357,False,False,0x00,0x00,0x00,0x00,0x00,0x00,0x00,200,13,0,0,0,False,1.0V,0.030,1467mV,1,False,False,v01.20.7357
26-05-30 12:11:28.870797,2902,496,1044,620,240,280,1796,200,True,True,True,True,True,True,True,True,2902,496,1044,620,240,280,1796,200,0,0,0,0,0,0,0,0,WPT Ready,0,0,False,0,0,0,0,0,0,75%,50%,False,0x00,False,63%,0us,0.000V,0.000V,True,False,Charge Active,v01.23.7357,False,False,0x00,0x00,0x00,0x00,0x00,0x00,0x00,200,13,0,0,0,False,1.0V,0.030,1467mV,1,False,False,v01.20.7357
26-05-30 12:11:29.103615,2902,496,1044,620,240,280,1796,200,True,True,True,True,True,True,True,True,2902,496,1044,620,240,280,1796,200,0,0,0,0,0,0,0,0,WPT Ready,0,0,False,0,0,0,0,0,0,75%,50%,False,0x00,False,63%,0us,0.000V,0.000V,True,False,Charge Active,v01.23.7357,False,False,0x00,0x00,0x00,0x00,0x00,0x00,0x00,200,13,0,0,0,False,1.0V,0.030,1467mV,1,False,False,v01.20.7357
26-05-30 12:11:29.245268,2902,496,1044,620,240,280,1796,200,True,True,True,True,True,True,True,True,2902,496,1044,620,240,280,1796,200,0,0,0,0,0,0,0,0,WPT Ready,0,0,False,0,0,0,0,0,0,75%,50%,False,0x00,False,63%,0us,0.000V,0.000V,True,False,Charge Active,v01.23.7357,False,False,0x00,0x00,0x00,0x00,0x00,0x00,0x00,200,13,0,0,0,False,1.0V,0.030,1467mV,1,False,False,v01.20.7357
26-05-30 12:11:29.462556,2902,496,1044,620,240,280,1796,200,True,True,True,True,True,True,True,True,2902,496,1044,620,240,280,1796,200,0,0,0,0,0,0,0,0,WPT Ready,0,0,False,0,0,0,0,0,0,75%,50%,False,0x00,False,63%,0us,0.000V,0.000V,True,False,Charge Active,v01.23.7357,False,False,0x00,0x00,0x00,0x00,0x00,0x00,0x00,200,13,0,0,0,False,1.0V,0.030,1467mV,1,False,False,v01.20.7357
26-05-30 12:11:29.751551,2902,496,1044,620,240,280,1796,200,True,True,True,True,True,True,True,True,2902,496,1044,620,240,280,1796,200,0,0,0,0,0,0,0,0,WPT Ready,0,0,False,0,0,0,0,0,0,75%,50%,False,0x00,False,63%,0us,0.000V,0.000V,True,False,Charge Active,v01.23.7357,False,False,0x00,0x00,0x00,0x00,0x00,0x00,0x00,200,13,0,0,0,False,1.0V,0.030,1467mV,1,False,False,v01.20.7357
26-05-30 12:11:29.866900,2902,496,1044,620,240,280,1796,200,True,True,True,True,True,True,True,True,2902,496,1044,620,240,280,1796,200,0,0,0,0,0,0,0,0,WPT Ready,0,0,False,0,0,0,0,0,0,75%,50%,False,0x00,False,63%,0us,0.000V,0.000V,True,False,Charge Active,v01.23.7357,False,False,0x00,0x00,0x00,0x00,0x00,0x00,0x00,200,13,0,0,0,False,1.0V,0.030,1467mV,1,False,False,v01.20.7357
26-05-30 12:11:30.078656,2902,496,1044,620,240,280,1796,200,True,True,True,True,True,True,True,True,2902,496,1044,620,240,280,1796,200,0,0,0,0,0,0,0,0,WPT Ready,0,0,False,0,0,0,0,0,0,75%,50%,False,0x00,False,63%,0us,0.000V,0.000V,True,False,Charge Active,v01.23.7357,False,False,0x00,0x00,0x00,0x00,0x00,0x00,0x00,200,13,0,0,0,False,1.0V,0.030,1467mV,1,False,False,v01.20.7357
26-05-30 12:11:30.302028,2902,496,1044,620,240,280,1796,200,True,True,True,True,True,True,True,True,2902,496,1044,620,240,280,1796,200,0,0,0,0,0,0,0,0,WPT Ready,0,0,False,0,0,0,0,0,0,75%,50%,False,0x00,False,63%,0us,0.000V,0.000V,True,False,Charge Active,v01.23.7357,False,False,0x00,0x00,0x00,0x00,0x00,0x00,0x00,200,13,0,0,0,False,1.0V,0.030,1467mV,1,False,False,v01.20.7357
26-05-30 12:11:30.460020,2902,496,1044,620,240,280,1796,200,True,True,True,True,True,True,True,True,2902,496,1044,620,240,280,1796,200,0,0,0,0,0,0,0,0,WPT Ready,0,0,False,0,0,0,0,0,0,75%,50%,False,0x00,False,63%,0us,0.000V,0.000V,True,False,Charge Active,v01.23.7357,False,False,0x00,0x00,0x00,0x00,0x00,0x00,0x00,200,13,0,0,0,False,1.0V,0.030,1467mV,1,False,False,v01.20.7357
26-05-30 12:11:30.658530,2902,496,1044,620,240,280,1796,200,True,True,True,True,True,True,True,True,2902,496,1044,620,240,280,1796,200,0,0,0,0,0,0,0,0,WPT Ready,0,0,False,0,0,0,0,0,0,75%,50%,False,0x00,False,63%,0us,0.000V,0.000V,True,False,Charge Active,v01.23.7357,False,False,0x00,0x00,0x00,0x00,0x00,0x00,0x00,200,13,0,0,0,False,1.0V,0.030,1467mV,1,False,False,v01.20.7357
26-05-30 12:11:30.842519,2902,496,1044,620,240,280,1796,200,True,True,True,True,True,True,True,True,2902,496,1044,620,240,280,1796,200,0,0,0,0,0,0,0,0,WPT Ready,0,0,False,0,0,0,0,0,0,75%,50%,False,0x00,False,63%,0us,0.000V,0.000V,True,False,Charge Active,v01.23.7357,False,False,0x00,0x00,0x00,0x00,0x00,0x00,0x00,200,13,0,0,0,False,1.0V,0.030,1467mV,1,False,False,v01.20.7357
26-05-30 12:11:31.051410,2902,496,1044,620,240,280,1796,200,True,True,True,True,True,True,True,True,2902,496,1044,620,240,280,1796,200,0,0,0,0,0,0,0,0,WPT Ready,0,0,False,0,0,0,0,0,0,75%,50%,False,0x00,False,63%,0us,0.000V,0.000V,True,False,Charge Active,v01.23.7357,False,False,0x00,0x00,0x00,0x00,0x00,0x00,0x00,200,13,0,0,0,False,1.0V,0.030,1467mV,1,False,False,v01.20.7357
26-05-30 12:11:31.272257,2902,496,1044,620,240,280,1796,200,True,True,True,True,True,True,True,True,2902,496,1044,620,240,280,1796,200,0,0,0,0,0,0,0,0,WPT Ready,0,0,False,0,0,0,0,0,0,75%,50%,False,0x00,False,63%,0us,0.000V,0.000V,True,False,Charge Active,v01.23.7357,False,False,0x00,0x00,0x00,0x00,0x00,0x00,0x00,200,13,0,0,0,False,1.0V,0.030,1467mV,1,False,False,v01.20.7357
26-05-30 12:11:31.492001,2902,496,1044,620,240,280,1796,200,True,True,True,True,True,True,True,True,2902,496,1044,620,240,280,1796,200,0,0,0,0,0,0,0,0,WPT Ready,0,0,False,0,0,0,0,0,0,75%,50%,False,0x00,False,63%,0us,0.000V,0.000V,True,False,Charge Active,v01.23.7357,False,False,0x00,0x00,0x00,0x00,0x00,0x00,0x00,200,13,0,0,0,False,1.0V,0.030,1467mV,1,False,False,v01.20.7357
26-05-30 12:11:31.709280,2902,496,1044,620,240,280,1796,200,True,True,True,True,True,True,True,True,2902,496,1044,620,240,280,1796,200,0,0,0,0,0,0,0,0,WPT Ready,0,0,False,0,0,0,0,0,0,75%,50%,False,0x00,False,63%,0us,0.000V,0.000V,True,False,Charge Active,v01.23.7357,False,False,0x00,0x00,0x00,0x00,0x00,0x00,0x00,200,13,0,0,0,False,1.0V,0.030,1467mV,1,False,False,v01.20.7357
26-05-30 12:11:31.844096,2902,496,1044,620,240,280,1796,200,True,True,True,True,True,True,True,True,2902,496,1044,620,240,280,1796,200,0,0,0,0,0,0,0,0,WPT Ready,0,0,False,0,0,0,0,0,0,75%,50%,False,0x00,False,63%,0us,0.000V,0.000V,True,False,Charge Active,v01.23.7357,False,False,0x00,0x00,0x00,0x00,0x00,0x00,0x00,200,13,0,0,0,False,1.0V,0.030,1467mV,1,False,False,v01.20.7357
26-05-30 12:11:32.053510,2902,496,1044,620,240,280,1796,200,True,True,True,True,True,True,True,True,2902,496,1044,620,240,280,1796,200,0,0,0,0,0,0,0,0,WPT Ready,0,0,False,0,0,0,0,0,0,75%,50%,False,0x00,False,63%,0us,0.000V,0.000V,True,False,Charge Active,v01.23.7357,False,False,0x00,0x00,0x00,0x00,0x00,0x00,0x00,200,13,0,0,0,False,1.0V,0.030,1467mV,1,False,False,v01.20.7357
26-05-30 12:11:32.241629,2902,496,1044,620,240,280,1796,200,True,True,True,True,True,True,True,True,2902,496,1044,620,240,280,1796,200,0,0,0,0,0,0,0,0,WPT Ready,0,0,False,0,0,0,0,0,0,75%,50%,False,0x00,False,63%,0us,0.000V,0.000V,True,False,Charge Active,v01.23.7357,False,False,0x00,0x00,0x00,0x00,0x00,0x00,0x00,200,13,0,0,0,False,1.0V,0.030,1467mV,1,False,False,v01.20.7357
26-05-30 12:11:32.439733,2902,496,1044,620,240,280,1796,200,True,True,True,True,True,True,True,True,2902,496,1044,620,240,280,1796,200,0,0,0,0,0,0,0,0,WPT Ready,0,0,False,0,0,0,0,0,0,75%,50%,False,0x00,False,63%,0us,0.000V,0.000V,True,False,Charge Active,v01.23.7357,False,False,0x00,0x00,0x00,0x00,0x00,0x00,0x00,200,13,0,0,0,False,1.0V,0.030,1467mV,1,False,False,v01.20.7357
26-05-30 12:11:32.668514,2902,496,1044,620,240,280,1796,200,True,True,True,True,True,True,True,True,2902,496,1044,620,240,280,1796,200,0,0,0,0,0,0,0,0,WPT Ready,0,0,False,0,0,0,0,0,0,75%,50%,False,0x00,False,63%,0us,0.000V,0.000V,True,False,Charge Active,v01.23.7357,False,False,0x00,0x00,0x00,0x00,0x00,0x00,0x00,200,13,0,0,0,False,1.0V,0.030,1467mV,1,False,False,v01.20.7357
26-05-30 12:11:32.878377,2902,496,1044,620,240,280,1796,200,True,True,True,True,True,True,True,True,2902,496,1044,620,240,280,1796,200,0,0,0,0,0,0,0,0,WPT Ready,0,0,False,0,0,0,0,0,0,75%,50%,False,0x00,False,63%,0us,0.000V,0.000V,True,False,Charge Active,v01.23.7357,False,False,0x00,0x00,0x00,0x00,0x00,0x00,0x00,200,13,0,0,0,False,1.0V,0.030,1467mV,1,False,False,v01.20.7357
26-05-30 12:11:33.040380,2902,496,1044,620,240,280,1796,200,True,True,True,True,True,True,True,True,2902,496,1044,620,240,280,1796,200,0,0,0,0,0,0,0,0,WPT Ready,0,0,False,0,0,0,0,0,0,75%,50%,False,0x00,False,63%,0us,0.000V,0.000V,True,False,Charge Active,v01.23.7357,False,False,0x00,0x00,0x00,0x00,0x00,0x00,0x00,200,13,0,0,0,False,1.0V,0.030,1467mV,1,False,False,v01.20.7357
26-05-30 12:11:33.317083,2902,496,1044,620,240,280,1796,200,True,True,True,True,True,True,True,True,2902,496,1044,620,240,280,1796,200,0,0,0,0,0,0,0,0,WPT Ready,0,0,False,0,0,0,0,0,0,75%,50%,False,0x00,False,63%,0us,0.000V,0.000V,True,False,Charge Active,v01.23.7357,False,False,0x00,0x00,0x00,0x00,0x00,0x00,0x00,200,13,0,0,0,False,1.0V,0.030,1467mV,1,False,False,v01.20.7357
26-05-30 12:11:33.462193,2902,496,1044,620,240,280,1796,200,True,True,True,True,True,True,True,True,2902,496,1044,620,240,280,1796,200,0,0,0,0,0,0,0,0,WPT Ready,0,0,False,0,0,0,0,0,0,75%,50%,False,0x00,False,63%,0us,0.000V,0.000V,True,False,Charge Active,v01.23.7357,False,False,0x00,0x00,0x00,0x00,0x00,0x00,0x00,200,13,0,0,0,False,1.0V,0.030,1467mV,1,False,False,v01.20.7357
26-05-30 12:11:33.665646,2902,496,1044,620,240,280,1796,200,True,True,True,True,True,True,True,True,2902,496,1044,620,240,280,1796,200,0,0,0,0,0,0,0,0,WPT Ready,0,0,False,0,0,0,0,0,0,75%,50%,False,0x00,False,63%,0us,0.000V,0.000V,True,False,Charge Active,v01.23.7357,False,False,0x00,0x00,0x00,0x00,0x00,0x00,0x00,200,13,0,0,0,False,1.0V,0.030,1467mV,1,False,False,v01.20.7357
26-05-30 12:11:33.873730,2902,496,1044,620,240,280,1796,200,True,True,True,True,True,True,True,True,2902,496,1044,620,240,280,1796,200,0,0,0,0,0,0,0,0,WPT Ready,0,0,False,0,0,0,0,0,0,75%,50%,False,0x00,False,63%,0us,0.000V,0.000V,True,False,Charge Active,v01.23.7357,False,False,0x00,0x00,0x00,0x00,0x00,0x00,0x00,200,13,0,0,0,False,1.0V,0.030,1467mV,1,False,False,v01.20.7357
26-05-30 12:11:34.068585,2902,496,1044,620,240,280,1796,200,True,True,True,True,True,True,True,True,2902,496,1044,620,240,280,1796,200,0,0,0,0,0,0,0,0,WPT Ready,0,0,False,0,0,0,0,0,0,75%,50%,False,0x00,False,63%,0us,0.000V,0.000V,True,False,Charge Active,v01.23.7357,False,False,0x00,0x00,0x00,0x00,0x00,0x00,0x00,200,13,0,0,0,False,1.0V,0.030,1467mV,1,False,False,v01.20.7357
26-05-30 12:11:34.259972,2902,496,1044,620,240,280,1796,200,True,True,True,True,True,True,True,True,2902,496,1044,620,240,280,1796,200,0,0,0,0,0,0,0,0,WPT Ready,0,0,False,0,0,0,0,0,0,75%,50%,False,0x00,False,63%,0us,0.000V,0.000V,True,False,Charge Active,v01.23.7357,False,False,0x00,0x00,0x00,0x00,0x00,0x00,0x00,200,13,0,0,0,False,1.0V,0.030,1467mV,1,False,False,v01.20.7357
26-05-30 12:11:34.492260,2902,496,1044,620,240,280,1796,200,True,True,True,True,True,True,True,True,2902,496,1044,620,240,280,1796,200,0,0,0,0,0,0,0,0,WPT Ready,0,0,False,0,0,0,0,0,0,75%,50%,False,0x00,False,63%,0us,0.000V,0.000V,True,False,Charge Active,v01.23.7357,False,False,0x00,0x00,0x00,0x00,0x00,0x00,0x00,200,13,0,0,0,False,1.0V,0.030,1467mV,1,False,False,v01.20.7357
26-05-30 12:11:34.654919,2902,496,1044,620,240,280,1796,200,True,True,True,True,True,True,True,True,2902,496,1044,620,240,280,1796,200,0,0,0,0,0,0,0,0,WPT Ready,0,0,False,0,0,0,0,0,0,75%,50%,False,0x00,False,63%,0us,0.000V,0.000V,True,False,Charge Active,v01.23.7357,False,False,0x00,0x00,0x00,0x00,0x00,0x00,0x00,200,13,0,0,0,False,1.0V,0.030,1467mV,1,False,False,v01.20.7357
26-05-30 12:11:34.911363,2902,496,1044,620,240,280,1796,200,True,True,True,True,True,True,True,True,2902,496,1044,620,240,280,1796,200,0,0,0,0,0,0,0,0,WPT Ready,0,0,False,0,0,0,0,0,0,75%,50%,False,0x00,False,63%,0us,0.000V,0.000V,True,False,Charge Active,v01.23.7357,False,False,0x00,0x00,0x00,0x00,0x00,0x00,0x00,200,13,0,0,0,False,1.0V,0.030,1467mV,1,False,False,v01.20.7357
26-05-30 12:11:35.043724,2902,496,1044,620,240,280,1796,200,True,True,True,True,True,True,True,True,2902,496,1044,620,240,280,1796,200,0,0,0,0,0,0,0,0,WPT Ready,0,0,False,0,0,0,0,0,0,75%,50%,False,0x00,False,63%,0us,0.000V,0.000V,True,False,Charge Active,v01.23.7357,False,False,0x00,0x00,0x00,0x00,0x00,0x00,0x00,200,13,0,0,0,False,1.0V,0.030,1467mV,1,False,False,v01.20.7357
26-05-30 12:11:35.250908,2902,496,1044,620,240,280,1796,200,True,True,True,True,True,True,True,True,2902,496,1044,620,240,280,1796,200,0,0,0,0,0,0,0,0,WPT Ready,0,0,False,0,0,0,0,0,0,75%,50%,False,0x00,False,63%,0us,0.000V,0.000V,True,False,Charge Active,v01.23.7357,False,False,0x00,0x00,0x00,0x00,0x00,0x00,0x00,200,13,0,0,0,False,1.0V,0.030,1467mV,1,False,False,v01.20.7357
26-05-30 12:11:35.453519,2902,496,1044,620,240,280,1796,200,True,True,True,True,True,True,True,True,2902,496,1044,620,240,280,1796,200,0,0,0,0,0,0,0,0,WPT Ready,0,0,False,0,0,0,0,0,0,75%,50%,False,0x00,False,63%,0us,0.000V,0.000V,True,False,Charge Active,v01.23.7357,False,False,0x00,0x00,0x00,0x00,0x00,0x00,0x00,200,13,0,0,0,False,1.0V,0.030,1467mV,1,False,False,v01.20.7357
26-05-30 12:11:35.668203,2902,496,1044,620,240,280,1796,200,True,True,True,True,True,True,True,True,2902,496,1044,620,240,280,1796,200,0,0,0,0,0,0,0,0,WPT Ready,0,0,False,0,0,0,0,0,0,75%,50%,False,0x00,False,63%,0us,0.000V,0.000V,True,False,Charge Active,v01.23.7357,False,False,0x00,0x00,0x00,0x00,0x00,0x00,0x00,200,13,0,0,0,False,1.0V,0.030,1467mV,1,False,False,v01.20.7357
26-05-30 12:11:35.867634,2902,496,1044,620,240,280,1796,200,True,True,True,True,True,True,True,True,2902,496,1044,620,240,280,1796,200,0,0,0,0,0,0,0,0,WPT Ready,0,0,False,0,0,0,0,0,0,75%,50%,False,0x00,False,63%,0us,0.000V,0.000V,True,False,Charge Active,v01.23.7357,False,False,0x00,0x00,0x00,0x00,0x00,0x00,0x00,200,13,0,0,0,False,1.0V,0.030,1467mV,1,False,False,v01.20.7357
26-05-30 12:11:36.062113,2902,496,1044,620,240,280,1796,200,True,True,True,True,True,True,True,True,2902,496,1044,620,240,280,1796,200,0,0,0,0,0,0,0,0,WPT Ready,0,0,False,0,0,0,0,0,0,75%,50%,False,0x00,False,63%,0us,0.000V,0.000V,True,False,Charge Active,v01.23.7357,False,False,0x00,0x00,0x00,0x00,0x00,0x00,0x00,200,13,0,0,0,False,1.0V,0.030,1467mV,1,False,False,v01.20.7357
26-05-30 12:11:36.264851,2902,496,1044,620,240,280,1796,200,True,True,True,True,True,True,True,True,2902,496,1044,620,240,280,1796,200,0,0,0,0,0,0,0,0,WPT Ready,0,0,False,0,0,0,0,0,0,75%,50%,False,0x00,False,63%,0us,0.000V,0.000V,True,False,Charge Active,v01.23.7357,False,False,0x00,0x00,0x00,0x00,0x00,0x00,0x00,200,13,0,0,0,False,1.0V,0.030,1467mV,1,False,False,v01.20.7357
26-05-30 12:11:36.459247,2902,496,1044,620,240,280,1796,200,True,True,True,True,True,True,True,True,2902,496,1044,620,240,280,1796,200,0,0,0,0,0,0,0,0,WPT Ready,0,0,False,0,0,0,0,0,0,75%,50%,False,0x00,False,63%,0us,0.000V,0.000V,True,False,Charge Active,v01.23.7357,False,False,0x00,0x00,0x00,0x00,0x00,0x00,0x00,200,13,0,0,0,False,1.0V,0.030,1467mV,1,False,False,v01.20.7357
26-05-30 12:11:36.675643,2902,496,1044,620,240,280,1796,200,True,True,True,True,True,True,True,True,2902,496,1044,620,240,280,1796,200,0,0,0,0,0,0,0,0,WPT Ready,0,0,False,0,0,0,0,0,0,75%,50%,False,0x00,False,63%,0us,0.000V,0.000V,True,False,Charge Active,v01.23.7357,False,False,0x00,0x00,0x00,0x00,0x00,0x00,0x00,200,13,0,0,0,False,1.0V,0.030,1467mV,1,False,False,v01.20.7357
26-05-30 12:11:36.845943,2902,496,1044,620,240,280,1796,200,True,True,True,True,True,True,True,True,2902,496,1044,620,240,280,1796,200,0,0,0,0,0,0,0,0,WPT Ready,0,0,False,0,0,0,0,0,0,75%,50%,False,0x00,False,63%,0us,0.000V,0.000V,True,False,Charge Active,v01.23.7357,False,False,0x00,0x00,0x00,0x00,0x00,0x00,0x00,200,13,0,0,0,False,1.0V,0.030,1467mV,1,False,False,v01.20.7357
26-05-30 12:11:37.042647,2902,496,1044,620,240,280,1796,200,True,True,True,True,True,True,True,True,2902,496,1044,620,240,280,1796,200,0,0,0,0,0,0,0,0,WPT Ready,0,0,False,0,0,0,0,0,0,75%,50%,False,0x00,False,63%,0us,0.000V,0.000V,True,False,Charge Active,v01.23.7357,False,False,0x00,0x00,0x00,0x00,0x00,0x00,0x00,200,13,0,0,0,False,1.0V,0.030,1467mV,1,False,False,v01.20.7357
26-05-30 12:11:37.238247,2902,496,1044,620,240,280,1796,200,True,True,True,True,True,True,True,True,2902,496,1044,620,240,280,1796,200,0,0,0,0,0,0,0,0,WPT Ready,0,0,False,0,0,0,0,0,0,75%,50%,False,0x00,False,63%,0us,0.000V,0.000V,True,False,Charge Active,v01.23.7357,False,False,0x00,0x00,0x00,0x00,0x00,0x00,0x00,200,13,0,0,0,False,1.0V,0.030,1467mV,1,False,False,v01.20.7357
26-05-30 12:11:37.449246,2902,496,1044,620,240,280,1796,200,True,True,True,True,True,True,True,True,2902,496,1044,620,240,280,1796,200,0,0,0,0,0,0,0,0,WPT Ready,0,0,False,0,0,0,0,0,0,75%,50%,False,0x00,False,63%,0us,0.000V,0.000V,True,False,Charge Active,v01.23.7357,False,False,0x00,0x00,0x00,0x00,0x00,0x00,0x00,200,13,0,0,0,False,1.0V,0.030,1467mV,1,False,False,v01.20.7357
26-05-30 12:11:37.657221,2902,496,1044,620,240,280,1796,200,True,True,True,True,True,True,True,True,2902,496,1044,620,240,280,1796,200,0,0,0,0,0,0,0,0,WPT Ready,0,0,False,0,0,0,0,0,0,75%,50%,False,0x00,False,63%,0us,0.000V,0.000V,True,False,Charge Active,v01.23.7357,False,False,0x00,0x00,0x00,0x00,0x00,0x00,0x00,200,13,0,0,0,False,1.0V,0.030,1467mV,1,False,False,v01.20.7357
26-05-30 12:11:37.859104,2902,496,1044,620,240,280,1796,200,True,True,True,True,True,True,True,True,2902,496,1044,620,240,280,1796,200,0,0,0,0,0,0,0,0,WPT Ready,0,0,False,0,0,0,0,0,0,75%,50%,False,0x00,False,63%,0us,0.000V,0.000V,True,False,Charge Active,v01.23.7357,False,False,0x00,0x00,0x00,0x00,0x00,0x00,0x00,200,13,0,0,0,False,1.0V,0.030,1467mV,1,False,False,v01.20.7357
26-05-30 12:11:38.060416,2902,496,1044,620,240,280,1796,200,True,True,True,True,True,True,True,True,2902,496,1044,620,240,280,1796,200,0,0,0,0,0,0,0,0,WPT Ready,0,0,False,0,0,0,0,0,0,75%,50%,False,0x00,False,63%,0us,0.000V,0.000V,True,False,Charge Active,v01.23.7357,False,False,0x00,0x00,0x00,0x00,0x00,0x00,0x00,200,13,0,0,0,False,1.0V,0.030,1467mV,1,False,False,v01.20.7357
26-05-30 12:11:38.254852,2902,496,1044,620,240,280,1796,200,True,True,True,True,True,True,True,True,2902,496,1044,620,240,280,1796,200,0,0,0,0,0,0,0,0,WPT Ready,0,0,False,0,0,0,0,0,0,75%,50%,False,0x00,False,63%,0us,0.000V,0.000V,True,False,Charge Active,v01.23.7357,False,False,0x00,0x00,0x00,0x00,0x00,0x00,0x00,200,13,0,0,0,False,1.0V,0.030,1467mV,1,False,False,v01.20.7357
26-05-30 12:11:38.460402,2902,496,1044,620,240,280,1796,200,True,True,True,True,True,True,True,True,2902,496,1044,620,240,280,1796,200,0,0,0,0,0,0,0,0,WPT Ready,0,0,False,0,0,0,0,0,0,75%,50%,False,0x00,False,63%,0us,0.000V,0.000V,True,False,Charge Active,v01.23.7357,False,False,0x00,0x00,0x00,0x00,0x00,0x00,0x00,200,13,0,0,0,False,1.0V,0.030,1467mV,1,False,False,v01.20.7357
26-05-30 12:11:38.660843,2902,496,1044,620,240,280,1796,200,True,True,True,True,True,True,True,True,2902,496,1044,620,240,280,1796,200,0,0,0,0,0,0,0,0,WPT Ready,0,0,False,0,0,0,0,0,0,75%,50%,False,0x00,False,63%,0us,0.000V,0.000V,True,False,Charge Active,v01.23.7357,False,False,0x00,0x00,0x00,0x00,0x00,0x00,0x00,200,13,0,0,0,False,1.0V,0.030,1467mV,1,False,False,v01.20.7357
26-05-30 12:11:38.845872,2902,496,1044,620,240,280,1796,200,True,True,True,True,True,True,True,True,2902,496,1044,620,240,280,1796,200,0,0,0,0,0,0,0,0,WPT Ready,0,0,False,0,0,0,0,0,0,75%,50%,False,0x00,False,63%,0us,0.000V,0.000V,True,False,Charge Active,v01.23.7357,False,False,0x00,0x00,0x00,0x00,0x00,0x00,0x00,200,13,0,0,0,False,1.0V,0.030,1467mV,1,False,False,v01.20.7357
26-05-30 12:11:39.050839,2902,496,1044,620,240,280,1796,200,True,True,True,True,True,True,True,True,2902,496,1044,620,240,280,1796,200,0,0,0,0,0,0,0,0,WPT Ready,0,0,False,0,0,0,0,0,0,75%,50%,False,0x00,False,63%,0us,0.000V,0.000V,True,False,Charge Active,v01.23.7357,False,False,0x00,0x00,0x00,0x00,0x00,0x00,0x00,200,13,0,0,0,False,1.0V,0.030,1467mV,1,False,False,v01.20.7357
26-05-30 12:11:39.291439,2902,496,1044,620,240,280,1796,200,True,True,True,True,True,True,True,True,2902,496,1044,620,240,280,1796,200,0,0,0,0,0,0,0,0,WPT Ready,0,0,False,0,0,0,0,0,0,75%,50%,False,0x00,False,63%,0us,0.000V,0.000V,True,False,Charge Active,v01.23.7357,False,False,0x00,0x00,0x00,0x00,0x00,0x00,0x00,200,13,0,0,0,False,1.0V,0.030,1467mV,1,False,False,v01.20.7357
26-05-30 12:11:39.466629,2902,496,1044,620,240,280,1796,200,True,True,True,True,True,True,True,True,2902,496,1044,620,240,280,1796,200,0,0,0,0,0,0,0,0,WPT Ready,0,0,False,0,0,0,0,0,0,75%,50%,False,0x00,False,63%,0us,0.000V,0.000V,True,False,Charge Active,v01.23.7357,False,False,0x00,0x00,0x00,0x00,0x00,0x00,0x00,200,13,0,0,0,False,1.0V,0.030,1467mV,1,False,False,v01.20.7357
26-05-30 12:11:39.661863,2902,496,1044,620,240,280,1796,200,True,True,True,True,True,True,True,True,2902,496,1044,620,240,280,1796,200,0,0,0,0,0,0,0,0,WPT Ready,0,0,False,0,0,0,0,0,0,75%,50%,False,0x00,False,63%,0us,0.000V,0.000V,True,False,Charge Active,v01.23.7357,False,False,0x00,0x00,0x00,0x00,0x00,0x00,0x00,200,13,0,0,0,False,1.0V,0.030,1467mV,1,False,False,v01.20.7357
26-05-30 12:11:39.863515,2902,496,1044,620,240,280,1796,200,True,True,True,True,True,True,True,True,2902,496,1044,620,240,280,1796,200,0,0,0,0,0,0,0,0,WPT Ready,0,0,False,0,0,0,0,0,0,75%,50%,False,0x00,False,63%,0us,0.000V,0.000V,True,False,Charge Active,v01.23.7357,False,False,0x00,0x00,0x00,0x00,0x00,0x00,0x00,200,13,0,0,0,False,1.0V,0.030,1467mV,1,False,False,v01.20.7357
26-05-30 12:11:40.064433,2902,496,1044,620,240,280,1796,200,True,True,True,True,True,True,True,True,2902,496,1044,620,240,280,1796,200,0,0,0,0,0,0,0,0,WPT Ready,0,0,False,0,0,0,0,0,0,75%,50%,False,0x00,False,63%,0us,0.000V,0.000V,True,False,Charge Active,v01.23.7357,False,False,0x00,0x00,0x00,0x00,0x00,0x00,0x00,200,13,0,0,0,False,1.0V,0.030,1467mV,1,False,False,v01.20.7357
26-05-30 12:11:40.250486,2902,496,1044,620,240,280,1796,200,True,True,True,True,True,True,True,True,2902,496,1044,620,240,280,1796,200,0,0,0,0,0,0,0,0,WPT Ready,0,0,False,0,0,0,0,0,0,75%,50%,False,0x00,False,63%,0us,0.000V,0.000V,True,False,Charge Active,v01.23.7357,False,False,0x00,0x00,0x00,0x00,0x00,0x00,0x00,200,13,0,0,0,False,1.0V,0.030,1467mV,1,False,False,v01.20.7357
26-05-30 12:11:40.469990,2902,496,1044,620,240,280,1796,200,True,True,True,True,True,True,True,True,2902,496,1044,620,240,280,1796,200,0,0,0,0,0,0,0,0,WPT Ready,0,0,False,0,0,0,0,0,0,75%,50%,False,0x00,False,63%,0us,0.000V,0.000V,True,False,Charge Active,v01.23.7357,False,False,0x00,0x00,0x00,0x00,0x00,0x00,0x00,200,13,0,0,0,False,1.0V,0.030,1467mV,1,False,False,v01.20.7357
26-05-30 12:11:40.641107,2902,496,1044,620,240,280,1796,200,True,True,True,True,True,True,True,True,2902,496,1044,620,240,280,1796,200,0,0,0,0,0,0,0,0,WPT Ready,0,0,False,0,0,0,0,0,0,75%,50%,False,0x00,False,63%,0us,0.000V,0.000V,True,False,Charge Active,v01.23.7357,False,False,0x00,0x00,0x00,0x00,0x00,0x00,0x00,200,13,0,0,0,False,1.0V,0.030,1467mV,1,False,False,v01.20.7357
26-05-30 12:11:40.850992,2902,496,1044,620,240,280,1796,200,True,True,True,True,True,True,True,True,2902,496,1044,620,240,280,1796,200,0,0,0,0,0,0,0,0,WPT Ready,0,0,False,0,0,0,0,0,0,75%,50%,False,0x00,False,63%,0us,0.000V,0.000V,True,False,Charge Active,v01.23.7357,False,False,0x00,0x00,0x00,0x00,0x00,0x00,0x00,200,13,0,0,0,False,1.0V,0.030,1467mV,1,False,False,v01.20.7357
26-05-30 12:11:41.047946,2902,496,1044,620,240,280,1796,200,True,True,True,True,True,True,True,True,2902,496,1044,620,240,280,1796,200,0,0,0,0,0,0,0,0,WPT Ready,0,0,False,0,0,0,0,0,0,75%,50%,False,0x00,False,63%,0us,0.000V,0.000V,True,False,Charge Active,v01.23.7357,False,False,0x00,0x00,0x00,0x00,0x00,0x00,0x00,200,13,0,0,0,False,1.0V,0.030,1467mV,1,False,False,v01.20.7357
26-05-30 12:11:41.249213,2902,496,1044,620,240,280,1796,200,True,True,True,True,True,True,True,True,2902,496,1044,620,240,280,1796,200,0,0,0,0,0,0,0,0,WPT Ready,0,0,False,0,0,0,0,0,0,75%,50%,False,0x00,False,63%,0us,0.000V,0.000V,True,False,Charge Active,v01.23.7357,False,False,0x00,0x00,0x00,0x00,0x00,0x00,0x00,200,13,0,0,0,False,1.0V,0.030,1467mV,1,False,False,v01.20.7357
26-05-30 12:11:41.447013,2902,496,1044,620,240,280,1796,200,True,True,True,True,True,True,True,True,2902,496,1044,620,240,280,1796,200,0,0,0,0,0,0,0,0,WPT Ready,0,0,False,0,0,0,0,0,0,75%,50%,False,0x00,False,63%,0us,0.000V,0.000V,True,False,Charge Active,v01.23.7357,False,False,0x00,0x00,0x00,0x00,0x00,0x00,0x00,200,13,0,0,0,False,1.0V,0.030,1467mV,1,False,False,v01.20.7357
26-05-30 12:11:41.638837,2902,496,1044,620,240,280,1796,200,True,True,True,True,True,True,True,True,2902,496,1044,620,240,280,1796,200,0,0,0,0,0,0,0,0,WPT Ready,0,0,False,0,0,0,0,0,0,75%,50%,False,0x00,False,63%,0us,0.000V,0.000V,True,False,Charge Active,v01.23.7357,False,False,0x00,0x00,0x00,0x00,0x00,0x00,0x00,200,13,0,0,0,False,1.0V,0.030,1467mV,1,False,False,v01.20.7357
26-05-30 12:11:41.854220,2902,496,1044,620,240,280,1796,200,True,True,True,True,True,True,True,True,2902,496,1044,620,240,280,1796,200,0,0,0,0,0,0,0,0,WPT Ready,0,0,False,0,0,0,0,0,0,75%,50%,False,0x00,False,63%,0us,0.000V,0.000V,True,False,Charge Active,v01.23.7357,False,False,0x00,0x00,0x00,0x00,0x00,0x00,0x00,200,13,0,0,0,False,1.0V,0.030,1467mV,1,False,False,v01.20.7357
26-05-30 12:11:42.048547,2902,496,1044,620,240,280,1796,200,True,True,True,True,True,True,True,True,2902,496,1044,620,240,280,1796,200,0,0,0,0,0,0,0,0,WPT Ready,0,0,False,0,0,0,0,0,0,75%,50%,False,0x00,False,63%,0us,0.000V,0.000V,True,False,Charge Active,v01.23.7357,False,False,0x00,0x00,0x00,0x00,0x00,0x00,0x00,200,13,0,0,0,False,1.0V,0.030,1467mV,1,False,False,v01.20.7357
26-05-30 12:11:42.240044,2902,496,1044,620,240,280,1796,200,True,True,True,True,True,True,True,True,2902,496,1044,620,240,280,1796,200,0,0,0,0,0,0,0,0,WPT Ready,0,0,False,0,0,0,0,0,0,75%,50%,False,0x00,False,63%,0us,0.000V,0.000V,True,False,Charge Active,v01.23.7357,False,False,0x00,0x00,0x00,0x00,0x00,0x00,0x00,200,13,0,0,0,False,1.0V,0.030,1467mV,1,False,False,v01.20.7357
26-05-30 12:11:42.442295,2902,496,1044,620,240,280,1796,200,True,True,True,True,True,True,True,True,2902,496,1044,620,240,280,1796,200,0,0,0,0,0,0,0,0,WPT Ready,0,0,False,0,0,0,0,0,0,75%,50%,False,0x00,False,63%,0us,0.000V,0.000V,True,False,Charge Active,v01.23.7357,False,False,0x00,0x00,0x00,0x00,0x00,0x00,0x00,200,13,0,0,0,False,1.0V,0.030,1467mV,1,False,False,v01.20.7357
26-05-30 12:11:42.663141,2902,496,1044,620,240,280,1796,200,True,True,True,True,True,True,True,True,2902,496,1044,620,240,280,1796,200,0,0,0,0,0,0,0,0,WPT Ready,0,0,False,0,0,0,0,0,0,75%,50%,False,0x00,False,63%,0us,0.000V,0.000V,True,False,Charge Active,v01.23.7357,False,False,0x00,0x00,0x00,0x00,0x00,0x00,0x00,200,13,0,0,0,False,1.0V,0.030,1467mV,1,False,False,v01.20.7357
26-05-30 12:11:42.847930,2902,496,1044,620,240,280,1796,200,True,True,True,True,True,True,True,True,2902,496,1044,620,240,280,1796,200,0,0,0,0,0,0,0,0,WPT Ready,0,0,False,0,0,0,0,0,0,75%,50%,False,0x00,False,63%,0us,0.000V,0.000V,True,False,Charge Active,v01.23.7357,False,False,0x00,0x00,0x00,0x00,0x00,0x00,0x00,200,13,0,0,0,False,1.0V,0.030,1467mV,1,False,False,v01.20.7357
26-05-30 12:11:43.073863,2902,496,1044,620,240,280,1796,200,True,True,True,True,True,True,True,True,2902,496,1044,620,240,280,1796,200,0,0,0,0,0,0,0,0,WPT Ready,0,0,False,0,0,0,0,0,0,75%,50%,False,0x00,False,63%,0us,0.000V,0.000V,True,False,Charge Active,v01.23.7357,False,False,0x00,0x00,0x00,0x00,0x00,0x00,0x00,200,13,0,0,0,False,1.0V,0.030,1467mV,1,False,False,v01.20.7357
26-05-30 12:11:43.253911,2902,496,1044,620,240,280,1796,200,True,True,True,True,True,True,True,True,2902,496,1044,620,240,280,1796,200,0,0,0,0,0,0,0,0,WPT Ready,0,0,False,0,0,0,0,0,0,75%,50%,False,0x00,False,63%,0us,0.000V,0.000V,True,False,Charge Active,v01.23.7357,False,False,0x00,0x00,0x00,0x00,0x00,0x00,0x00,200,13,0,0,0,False,1.0V,0.030,1467mV,1,False,False,v01.20.7357
26-05-30 12:11:43.461990,2902,496,1044,620,240,280,1796,200,True,True,True,True,True,True,True,True,2902,496,1044,620,240,280,1796,200,0,0,0,0,0,0,0,0,WPT Ready,0,0,False,0,0,0,0,0,0,75%,50%,False,0x00,False,63%,0us,0.000V,0.000V,True,False,Charge Active,v01.23.7357,False,False,0x00,0x00,0x00,0x00,0x00,0x00,0x00,200,13,0,0,0,False,1.0V,0.030,1467mV,1,False,False,v01.20.7357
26-05-30 12:11:43.645545,2902,496,1044,620,240,280,1796,200,True,True,True,True,True,True,True,True,2902,496,1044,620,240,280,1796,200,0,0,0,0,0,0,0,0,WPT Ready,0,0,False,0,0,0,0,0,0,75%,50%,False,0x00,False,63%,0us,0.000V,0.000V,True,False,Charge Active,v01.23.7357,False,False,0x00,0x00,0x00,0x00,0x00,0x00,0x00,200,13,0,0,0,False,1.0V,0.030,1467mV,1,False,False,v01.20.7357
26-05-30 12:11:43.871685,2902,496,1044,620,240,280,1796,200,True,True,True,True,True,True,True,True,2902,496,1044,620,240,280,1796,200,0,0,0,0,0,0,0,0,WPT Ready,0,0,False,0,0,0,0,0,0,75%,50%,False,0x00,False,63%,0us,0.000V,0.000V,True,False,Charge Active,v01.23.7357,False,False,0x00,0x00,0x00,0x00,0x00,0x00,0x00,200,13,0,0,0,False,1.0V,0.030,1467mV,1,False,False,v01.20.7357
26-05-30 12:11:44.041876,2902,496,1044,620,240,280,1796,200,True,True,True,True,True,True,True,True,2902,496,1044,620,240,280,1796,200,0,0,0,0,0,0,0,0,WPT Ready,0,0,False,0,0,0,0,0,0,75%,50%,False,0x00,False,63%,0us,0.000V,0.000V,True,False,Charge Active,v01.23.7357,False,False,0x00,0x00,0x00,0x00,0x00,0x00,0x00,200,13,0,0,0,False,1.0V,0.030,1467mV,1,False,False,v01.20.7357
26-05-30 12:11:44.249768,2902,496,1044,620,240,280,1796,200,True,True,True,True,True,True,True,True,2902,496,1044,620,240,280,1796,200,0,0,0,0,0,0,0,0,WPT Ready,0,0,False,0,0,0,0,0,0,75%,50%,False,0x00,False,63%,0us,0.000V,0.000V,True,False,Charge Active,v01.23.7357,False,False,0x00,0x00,0x00,0x00,0x00,0x00,0x00,200,13,0,0,0,False,1.0V,0.030,1467mV,1,False,False,v01.20.7357
26-05-30 12:11:44.440460,2902,496,1044,620,240,280,1796,200,True,True,True,True,True,True,True,True,2902,496,1044,620,240,280,1796,200,0,0,0,0,0,0,0,0,WPT Ready,0,0,False,0,0,0,0,0,0,75%,50%,False,0x00,False,63%,0us,0.000V,0.000V,True,False,Charge Active,v01.23.7357,False,False,0x00,0x00,0x00,0x00,0x00,0x00,0x00,200,13,0,0,0,False,1.0V,0.030,1467mV,1,False,False,v01.20.7357
26-05-30 12:11:44.659174,2902,496,1044,620,240,280,1796,200,True,True,True,True,True,True,True,True,2902,496,1044,620,240,280,1796,200,0,0,0,0,0,0,0,0,WPT Ready,0,0,False,0,0,0,0,0,0,75%,50%,False,0x00,False,63%,0us,0.000V,0.000V,True,False,Charge Active,v01.23.7357,False,False,0x00,0x00,0x00,0x00,0x00,0x00,0x00,200,13,0,0,0,False,1.0V,0.030,1467mV,1,False,False,v01.20.7357
26-05-30 12:11:44.861585,2902,496,1044,620,240,280,1796,200,True,True,True,True,True,True,True,True,2902,496,1044,620,240,280,1796,200,0,0,0,0,0,0,0,0,WPT Ready,0,0,False,0,0,0,0,0,0,75%,50%,False,0x00,False,63%,0us,0.000V,0.000V,True,False,Charge Active,v01.23.7357,False,False,0x00,0x00,0x00,0x00,0x00,0x00,0x00,200,13,0,0,0,False,1.0V,0.030,1467mV,1,False,False,v01.20.7357
26-05-30 12:11:45.049766,2902,496,1044,620,240,280,1796,200,True,True,True,True,True,True,True,True,2902,496,1044,620,240,280,1796,200,0,0,0,0,0,0,0,0,WPT Ready,0,0,False,0,0,0,0,0,0,75%,50%,False,0x00,False,63%,0us,0.000V,0.000V,True,False,Charge Active,v01.23.7357,False,False,0x00,0x00,0x00,0x00,0x00,0x00,0x00,200,13,0,0,0,False,1.0V,0.030,1467mV,1,False,False,v01.20.7357
26-05-30 12:11:45.259196,2902,496,1044,620,240,280,1796,200,True,True,True,True,True,True,True,True,2902,496,1044,620,240,280,1796,200,0,0,0,0,0,0,0,0,WPT Ready,0,0,False,0,0,0,0,0,0,75%,50%,False,0x00,False,63%,0us,0.000V,0.000V,True,False,Charge Active,v01.23.7357,False,False,0x00,0x00,0x00,0x00,0x00,0x00,0x00,200,13,0,0,0,False,1.0V,0.030,1467mV,1,False,False,v01.20.7357
26-05-30 12:11:45.436966,2902,496,1044,620,240,280,1796,200,True,True,True,True,True,True,True,True,2902,496,1044,620,240,280,1796,200,0,0,0,0,0,0,0,0,WPT Ready,0,0,False,0,0,0,0,0,0,75%,50%,False,0x00,False,63%,0us,0.000V,0.000V,True,False,Charge Active,v01.23.7357,False,False,0x00,0x00,0x00,0x00,0x00,0x00,0x00,200,13,0,0,0,False,1.0V,0.030,1467mV,1,False,False,v01.20.7357
26-05-30 12:11:45.644618,2902,496,1044,620,240,280,1796,200,True,True,True,True,True,True,True,True,2902,496,1044,620,240,280,1796,200,0,0,0,0,0,0,0,0,WPT Ready,0,0,False,0,0,0,0,0,0,75%,50%,False,0x00,False,63%,0us,0.000V,0.000V,True,False,Charge Active,v01.23.7357,False,False,0x00,0x00,0x00,0x00,0x00,0x00,0x00,200,13,0,0,0,False,1.0V,0.030,1467mV,1,False,False,v01.20.7357
26-05-30 12:11:45.864894,2902,496,1044,620,240,280,1796,200,True,True,True,True,True,True,True,True,2902,496,1044,620,240,280,1796,200,0,0,0,0,0,0,0,0,WPT Ready,0,0,False,0,0,0,0,0,0,75%,50%,False,0x00,False,63%,0us,0.000V,0.000V,True,False,Charge Active,v01.23.7357,False,False,0x00,0x00,0x00,0x00,0x00,0x00,0x00,200,13,0,0,0,False,1.0V,0.030,1467mV,1,False,False,v01.20.7357
26-05-30 12:11:46.141023,2902,496,1044,620,240,280,1796,200,True,True,True,True,True,True,True,True,2902,496,1044,620,240,280,1796,200,0,0,0,0,0,0,0,0,WPT Ready,0,0,False,0,0,0,0,0,0,75%,50%,False,0x00,False,63%,0us,0.000V,0.000V,True,False,Charge Active,v01.23.7357,False,False,0x00,0x00,0x00,0x00,0x00,0x00,0x00,200,13,0,0,0,False,1.0V,0.030,1467mV,1,False,False,v01.20.7357
26-05-30 12:11:46.250403,2902,496,1044,620,240,280,1796,200,True,True,True,True,True,True,True,True,2902,496,1044,620,240,280,1796,200,0,0,0,0,0,0,0,0,WPT Ready,0,0,False,0,0,0,0,0,0,75%,50%,False,0x00,False,63%,0us,0.000V,0.000V,True,False,Charge Active,v01.23.7357,False,False,0x00,0x00,0x00,0x00,0x00,0x00,0x00,200,13,0,0,0,False,1.0V,0.030,1467mV,1,False,False,v01.20.7357
26-05-30 12:11:46.453600,2902,496,1044,620,240,280,1796,200,True,True,True,True,True,True,True,True,2902,496,1044,620,240,280,1796,200,0,0,0,0,0,0,0,0,WPT Ready,0,0,False,0,0,0,0,0,0,75%,50%,False,0x00,False,63%,0us,0.000V,0.000V,True,False,Charge Active,v01.23.7357,False,False,0x00,0x00,0x00,0x00,0x00,0x00,0x00,200,13,0,0,0,False,1.0V,0.030,1467mV,1,False,False,v01.20.7357
26-05-30 12:11:46.655993,2902,496,1044,620,240,280,1796,200,True,True,True,True,True,True,True,True,2902,496,1044,620,240,280,1796,200,0,0,0,0,0,0,0,0,WPT Ready,0,0,False,0,0,0,0,0,0,75%,50%,False,0x00,False,63%,0us,0.000V,0.000V,True,False,Charge Active,v01.23.7357,False,False,0x00,0x00,0x00,0x00,0x00,0x00,0x00,200,13,0,0,0,False,1.0V,0.030,1467mV,1,False,False,v01.20.7357
26-05-30 12:11:46.850469,2902,496,1044,620,240,280,1796,200,True,True,True,True,True,True,True,True,2902,496,1044,620,240,280,1796,200,0,0,0,0,0,0,0,0,WPT Ready,0,0,False,0,0,0,0,0,0,75%,50%,False,0x00,False,63%,0us,0.000V,0.000V,True,False,Charge Active,v01.23.7357,False,False,0x00,0x00,0x00,0x00,0x00,0x00,0x00,200,13,0,0,0,False,1.0V,0.030,1467mV,1,False,False,v01.20.7357
26-05-30 12:11:47.083004,2902,496,1044,620,240,280,1796,200,True,True,True,True,True,True,True,True,2902,496,1044,620,240,280,1796,200,0,0,0,0,0,0,0,0,WPT Ready,0,0,False,0,0,0,0,0,0,75%,50%,False,0x00,False,63%,0us,0.000V,0.000V,True,False,Charge Active,v01.23.7357,False,False,0x00,0x00,0x00,0x00,0x00,0x00,0x00,200,13,0,0,0,False,1.0V,0.030,1467mV,1,False,False,v01.20.7357
26-05-30 12:11:47.262121,2902,496,1044,620,240,280,1796,200,True,True,True,True,True,True,True,True,2902,496,1044,620,240,280,1796,200,0,0,0,0,0,0,0,0,WPT Ready,0,0,False,0,0,0,0,0,0,75%,50%,False,0x00,False,63%,0us,0.000V,0.000V,True,False,Charge Active,v01.23.7357,False,False,0x00,0x00,0x00,0x00,0x00,0x00,0x00,200,13,0,0,0,False,1.0V,0.030,1467mV,1,False,False,v01.20.7357
26-05-30 12:11:47.461169,2902,496,1044,620,240,280,1796,200,True,True,True,True,True,True,True,True,2902,496,1044,620,240,280,1796,200,0,0,0,0,0,0,0,0,WPT Ready,0,0,False,0,0,0,0,0,0,75%,50%,False,0x00,False,63%,0us,0.000V,0.000V,True,False,Charge Active,v01.23.7357,False,False,0x00,0x00,0x00,0x00,0x00,0x00,0x00,200,13,0,0,0,False,1.0V,0.030,1467mV,1,False,False,v01.20.7357
26-05-30 12:11:47.683942,2902,496,1044,620,240,280,1796,200,True,True,True,True,True,True,True,True,2902,496,1044,620,240,280,1796,200,0,0,0,0,0,0,0,0,WPT Ready,0,0,False,0,0,0,0,0,0,75%,50%,False,0x00,False,63%,0us,0.000V,0.000V,True,False,Charge Active,v01.23.7357,False,False,0x00,0x00,0x00,0x00,0x00,0x00,0x00,200,13,0,0,0,False,1.0V,0.030,1467mV,1,False,False,v01.20.7357
26-05-30 12:11:47.868775,2902,496,1044,620,240,280,1796,200,True,True,True,True,True,True,True,True,2902,496,1044,620,240,280,1796,200,0,0,0,0,0,0,0,0,WPT Ready,0,0,False,0,0,0,0,0,0,75%,50%,False,0x00,False,63%,0us,0.000V,0.000V,True,False,Charge Active,v01.23.7357,False,False,0x00,0x00,0x00,0x00,0x00,0x00,0x00,200,13,0,0,0,False,1.0V,0.030,1467mV,1,False,False,v01.20.7357
26-05-30 12:11:48.076358,2902,496,1044,620,240,280,1796,200,True,True,True,True,True,True,True,True,2902,496,1044,620,240,280,1796,200,0,0,0,0,0,0,0,0,WPT Ready,0,0,False,0,0,0,0,0,0,75%,50%,False,0x00,False,63%,0us,0.000V,0.000V,True,False,Charge Active,v01.23.7357,False,False,0x00,0x00,0x00,0x00,0x00,0x00,0x00,200,13,0,0,0,False,1.0V,0.030,1467mV,1,False,False,v01.20.7357
26-05-30 12:11:48.318317,2902,496,1044,620,240,280,1796,200,True,True,True,True,True,True,True,True,2902,496,1044,620,240,280,1796,200,0,0,0,0,0,0,0,0,WPT Ready,0,0,False,0,0,0,0,0,0,75%,50%,False,0x00,False,63%,0us,0.000V,0.000V,True,False,Charge Active,v01.23.7357,False,False,0x00,0x00,0x00,0x00,0x00,0x00,0x00,200,13,0,0,0,False,1.0V,0.030,1467mV,1,False,False,v01.20.7357
26-05-30 12:11:48.441755,2902,496,1044,620,240,280,1796,200,True,True,True,True,True,True,True,True,2902,496,1044,620,240,280,1796,200,0,0,0,0,0,0,0,0,WPT Ready,0,0,False,0,0,0,0,0,0,75%,50%,False,0x00,False,63%,0us,0.000V,0.000V,True,False,Charge Active,v01.23.7357,False,False,0x00,0x00,0x00,0x00,0x00,0x00,0x00,200,13,0,0,0,False,1.0V,0.030,1467mV,1,False,False,v01.20.7357
26-05-30 12:11:48.658882,2902,496,1044,620,240,280,1796,200,True,True,True,True,True,True,True,True,2902,496,1044,620,240,280,1796,200,0,0,0,0,0,0,0,0,WPT Ready,0,0,False,0,0,0,0,0,0,75%,50%,False,0x00,False,63%,0us,0.000V,0.000V,True,False,Charge Active,v01.23.7357,False,False,0x00,0x00,0x00,0x00,0x00,0x00,0x00,200,13,0,0,0,False,1.0V,0.030,1467mV,1,False,False,v01.20.7357
26-05-30 12:11:48.855298,2902,496,1044,620,240,280,1796,200,True,True,True,True,True,True,True,True,2902,496,1044,620,240,280,1796,200,0,0,0,0,0,0,0,0,WPT Ready,0,0,False,0,0,0,0,0,0,75%,50%,False,0x00,False,63%,0us,0.000V,0.000V,True,False,Charge Active,v01.23.7357,False,False,0x00,0x00,0x00,0x00,0x00,0x00,0x00,200,13,0,0,0,False,1.0V,0.030,1467mV,1,False,False,v01.20.7357
26-05-30 12:11:49.048210,2902,496,1044,620,240,280,1796,200,True,True,True,True,True,True,True,True,2902,496,1044,620,240,280,1796,200,0,0,0,0,0,0,0,0,WPT Ready,0,0,False,0,0,0,0,0,0,75%,50%,False,0x00,False,63%,0us,0.000V,0.000V,True,False,Charge Active,v01.23.7357,False,False,0x00,0x00,0x00,0x00,0x00,0x00,0x00,200,13,0,0,0,False,1.0V,0.030,1467mV,1,False,False,v01.20.7357
26-05-30 12:11:49.274478,2902,496,1044,620,240,280,1796,200,True,True,True,True,True,True,True,True,2902,496,1044,620,240,280,1796,200,0,0,0,0,0,0,0,0,WPT Ready,0,0,False,0,0,0,0,0,0,75%,50%,False,0x00,False,63%,0us,0.000V,0.000V,True,False,Charge Active,v01.23.7357,False,False,0x00,0x00,0x00,0x00,0x00,0x00,0x00,200,13,0,0,0,False,1.0V,0.030,1467mV,1,False,False,v01.20.7357
26-05-30 12:11:49.475426,2902,496,1044,620,240,280,1796,200,True,True,True,True,True,True,True,True,2902,496,1044,620,240,280,1796,200,0,0,0,0,0,0,0,0,WPT Ready,0,0,False,0,0,0,0,0,0,75%,50%,False,0x00,False,63%,0us,0.000V,0.000V,True,False,Charge Active,v01.23.7357,False,False,0x00,0x00,0x00,0x00,0x00,0x00,0x00,200,13,0,0,0,False,1.0V,0.030,1467mV,1,False,False,v01.20.7357
26-05-30 12:11:49.650371,2902,496,1044,620,240,280,1796,200,True,True,True,True,True,True,True,True,2902,496,1044,620,240,280,1796,200,0,0,0,0,0,0,0,0,WPT Ready,0,0,False,0,0,0,0,0,0,75%,50%,False,0x00,False,63%,0us,0.000V,0.000V,True,False,Charge Active,v01.23.7357,False,False,0x00,0x00,0x00,0x00,0x00,0x00,0x00,200,13,0,0,0,False,1.0V,0.030,1467mV,1,False,False,v01.20.7357
26-05-30 12:11:49.878949,2902,496,1044,620,240,280,1796,200,True,True,True,True,True,True,True,True,2902,496,1044,620,240,280,1796,200,0,0,0,0,0,0,0,0,WPT Ready,0,0,False,0,0,0,0,0,0,75%,50%,False,0x00,False,63%,0us,0.000V,0.000V,True,False,Charge Active,v01.23.7357,False,False,0x00,0x00,0x00,0x00,0x00,0x00,0x00,200,13,0,0,0,False,1.0V,0.030,1467mV,1,False,False,v01.20.7357
26-05-30 12:11:50.072520,2902,496,1044,620,240,280,1796,200,True,True,True,True,True,True,True,True,2902,496,1044,620,240,280,1796,200,0,0,0,0,0,0,0,0,WPT Ready,0,0,False,0,0,0,0,0,0,75%,50%,False,0x00,False,63%,0us,0.000V,0.000V,True,False,Charge Active,v01.23.7357,False,False,0x00,0x00,0x00,0x00,0x00,0x00,0x00,200,13,0,0,0,False,1.0V,0.030,1467mV,1,False,False,v01.20.7357
26-05-30 12:11:50.244575,2902,496,1044,620,240,280,1796,200,True,True,True,True,True,True,True,True,2902,496,1044,620,240,280,1796,200,0,0,0,0,0,0,0,0,WPT Ready,0,0,False,0,0,0,0,0,0,75%,50%,False,0x00,False,63%,0us,0.000V,0.000V,True,False,Charge Active,v01.23.7357,False,False,0x00,0x00,0x00,0x00,0x00,0x00,0x00,200,13,0,0,0,False,1.0V,0.030,1467mV,1,False,False,v01.20.7357
26-05-30 12:11:50.442129,2902,496,1044,620,240,280,1796,200,True,True,True,True,True,True,True,True,2902,496,1044,620,240,280,1796,200,0,0,0,0,0,0,0,0,WPT Ready,0,0,False,0,0,0,0,0,0,75%,50%,False,0x00,False,63%,0us,0.000V,0.000V,True,False,Charge Active,v01.23.7357,False,False,0x00,0x00,0x00,0x00,0x00,0x00,0x00,200,13,0,0,0,False,1.0V,0.030,1467mV,1,False,False,v01.20.7357
26-05-30 12:11:50.638600,2902,496,1044,620,240,280,1796,200,True,True,True,True,True,True,True,True,2902,496,1044,620,240,280,1796,200,0,0,0,0,0,0,0,0,WPT Ready,0,0,False,0,0,0,0,0,0,75%,50%,False,0x00,False,63%,0us,0.000V,0.000V,True,False,Charge Active,v01.23.7357,False,False,0x00,0x00,0x00,0x00,0x00,0x00,0x00,200,13,0,0,0,False,1.0V,0.030,1467mV,1,False,False,v01.20.7357
26-05-30 12:11:50.848619,2902,496,1044,620,240,280,1796,200,True,True,True,True,True,True,True,True,2902,496,1044,620,240,280,1796,200,0,0,0,0,0,0,0,0,WPT Ready,0,0,False,0,0,0,0,0,0,75%,50%,False,0x00,False,63%,0us,0.000V,0.000V,True,False,Charge Active,v01.23.7357,False,False,0x00,0x00,0x00,0x00,0x00,0x00,0x00,200,13,0,0,0,False,1.0V,0.030,1467mV,1,False,False,v01.20.7357
26-05-30 12:11:51.054029,2902,496,1044,620,240,280,1796,200,True,True,True,True,True,True,True,True,2902,496,1044,620,240,280,1796,200,0,0,0,0,0,0,0,0,WPT Ready,0,0,False,0,0,0,0,0,0,75%,50%,False,0x00,False,63%,0us,0.000V,0.000V,True,False,Charge Active,v01.23.7357,False,False,0x00,0x00,0x00,0x00,0x00,0x00,0x00,200,13,0,0,0,False,1.0V,0.030,1467mV,1,False,False,v01.20.7357
26-05-30 12:11:51.238579,2902,496,1044,620,240,280,1796,200,True,True,True,True,True,True,True,True,2902,496,1044,620,240,280,1796,200,0,0,0,0,0,0,0,0,WPT Ready,0,0,False,0,0,0,0,0,0,75%,50%,False,0x00,False,63%,0us,0.000V,0.000V,True,False,Charge Active,v01.23.7357,False,False,0x00,0x00,0x00,0x00,0x00,0x00,0x00,200,13,0,0,0,False,1.0V,0.030,1467mV,1,False,False,v01.20.7357
26-05-30 12:11:51.443389,2902,496,1044,620,240,280,1796,200,True,True,True,True,True,True,True,True,2902,496,1044,620,240,280,1796,200,0,0,0,0,0,0,0,0,WPT Ready,0,0,False,0,0,0,0,0,0,75%,50%,False,0x00,False,63%,0us,0.000V,0.000V,True,False,Charge Active,v01.23.7357,False,False,0x00,0x00,0x00,0x00,0x00,0x00,0x00,200,13,0,0,0,False,1.0V,0.030,1467mV,1,False,False,v01.20.7357
26-05-30 12:11:51.653471,2902,496,1044,620,240,280,1796,200,True,True,True,True,True,True,True,True,2902,496,1044,620,240,280,1796,200,0,0,0,0,0,0,0,0,WPT Ready,0,0,False,0,0,0,0,0,0,75%,50%,False,0x00,False,63%,0us,0.000V,0.000V,True,False,Charge Active,v01.23.7357,False,False,0x00,0x00,0x00,0x00,0x00,0x00,0x00,200,13,0,0,0,False,1.0V,0.030,1467mV,1,False,False,v01.20.7357
26-05-30 12:11:51.861529,2902,496,1044,620,240,280,1796,200,True,True,True,True,True,True,True,True,2902,496,1044,620,240,280,1796,200,0,0,0,0,0,0,0,0,WPT Ready,0,0,False,0,0,0,0,0,0,75%,50%,False,0x00,False,63%,0us,0.000V,0.000V,True,False,Charge Active,v01.23.7357,False,False,0x00,0x00,0x00,0x00,0x00,0x00,0x00,200,13,0,0,0,False,1.0V,0.030,1467mV,1,False,False,v01.20.7357
26-05-30 12:11:52.068009,2902,496,1044,620,240,280,1796,200,True,True,True,True,True,True,True,True,2902,496,1044,620,240,280,1796,200,0,0,0,0,0,0,0,0,WPT Ready,0,0,False,0,0,0,0,0,0,75%,50%,False,0x00,False,63%,0us,0.000V,0.000V,True,False,Charge Active,v01.23.7357,False,False,0x00,0x00,0x00,0x00,0x00,0x00,0x00,200,13,0,0,0,False,1.0V,0.030,1467mV,1,False,False,v01.20.7357
26-05-30 12:11:52.292637,2902,496,1044,620,240,280,1796,200,True,True,True,True,True,True,True,True,2902,496,1044,620,240,280,1796,200,0,0,0,0,0,0,0,0,WPT Ready,0,0,False,0,0,0,0,0,0,75%,50%,False,0x00,False,63%,0us,0.000V,0.000V,True,False,Charge Active,v01.23.7357,False,False,0x00,0x00,0x00,0x00,0x00,0x00,0x00,200,13,0,0,0,False,1.0V,0.030,1467mV,1,False,False,v01.20.7357
26-05-30 12:11:52.437150,2902,496,1044,620,240,280,1796,200,True,True,True,True,True,True,True,True,2902,496,1044,620,240,280,1796,200,0,0,0,0,0,0,0,0,WPT Ready,0,0,False,0,0,0,0,0,0,75%,50%,False,0x00,False,63%,0us,0.000V,0.000V,True,False,Charge Active,v01.23.7357,False,False,0x00,0x00,0x00,0x00,0x00,0x00,0x00,200,13,0,0,0,False,1.0V,0.030,1467mV,1,False,False,v01.20.7357
26-05-30 12:11:52.663685,2902,496,1044,620,240,280,1796,200,True,True,True,True,True,True,True,True,2902,496,1044,620,240,280,1796,200,0,0,0,0,0,0,0,0,WPT Ready,0,0,False,0,0,0,0,0,0,75%,50%,False,0x00,False,63%,0us,0.000V,0.000V,True,False,Charge Active,v01.23.7357,False,False,0x00,0x00,0x00,0x00,0x00,0x00,0x00,200,13,0,0,0,False,1.0V,0.030,1467mV,1,False,False,v01.20.7357
26-05-30 12:11:52.837280,2902,496,1044,620,240,280,1796,200,True,True,True,True,True,True,True,True,2902,496,1044,620,240,280,1796,200,0,0,0,0,0,0,0,0,WPT Ready,0,0,False,0,0,0,0,0,0,75%,50%,False,0x00,False,63%,0us,0.000V,0.000V,True,False,Charge Active,v01.23.7357,False,False,0x00,0x00,0x00,0x00,0x00,0x00,0x00,200,13,0,0,0,False,1.0V,0.030,1467mV,1,False,False,v01.20.7357
26-05-30 12:11:53.041783,2902,496,1044,620,240,280,1796,200,True,True,True,True,True,True,True,True,2902,496,1044,620,240,280,1796,200,0,0,0,0,0,0,0,0,WPT Ready,0,0,False,0,0,0,0,0,0,75%,50%,False,0x00,False,63%,0us,0.000V,0.000V,True,False,Charge Active,v01.23.7357,False,False,0x00,0x00,0x00,0x00,0x00,0x00,0x00,200,13,0,0,0,False,1.0V,0.030,1467mV,1,False,False,v01.20.7357
26-05-30 12:11:53.255068,2902,496,1044,620,240,280,1796,200,True,True,True,True,True,True,True,True,2902,496,1044,620,240,280,1796,200,0,0,0,0,0,0,0,0,WPT Ready,0,0,False,0,0,0,0,0,0,75%,50%,False,0x00,False,63%,0us,0.000V,0.000V,True,False,Charge Active,v01.23.7357,False,False,0x00,0x00,0x00,0x00,0x00,0x00,0x00,200,13,0,0,0,False,1.0V,0.030,1467mV,1,False,False,v01.20.7357
26-05-30 12:11:53.462910,2902,496,1044,620,240,280,1796,200,True,True,True,True,True,True,True,True,2902,496,1044,620,240,280,1796,200,0,0,0,0,0,0,0,0,WPT Ready,0,0,False,0,0,0,0,0,0,75%,50%,False,0x00,False,63%,0us,0.000V,0.000V,True,False,Charge Active,v01.23.7357,False,False,0x00,0x00,0x00,0x00,0x00,0x00,0x00,200,13,0,0,0,False,1.0V,0.030,1467mV,1,False,False,v01.20.7357
26-05-30 12:11:53.659228,2902,496,1044,620,240,280,1796,200,True,True,True,True,True,True,True,True,2902,496,1044,620,240,280,1796,200,0,0,0,0,0,0,0,0,WPT Ready,0,0,False,0,0,0,0,0,0,75%,50%,False,0x00,False,63%,0us,0.000V,0.000V,True,False,Charge Active,v01.23.7357,False,False,0x00,0x00,0x00,0x00,0x00,0x00,0x00,200,13,0,0,0,False,1.0V,0.030,1467mV,1,False,False,v01.20.7357
26-05-30 12:11:53.852538,2902,496,1044,620,240,280,1796,200,True,True,True,True,True,True,True,True,2902,496,1044,620,240,280,1796,200,0,0,0,0,0,0,0,0,WPT Ready,0,0,False,0,0,0,0,0,0,75%,50%,False,0x00,False,63%,0us,0.000V,0.000V,True,False,Charge Active,v01.23.7357,False,False,0x00,0x00,0x00,0x00,0x00,0x00,0x00,200,13,0,0,0,False,1.0V,0.030,1467mV,1,False,False,v01.20.7357
26-05-30 12:11:54.066609,2902,496,1044,620,240,280,1796,200,True,True,True,True,True,True,True,True,2902,496,1044,620,240,280,1796,200,0,0,0,0,0,0,0,0,WPT Ready,0,0,False,0,0,0,0,0,0,75%,50%,False,0x00,False,63%,0us,0.000V,0.000V,True,False,Charge Active,v01.23.7357,False,False,0x00,0x00,0x00,0x00,0x00,0x00,0x00,200,13,0,0,0,False,1.0V,0.030,1467mV,1,False,False,v01.20.7357
26-05-30 12:11:54.284919,2902,496,1044,620,240,280,1796,200,True,True,True,True,True,True,True,True,2902,496,1044,620,240,280,1796,200,0,0,0,0,0,0,0,0,WPT Ready,0,0,False,0,0,0,0,0,0,75%,50%,False,0x00,False,63%,0us,0.000V,0.000V,True,False,Charge Active,v01.23.7357,False,False,0x00,0x00,0x00,0x00,0x00,0x00,0x00,200,13,0,0,0,False,1.0V,0.030,1467mV,1,False,False,v01.20.7357
26-05-30 12:11:54.465977,2902,496,1044,620,240,280,1796,200,True,True,True,True,True,True,True,True,2902,496,1044,620,240,280,1796,200,0,0,0,0,0,0,0,0,WPT Ready,0,0,False,0,0,0,0,0,0,75%,50%,False,0x00,False,63%,0us,0.000V,0.000V,True,False,Charge Active,v01.23.7357,False,False,0x00,0x00,0x00,0x00,0x00,0x00,0x00,200,13,0,0,0,False,1.0V,0.030,1467mV,1,False,False,v01.20.7357
26-05-30 12:11:54.645716,2902,496,1044,620,240,280,1796,200,True,True,True,True,True,True,True,True,2902,496,1044,620,240,280,1796,200,0,0,0,0,0,0,0,0,WPT Ready,0,0,False,0,0,0,0,0,0,75%,50%,False,0x00,False,63%,0us,0.000V,0.000V,True,False,Charge Active,v01.23.7357,False,False,0x00,0x00,0x00,0x00,0x00,0x00,0x00,200,13,0,0,0,False,1.0V,0.030,1467mV,1,False,False,v01.20.7357
26-05-30 12:11:54.879078,2902,496,1044,620,240,280,1796,200,True,True,True,True,True,True,True,True,2902,496,1044,620,240,280,1796,200,0,0,0,0,0,0,0,0,WPT Ready,0,0,False,0,0,0,0,0,0,75%,50%,False,0x00,False,63%,0us,0.000V,0.000V,True,False,Charge Active,v01.23.7357,False,False,0x00,0x00,0x00,0x00,0x00,0x00,0x00,200,13,0,0,0,False,1.0V,0.030,1467mV,1,False,False,v01.20.7357
26-05-30 12:11:55.040112,2902,496,1044,620,240,280,1796,200,True,True,True,True,True,True,True,True,2902,496,1044,620,240,280,1796,200,0,0,0,0,0,0,0,0,WPT Ready,0,0,False,0,0,0,0,0,0,75%,50%,False,0x00,False,63%,0us,0.000V,0.000V,True,False,Charge Active,v01.23.7357,False,False,0x00,0x00,0x00,0x00,0x00,0x00,0x00,200,13,0,0,0,False,1.0V,0.030,1467mV,1,False,False,v01.20.7357
26-05-30 12:11:55.257763,2902,496,1044,620,240,280,1796,200,True,True,True,True,True,True,True,True,2902,496,1044,620,240,280,1796,200,0,0,0,0,0,0,0,0,WPT Ready,0,0,False,0,0,0,0,0,0,75%,50%,False,0x00,False,63%,0us,0.000V,0.000V,True,False,Charge Active,v01.23.7357,False,False,0x00,0x00,0x00,0x00,0x00,0x00,0x00,200,13,0,0,0,False,1.0V,0.030,1467mV,1,False,False,v01.20.7357
26-05-30 12:11:55.453603,2902,496,1044,620,240,280,1796,200,True,True,True,True,True,True,True,True,2902,496,1044,620,240,280,1796,200,0,0,0,0,0,0,0,0,WPT Ready,0,0,False,0,0,0,0,0,0,75%,50%,False,0x00,False,63%,0us,0.000V,0.000V,True,False,Charge Active,v01.23.7357,False,False,0x00,0x00,0x00,0x00,0x00,0x00,0x00,200,13,0,0,0,False,1.0V,0.030,1467mV,1,False,False,v01.20.7357
26-05-30 12:11:55.660775,2902,496,1044,620,240,280,1796,200,True,True,True,True,True,True,True,True,2902,496,1044,620,240,280,1796,200,0,0,0,0,0,0,0,0,WPT Ready,0,0,False,0,0,0,0,0,0,75%,50%,False,0x00,False,63%,0us,0.000V,0.000V,True,False,Charge Active,v01.23.7357,False,False,0x00,0x00,0x00,0x00,0x00,0x00,0x00,200,13,0,0,0,False,1.0V,0.030,1467mV,1,False,False,v01.20.7357
26-05-30 12:11:55.850207,2902,496,1044,620,240,280,1796,200,True,True,True,True,True,True,True,True,2902,496,1044,620,240,280,1796,200,0,0,0,0,0,0,0,0,WPT Ready,0,0,False,0,0,0,0,0,0,75%,50%,False,0x00,False,63%,0us,0.000V,0.000V,True,False,Charge Active,v01.23.7357,False,False,0x00,0x00,0x00,0x00,0x00,0x00,0x00,200,13,0,0,0,False,1.0V,0.030,1467mV,1,False,False,v01.20.7357
26-05-30 12:11:56.062967,2902,496,1044,620,240,280,1796,200,True,True,True,True,True,True,True,True,2902,496,1044,620,240,280,1796,200,0,0,0,0,0,0,0,0,WPT Ready,0,0,False,0,0,0,0,0,0,75%,50%,False,0x00,False,63%,0us,0.000V,0.000V,True,False,Charge Active,v01.23.7357,False,False,0x00,0x00,0x00,0x00,0x00,0x00,0x00,200,13,0,0,0,False,1.0V,0.030,1467mV,1,False,False,v01.20.7357
26-05-30 12:11:56.240444,2902,496,1044,620,240,280,1796,200,True,True,True,True,True,True,True,True,2902,496,1044,620,240,280,1796,200,0,0,0,0,0,0,0,0,WPT Ready,0,0,False,0,0,0,0,0,0,75%,50%,False,0x00,False,63%,0us,0.000V,0.000V,True,False,Charge Active,v01.23.7357,False,False,0x00,0x00,0x00,0x00,0x00,0x00,0x00,200,13,0,0,0,False,1.0V,0.030,1467mV,1,False,False,v01.20.7357
26-05-30 12:11:56.442297,2902,496,1044,620,240,280,1796,200,True,True,True,True,True,True,True,True,2902,496,1044,620,240,280,1796,200,0,0,0,0,0,0,0,0,WPT Ready,0,0,False,0,0,0,0,0,0,75%,50%,False,0x00,False,63%,0us,0.000V,0.000V,True,False,Charge Active,v01.23.7357,False,False,0x00,0x00,0x00,0x00,0x00,0x00,0x00,200,13,0,0,0,False,1.0V,0.030,1467mV,1,False,False,v01.20.7357
26-05-30 12:11:56.654905,2902,496,1044,620,240,280,1796,200,True,True,True,True,True,True,True,True,2902,496,1044,620,240,280,1796,200,0,0,0,0,0,0,0,0,WPT Ready,0,0,False,0,0,0,0,0,0,75%,50%,False,0x00,False,63%,0us,0.000V,0.000V,True,False,Charge Active,v01.23.7357,False,False,0x00,0x00,0x00,0x00,0x00,0x00,0x00,200,13,0,0,0,False,1.0V,0.030,1467mV,1,False,False,v01.20.7357
26-05-30 12:11:56.844205,2902,496,1044,620,240,280,1796,200,True,True,True,True,True,True,True,True,2902,496,1044,620,240,280,1796,200,0,0,0,0,0,0,0,0,WPT Ready,0,0,False,0,0,0,0,0,0,75%,50%,False,0x00,False,63%,0us,0.000V,0.000V,True,False,Charge Active,v01.23.7357,False,False,0x00,0x00,0x00,0x00,0x00,0x00,0x00,200,13,0,0,0,False,1.0V,0.030,1467mV,1,False,False,v01.20.7357
26-05-30 12:11:57.062818,2902,496,1044,620,240,280,1796,200,True,True,True,True,True,True,True,True,2902,496,1044,620,240,280,1796,200,0,0,0,0,0,0,0,0,WPT Ready,0,0,False,0,0,0,0,0,0,75%,50%,False,0x00,False,63%,0us,0.000V,0.000V,True,False,Charge Active,v01.23.7357,False,False,0x00,0x00,0x00,0x00,0x00,0x00,0x00,200,13,0,0,0,False,1.0V,0.030,1467mV,1,False,False,v01.20.7357
26-05-30 12:11:57.245697,2902,496,1044,620,240,280,1796,200,True,True,True,True,True,True,True,True,2902,496,1044,620,240,280,1796,200,0,0,0,0,0,0,0,0,WPT Ready,0,0,False,0,0,0,0,0,0,75%,50%,False,0x00,False,63%,0us,0.000V,0.000V,True,False,Charge Active,v01.23.7357,False,False,0x00,0x00,0x00,0x00,0x00,0x00,0x00,200,13,0,0,0,False,1.0V,0.030,1467mV,1,False,False,v01.20.7357
26-05-30 12:11:57.443102,2902,496,1044,620,240,280,1796,200,True,True,True,True,True,True,True,True,2902,496,1044,620,240,280,1796,200,0,0,0,0,0,0,0,0,WPT Ready,0,0,False,0,0,0,0,0,0,75%,50%,False,0x00,False,63%,0us,0.000V,0.000V,True,False,Charge Active,v01.23.7357,False,False,0x00,0x00,0x00,0x00,0x00,0x00,0x00,200,13,0,0,0,False,1.0V,0.030,1467mV,1,False,False,v01.20.7357
26-05-30 12:11:57.676232,2902,496,1044,620,240,280,1796,200,True,True,True,True,True,True,True,True,2902,496,1044,620,240,280,1796,200,0,0,0,0,0,0,0,0,WPT Ready,0,0,False,0,0,0,0,0,0,75%,50%,False,0x00,False,63%,0us,0.000V,0.000V,True,False,Charge Active,v01.23.7357,False,False,0x00,0x00,0x00,0x00,0x00,0x00,0x00,200,13,0,0,0,False,1.0V,0.030,1467mV,1,False,False,v01.20.7357
26-05-30 12:11:57.862829,2902,496,1044,620,240,280,1796,200,True,True,True,True,True,True,True,True,2902,496,1044,620,240,280,1796,200,0,0,0,0,0,0,0,0,WPT Ready,0,0,False,0,0,0,0,0,0,75%,50%,False,0x00,False,63%,0us,0.000V,0.000V,True,False,Charge Active,v01.23.7357,False,False,0x00,0x00,0x00,0x00,0x00,0x00,0x00,200,13,0,0,0,False,1.0V,0.030,1467mV,1,False,False,v01.20.7357
26-05-30 12:11:58.067704,2902,496,1044,620,240,280,1796,200,True,True,True,True,True,True,True,True,2902,496,1044,620,240,280,1796,200,0,0,0,0,0,0,0,0,WPT Ready,0,0,False,0,0,0,0,0,0,75%,50%,False,0x00,False,63%,0us,0.000V,0.000V,True,False,Charge Active,v01.23.7357,False,False,0x00,0x00,0x00,0x00,0x00,0x00,0x00,200,13,0,0,0,False,1.0V,0.030,1467mV,1,False,False,v01.20.7357
26-05-30 12:11:58.259500,2902,496,1044,620,240,280,1796,200,True,True,True,True,True,True,True,True,2902,496,1044,620,240,280,1796,200,0,0,0,0,0,0,0,0,WPT Ready,0,0,False,0,0,0,0,0,0,75%,50%,False,0x00,False,63%,0us,0.000V,0.000V,True,False,Charge Active,v01.23.7357,False,False,0x00,0x00,0x00,0x00,0x00,0x00,0x00,200,13,0,0,0,False,1.0V,0.030,1467mV,1,False,False,v01.20.7357
26-05-30 12:11:58.438401,2902,496,1044,620,240,280,1796,200,True,True,True,True,True,True,True,True,2902,496,1044,620,240,280,1796,200,0,0,0,0,0,0,0,0,WPT Ready,0,0,False,0,0,0,0,0,0,75%,50%,False,0x00,False,63%,0us,0.000V,0.000V,True,False,Charge Active,v01.23.7357,False,False,0x00,0x00,0x00,0x00,0x00,0x00,0x00,200,13,0,0,0,False,1.0V,0.030,1467mV,1,False,False,v01.20.7357
26-05-30 12:11:58.636602,2902,496,1044,620,240,280,1796,200,True,True,True,True,True,True,True,True,2902,496,1044,620,240,280,1796,200,0,0,0,0,0,0,0,0,WPT Ready,0,0,False,0,0,0,0,0,0,75%,50%,False,0x00,False,63%,0us,0.000V,0.000V,True,False,Charge Active,v01.23.7357,False,False,0x00,0x00,0x00,0x00,0x00,0x00,0x00,200,13,0,0,0,False,1.0V,0.030,1467mV,1,False,False,v01.20.7357
26-05-30 12:11:58.836852,2902,496,1044,620,240,280,1796,200,True,True,True,True,True,True,True,True,2902,496,1044,620,240,280,1796,200,0,0,0,0,0,0,0,0,WPT Ready,0,0,False,0,0,0,0,0,0,75%,50%,False,0x00,False,63%,0us,0.000V,0.000V,True,False,Charge Active,v01.23.7357,False,False,0x00,0x00,0x00,0x00,0x00,0x00,0x00,200,13,0,0,0,False,1.0V,0.030,1467mV,1,False,False,v01.20.7357
26-05-30 12:11:59.039719,2902,496,1044,620,240,280,1796,200,True,True,True,True,True,True,True,True,2902,496,1044,620,240,280,1796,200,0,0,0,0,0,0,0,0,WPT Ready,0,0,False,0,0,0,0,0,0,75%,50%,False,0x00,False,63%,0us,0.000V,0.000V,True,False,Charge Active,v01.23.7357,False,False,0x00,0x00,0x00,0x00,0x00,0x00,0x00,200,13,0,0,0,False,1.0V,0.030,1467mV,1,False,False,v01.20.7357
26-05-30 12:11:59.270681,2902,496,1044,620,240,280,1796,200,True,True,True,True,True,True,True,True,2902,496,1044,620,240,280,1796,200,0,0,0,0,0,0,0,0,WPT Ready,0,0,False,0,0,0,0,0,0,75%,50%,False,0x00,False,63%,0us,0.000V,0.000V,True,False,Charge Active,v01.23.7357,False,False,0x00,0x00,0x00,0x00,0x00,0x00,0x00,200,13,0,0,0,False,1.0V,0.030,1467mV,1,False,False,v01.20.7357
26-05-30 12:11:59.444896,2902,496,1044,620,240,280,1796,200,True,True,True,True,True,True,True,True,2902,496,1044,620,240,280,1796,200,0,0,0,0,0,0,0,0,WPT Ready,0,0,False,0,0,0,0,0,0,75%,50%,False,0x00,False,63%,0us,0.000V,0.000V,True,False,Charge Active,v01.23.7357,False,False,0x00,0x00,0x00,0x00,0x00,0x00,0x00,200,13,0,0,0,False,1.0V,0.030,1467mV,1,False,False,v01.20.7357
26-05-30 12:11:59.648858,2902,496,1044,620,240,280,1796,200,True,True,True,True,True,True,True,True,2902,496,1044,620,240,280,1796,200,0,0,0,0,0,0,0,0,WPT Ready,0,0,False,0,0,0,0,0,0,75%,50%,False,0x00,False,63%,0us,0.000V,0.000V,True,False,Charge Active,v01.23.7357,False,False,0x00,0x00,0x00,0x00,0x00,0x00,0x00,200,13,0,0,0,False,1.0V,0.030,1467mV,1,False,False,v01.20.7357
26-05-30 12:11:59.843459,2902,496,1044,620,240,280,1796,200,True,True,True,True,True,True,True,True,2902,496,1044,620,240,280,1796,200,0,0,0,0,0,0,0,0,WPT Ready,0,0,False,0,0,0,0,0,0,75%,50%,False,0x00,False,63%,0us,0.000V,0.000V,True,False,Charge Active,v01.23.7357,False,False,0x00,0x00,0x00,0x00,0x00,0x00,0x00,200,13,0,0,0,False,1.0V,0.030,1467mV,1,False,False,v01.20.7357
26-05-30 12:12:00.060034,2902,496,1044,620,240,280,1796,200,True,True,True,True,True,True,True,True,2902,496,1044,620,240,280,1796,200,0,0,0,0,0,0,0,0,WPT Ready,0,0,False,0,0,0,0,0,0,75%,50%,False,0x00,False,63%,0us,0.000V,0.000V,True,False,Charge Active,v01.23.7357,False,False,0x00,0x00,0x00,0x00,0x00,0x00,0x00,200,13,0,0,0,False,1.0V,0.030,1467mV,1,False,False,v01.20.7357
26-05-30 12:12:00.250683,2902,496,1044,620,240,280,1796,200,True,True,True,True,True,True,True,True,2902,496,1044,620,240,280,1796,200,0,0,0,0,0,0,0,0,WPT Ready,0,0,False,0,0,0,0,0,0,75%,50%,False,0x00,False,63%,0us,0.000V,0.000V,True,False,Charge Active,v01.23.7357,False,False,0x00,0x00,0x00,0x00,0x00,0x00,0x00,200,13,0,0,0,False,1.0V,0.030,1467mV,1,False,False,v01.20.7357
26-05-30 12:12:00.457043,2902,496,1044,620,240,280,1796,200,True,True,True,True,True,True,True,True,2902,496,1044,620,240,280,1796,200,0,0,0,0,0,0,0,0,WPT Ready,0,0,False,0,0,0,0,0,0,75%,50%,False,0x00,False,63%,0us,0.000V,0.000V,True,False,Charge Active,v01.23.7357,False,False,0x00,0x00,0x00,0x00,0x00,0x00,0x00,200,13,0,0,0,False,1.0V,0.030,1467mV,1,False,False,v01.20.7357
26-05-30 12:12:00.641992,2902,496,1044,620,240,280,1796,200,True,True,True,True,True,True,True,True,2902,496,1044,620,240,280,1796,200,0,0,0,0,0,0,0,0,WPT Ready,0,0,False,0,0,0,0,0,0,75%,50%,False,0x00,False,63%,0us,0.000V,0.000V,True,False,Charge Active,v01.23.7357,False,False,0x00,0x00,0x00,0x00,0x00,0x00,0x00,200,13,0,0,0,False,1.0V,0.030,1467mV,1,False,False,v01.20.7357
26-05-30 12:12:00.859380,2902,496,1044,620,240,280,1796,200,True,True,True,True,True,True,True,True,2902,496,1044,620,240,280,1796,200,0,0,0,0,0,0,0,0,WPT Ready,0,0,False,0,0,0,0,0,0,75%,50%,False,0x00,False,63%,0us,0.000V,0.000V,True,False,Charge Active,v01.23.7357,False,False,0x00,0x00,0x00,0x00,0x00,0x00,0x00,200,13,0,0,0,False,1.0V,0.030,1467mV,1,False,False,v01.20.7357
26-05-30 12:12:01.056278,2902,496,1044,620,240,280,1796,200,True,True,True,True,True,True,True,True,2902,496,1044,620,240,280,1796,200,0,0,0,0,0,0,0,0,WPT Ready,0,0,False,0,0,0,0,0,0,75%,50%,False,0x00,False,63%,0us,0.000V,0.000V,True,False,Charge Active,v01.23.7357,False,False,0x00,0x00,0x00,0x00,0x00,0x00,0x00,200,13,0,0,0,False,1.0V,0.030,1467mV,1,False,False,v01.20.7357
26-05-30 12:12:01.263857,2902,496,1044,620,240,280,1796,200,True,True,True,True,True,True,True,True,2902,496,1044,620,240,280,1796,200,0,0,0,0,0,0,0,0,WPT Ready,0,0,False,0,0,0,0,0,0,75%,50%,False,0x00,False,63%,0us,0.000V,0.000V,True,False,Charge Active,v01.23.7357,False,False,0x00,0x00,0x00,0x00,0x00,0x00,0x00,200,13,0,0,0,False,1.0V,0.030,1467mV,1,False,False,v01.20.7357
26-05-30 12:12:01.462559,2902,496,1044,620,240,280,1796,200,True,True,True,True,True,True,True,True,2902,496,1044,620,240,280,1796,200,0,0,0,0,0,0,0,0,WPT Ready,0,0,False,0,0,0,0,0,0,75%,50%,False,0x00,False,63%,0us,0.000V,0.000V,True,False,Charge Active,v01.23.7357,False,False,0x00,0x00,0x00,0x00,0x00,0x00,0x00,200,13,0,0,0,False,1.0V,0.030,1467mV,1,False,False,v01.20.7357
26-05-30 12:12:01.644525,2902,496,1044,620,240,280,1796,200,True,True,True,True,True,True,True,True,2902,496,1044,620,240,280,1796,200,0,0,0,0,0,0,0,0,WPT Ready,0,0,False,0,0,0,0,0,0,75%,50%,False,0x00,False,63%,0us,0.000V,0.000V,True,False,Charge Active,v01.23.7357,False,False,0x00,0x00,0x00,0x00,0x00,0x00,0x00,200,13,0,0,0,False,1.0V,0.030,1467mV,1,False,False,v01.20.7357
26-05-30 12:12:01.855152,2902,496,1044,620,240,280,1796,200,True,True,True,True,True,True,True,True,2902,496,1044,620,240,280,1796,200,0,0,0,0,0,0,0,0,WPT Ready,0,0,False,0,0,0,0,0,0,75%,50%,False,0x00,False,63%,0us,0.000V,0.000V,True,False,Charge Active,v01.23.7357,False,False,0x00,0x00,0x00,0x00,0x00,0x00,0x00,200,13,0,0,0,False,1.0V,0.030,1467mV,1,False,False,v01.20.7357
26-05-30 12:12:02.039631,2902,496,1044,620,240,280,1796,200,True,True,True,True,True,True,True,True,2902,496,1044,620,240,280,1796,200,0,0,0,0,0,0,0,0,WPT Ready,0,0,False,0,0,0,0,0,0,75%,50%,False,0x00,False,63%,0us,0.000V,0.000V,True,False,Charge Active,v01.23.7357,False,False,0x00,0x00,0x00,0x00,0x00,0x00,0x00,200,13,0,0,0,False,1.0V,0.030,1467mV,1,False,False,v01.20.7357
26-05-30 12:12:02.248452,2902,496,1044,620,240,280,1796,200,True,True,True,True,True,True,True,True,2902,496,1044,620,240,280,1796,200,0,0,0,0,0,0,0,0,WPT Ready,0,0,False,0,0,0,0,0,0,75%,50%,False,0x00,False,63%,0us,0.000V,0.000V,True,False,Charge Active,v01.23.7357,False,False,0x00,0x00,0x00,0x00,0x00,0x00,0x00,200,13,0,0,0,False,1.0V,0.030,1467mV,1,False,False,v01.20.7357
26-05-30 12:12:02.438489,2902,496,1044,620,240,280,1796,200,True,True,True,True,True,True,True,True,2902,496,1044,620,240,280,1796,200,0,0,0,0,0,0,0,0,WPT Ready,0,0,False,0,0,0,0,0,0,75%,50%,False,0x00,False,63%,0us,0.000V,0.000V,True,False,Charge Active,v01.23.7357,False,False,0x00,0x00,0x00,0x00,0x00,0x00,0x00,200,13,0,0,0,False,1.0V,0.030,1467mV,1,False,False,v01.20.7357
26-05-30 12:12:02.671542,2902,496,1044,620,240,280,1796,200,True,True,True,True,True,True,True,True,2902,496,1044,620,240,280,1796,200,0,0,0,0,0,0,0,0,WPT Ready,0,0,False,0,0,0,0,0,0,75%,50%,False,0x00,False,63%,0us,0.000V,0.000V,True,False,Charge Active,v01.23.7357,False,False,0x00,0x00,0x00,0x00,0x00,0x00,0x00,200,13,0,0,0,False,1.0V,0.030,1467mV,1,False,False,v01.20.7357
26-05-30 12:12:02.853923,2902,496,1044,620,240,280,1796,200,True,True,True,True,True,True,True,True,2902,496,1044,620,240,280,1796,200,0,0,0,0,0,0,0,0,WPT Ready,0,0,False,0,0,0,0,0,0,75%,50%,False,0x00,False,63%,0us,0.000V,0.000V,True,False,Charge Active,v01.23.7357,False,False,0x00,0x00,0x00,0x00,0x00,0x00,0x00,200,13,0,0,0,False,1.0V,0.030,1467mV,1,False,False,v01.20.7357
26-05-30 12:12:03.039776,2902,496,1044,620,240,280,1796,200,True,True,True,True,True,True,True,True,2902,496,1044,620,240,280,1796,200,0,0,0,0,0,0,0,0,WPT Ready,0,0,False,0,0,0,0,0,0,75%,50%,False,0x00,False,63%,0us,0.000V,0.000V,True,False,Charge Active,v01.23.7357,False,False,0x00,0x00,0x00,0x00,0x00,0x00,0x00,200,13,0,0,0,False,1.0V,0.030,1467mV,1,False,False,v01.20.7357
26-05-30 12:12:03.252342,2902,496,1044,620,240,280,1796,200,True,True,True,True,True,True,True,True,2902,496,1044,620,240,280,1796,200,0,0,0,0,0,0,0,0,WPT Ready,0,0,False,0,0,0,0,0,0,75%,50%,False,0x00,False,63%,0us,0.000V,0.000V,True,False,Charge Active,v01.23.7357,False,False,0x00,0x00,0x00,0x00,0x00,0x00,0x00,200,13,0,0,0,False,1.0V,0.030,1467mV,1,False,False,v01.20.7357
26-05-30 12:12:03.460684,2902,496,1044,620,240,280,1796,200,True,True,True,True,True,True,True,True,2902,496,1044,620,240,280,1796,200,0,0,0,0,0,0,0,0,WPT Ready,0,0,False,0,0,0,0,0,0,75%,50%,False,0x00,False,63%,0us,0.000V,0.000V,True,False,Charge Active,v01.23.7357,False,False,0x00,0x00,0x00,0x00,0x00,0x00,0x00,200,13,0,0,0,False,1.0V,0.030,1467mV,1,False,False,v01.20.7357
26-05-30 12:12:03.755655,2902,496,1044,620,240,280,1796,200,True,True,True,True,True,True,True,True,2902,496,1044,620,240,280,1796,200,0,0,0,0,0,0,0,0,WPT Ready,0,0,False,0,0,0,0,0,0,75%,50%,False,0x00,False,63%,0us,0.000V,0.000V,True,False,Charge Active,v01.23.7357,False,False,0x00,0x00,0x00,0x00,0x00,0x00,0x00,200,13,0,0,0,False,1.0V,0.030,1467mV,1,False,False,v01.20.7357
26-05-30 12:12:03.868814,2902,496,1044,620,240,280,1796,200,True,True,True,True,True,True,True,True,2902,496,1044,620,240,280,1796,200,0,0,0,0,0,0,0,0,WPT Ready,0,0,False,0,0,0,0,0,0,75%,50%,False,0x00,False,63%,0us,0.000V,0.000V,True,False,Charge Active,v01.23.7357,False,False,0x00,0x00,0x00,0x00,0x00,0x00,0x00,200,13,0,0,0,False,1.0V,0.030,1467mV,1,False,False,v01.20.7357
26-05-30 12:12:04.074911,2902,496,1044,620,240,280,1796,200,True,True,True,True,True,True,True,True,2902,496,1044,620,240,280,1796,200,0,0,0,0,0,0,0,0,WPT Ready,0,0,False,0,0,0,0,0,0,75%,50%,False,0x00,False,63%,0us,0.000V,0.000V,True,False,Charge Active,v01.23.7357,False,False,0x00,0x00,0x00,0x00,0x00,0x00,0x00,200,13,0,0,0,False,1.0V,0.030,1467mV,1,False,False,v01.20.7357
26-05-30 12:12:04.243533,2902,496,1044,620,240,280,1796,200,True,True,True,True,True,True,True,True,2902,496,1044,620,240,280,1796,200,0,0,0,0,0,0,0,0,WPT Ready,0,0,False,0,0,0,0,0,0,75%,50%,False,0x00,False,63%,0us,0.000V,0.000V,True,False,Charge Active,v01.23.7357,False,False,0x00,0x00,0x00,0x00,0x00,0x00,0x00,200,13,0,0,0,False,1.0V,0.030,1467mV,1,False,False,v01.20.7357
26-05-30 12:12:04.489766,2902,496,1044,620,240,280,1796,200,True,True,True,True,True,True,True,True,2902,496,1044,620,240,280,1796,200,0,0,0,0,0,0,0,0,WPT Ready,0,0,False,0,0,0,0,0,0,75%,50%,False,0x00,False,63%,0us,0.000V,0.000V,True,False,Charge Active,v01.23.7357,False,False,0x00,0x00,0x00,0x00,0x00,0x00,0x00,200,13,0,0,0,False,1.0V,0.030,1467mV,1,False,False,v01.20.7357
26-05-30 12:12:04.668554,2902,496,1044,620,240,280,1796,200,True,True,True,True,True,True,True,True,2902,496,1044,620,240,280,1796,200,0,0,0,0,0,0,0,0,WPT Ready,0,0,False,0,0,0,0,0,0,75%,50%,False,0x00,False,63%,0us,0.000V,0.000V,True,False,Charge Active,v01.23.7357,False,False,0x00,0x00,0x00,0x00,0x00,0x00,0x00,200,13,0,0,0,False,1.0V,0.030,1467mV,1,False,False,v01.20.7357
26-05-30 12:12:04.848335,2902,496,1044,620,240,280,1796,200,True,True,True,True,True,True,True,True,2902,496,1044,620,240,280,1796,200,0,0,0,0,0,0,0,0,WPT Ready,0,0,False,0,0,0,0,0,0,75%,50%,False,0x00,False,63%,0us,0.000V,0.000V,True,False,Charge Active,v01.23.7357,False,False,0x00,0x00,0x00,0x00,0x00,0x00,0x00,200,13,0,0,0,False,1.0V,0.030,1467mV,1,False,False,v01.20.7357
26-05-30 12:12:05.056509,2902,496,1044,620,240,280,1796,200,True,True,True,True,True,True,True,True,2902,496,1044,620,240,280,1796,200,0,0,0,0,0,0,0,0,WPT Ready,0,0,False,0,0,0,0,0,0,75%,50%,False,0x00,False,63%,0us,0.000V,0.000V,True,False,Charge Active,v01.23.7357,False,False,0x00,0x00,0x00,0x00,0x00,0x00,0x00,200,13,0,0,0,False,1.0V,0.030,1467mV,1,False,False,v01.20.7357
26-05-30 12:12:05.257329,2902,496,1044,620,240,280,1796,200,True,True,True,True,True,True,True,True,2902,496,1044,620,240,280,1796,200,0,0,0,0,0,0,0,0,WPT Ready,0,0,False,0,0,0,0,0,0,75%,50%,False,0x00,False,63%,0us,0.000V,0.000V,True,False,Charge Active,v01.23.7357,False,False,0x00,0x00,0x00,0x00,0x00,0x00,0x00,200,13,0,0,0,False,1.0V,0.030,1467mV,1,False,False,v01.20.7357
26-05-30 12:12:05.473590,2902,496,1044,620,240,280,1796,200,True,True,True,True,True,True,True,True,2902,496,1044,620,240,280,1796,200,0,0,0,0,0,0,0,0,WPT Ready,0,0,False,0,0,0,0,0,0,75%,50%,False,0x00,False,63%,0us,0.000V,0.000V,True,False,Charge Active,v01.23.7357,False,False,0x00,0x00,0x00,0x00,0x00,0x00,0x00,200,13,0,0,0,False,1.0V,0.030,1467mV,1,False,False,v01.20.7357
26-05-30 12:12:05.662610,2902,496,1044,620,240,280,1796,200,True,True,True,True,True,True,True,True,2902,496,1044,620,240,280,1796,200,0,0,0,0,0,0,0,0,WPT Ready,0,0,False,0,0,0,0,0,0,75%,50%,False,0x00,False,63%,0us,0.000V,0.000V,True,False,Charge Active,v01.23.7357,False,False,0x00,0x00,0x00,0x00,0x00,0x00,0x00,200,13,0,0,0,False,1.0V,0.030,1467mV,1,False,False,v01.20.7357
26-05-30 12:12:05.872212,2902,496,1044,620,240,280,1796,200,True,True,True,True,True,True,True,True,2902,496,1044,620,240,280,1796,200,0,0,0,0,0,0,0,0,WPT Ready,0,0,False,0,0,0,0,0,0,75%,50%,False,0x00,False,63%,0us,0.000V,0.000V,True,False,Charge Active,v01.23.7357,False,False,0x00,0x00,0x00,0x00,0x00,0x00,0x00,200,13,0,0,0,False,1.0V,0.030,1467mV,1,False,False,v01.20.7357
26-05-30 12:12:06.062921,2902,496,1044,620,240,280,1796,200,True,True,True,True,True,True,True,True,2902,496,1044,620,240,280,1796,200,0,0,0,0,0,0,0,0,WPT Ready,0,0,False,0,0,0,0,0,0,75%,50%,False,0x00,False,63%,0us,0.000V,0.000V,True,False,Charge Active,v01.23.7357,False,False,0x00,0x00,0x00,0x00,0x00,0x00,0x00,200,13,0,0,0,False,1.0V,0.030,1467mV,1,False,False,v01.20.7357
26-05-30 12:12:06.268510,2902,496,1044,620,240,280,1796,200,True,True,True,True,True,True,True,True,2902,496,1044,620,240,280,1796,200,0,0,0,0,0,0,0,0,WPT Ready,0,0,False,0,0,0,0,0,0,75%,50%,False,0x00,False,63%,0us,0.000V,0.000V,True,False,Charge Active,v01.23.7357,False,False,0x00,0x00,0x00,0x00,0x00,0x00,0x00,200,13,0,0,0,False,1.0V,0.030,1467mV,1,False,False,v01.20.7357
26-05-30 12:12:06.469712,2902,496,1044,620,240,280,1796,200,True,True,True,True,True,True,True,True,2902,496,1044,620,240,280,1796,200,0,0,0,0,0,0,0,0,WPT Ready,0,0,False,0,0,0,0,0,0,75%,50%,False,0x00,False,63%,0us,0.000V,0.000V,True,False,Charge Active,v01.23.7357,False,False,0x00,0x00,0x00,0x00,0x00,0x00,0x00,200,13,0,0,0,False,1.0V,0.030,1467mV,1,False,False,v01.20.7357
26-05-30 12:12:06.695467,2902,496,1044,620,240,280,1796,200,True,True,True,True,True,True,True,True,2902,496,1044,620,240,280,1796,200,0,0,0,0,0,0,0,0,WPT Ready,0,0,False,0,0,0,0,0,0,75%,50%,False,0x00,False,63%,0us,0.000V,0.000V,True,False,Charge Active,v01.23.7357,False,False,0x00,0x00,0x00,0x00,0x00,0x00,0x00,200,13,0,0,0,False,1.0V,0.030,1467mV,1,False,False,v01.20.7357
26-05-30 12:12:06.862810,2902,496,1044,620,240,280,1796,200,True,True,True,True,True,True,True,True,2902,496,1044,620,240,280,1796,200,0,0,0,0,0,0,0,0,WPT Ready,0,0,False,0,0,0,0,0,0,75%,50%,False,0x00,False,63%,0us,0.000V,0.000V,True,False,Charge Active,v01.23.7357,False,False,0x00,0x00,0x00,0x00,0x00,0x00,0x00,200,13,0,0,0,False,1.0V,0.030,1467mV,1,False,False,v01.20.7357
26-05-30 12:12:07.050517,2902,496,1044,620,240,280,1796,200,True,True,True,True,True,True,True,True,2902,496,1044,620,240,280,1796,200,0,0,0,0,0,0,0,0,WPT Ready,0,0,False,0,0,0,0,0,0,75%,50%,False,0x00,False,63%,0us,0.000V,0.000V,True,False,Charge Active,v01.23.7357,False,False,0x00,0x00,0x00,0x00,0x00,0x00,0x00,200,13,0,0,0,False,1.0V,0.030,1467mV,1,False,False,v01.20.7357
26-05-30 12:12:07.272680,2902,496,1044,620,240,280,1796,200,True,True,True,True,True,True,True,True,2902,496,1044,620,240,280,1796,200,0,0,0,0,0,0,0,0,WPT Ready,0,0,False,0,0,0,0,0,0,75%,50%,False,0x00,False,63%,0us,0.000V,0.000V,True,False,Charge Active,v01.23.7357,False,False,0x00,0x00,0x00,0x00,0x00,0x00,0x00,200,13,0,0,0,False,1.0V,0.030,1467mV,1,False,False,v01.20.7357
26-05-30 12:12:07.441038,2902,496,1044,620,240,280,1796,200,True,True,True,True,True,True,True,True,2902,496,1044,620,240,280,1796,200,0,0,0,0,0,0,0,0,WPT Ready,0,0,False,0,0,0,0,0,0,75%,50%,False,0x00,False,63%,0us,0.000V,0.000V,True,False,Charge Active,v01.23.7357,False,False,0x00,0x00,0x00,0x00,0x00,0x00,0x00,200,13,0,0,0,False,1.0V,0.030,1467mV,1,False,False,v01.20.7357
26-05-30 12:12:07.663597,2902,496,1044,620,240,280,1796,200,True,True,True,True,True,True,True,True,2902,496,1044,620,240,280,1796,200,0,0,0,0,0,0,0,0,WPT Ready,0,0,False,0,0,0,0,0,0,75%,50%,False,0x00,False,63%,0us,0.000V,0.000V,True,False,Charge Active,v01.23.7357,False,False,0x00,0x00,0x00,0x00,0x00,0x00,0x00,200,13,0,0,0,False,1.0V,0.030,1467mV,1,False,False,v01.20.7357
26-05-30 12:12:07.870905,2902,496,1044,620,240,280,1796,200,True,True,True,True,True,True,True,True,2902,496,1044,620,240,280,1796,200,0,0,0,0,0,0,0,0,WPT Ready,0,0,False,0,0,0,0,0,0,75%,50%,False,0x00,False,63%,0us,0.000V,0.000V,True,False,Charge Active,v01.23.7357,False,False,0x00,0x00,0x00,0x00,0x00,0x00,0x00,200,13,0,0,0,False,1.0V,0.030,1467mV,1,False,False,v01.20.7357
26-05-30 12:12:08.052176,2902,496,1044,620,240,280,1796,200,True,True,True,True,True,True,True,True,2902,496,1044,620,240,280,1796,200,0,0,0,0,0,0,0,0,WPT Ready,0,0,False,0,0,0,0,0,0,75%,50%,False,0x00,False,63%,0us,0.000V,0.000V,True,False,Charge Active,v01.23.7357,False,False,0x00,0x00,0x00,0x00,0x00,0x00,0x00,200,13,0,0,0,False,1.0V,0.030,1467mV,1,False,False,v01.20.7357
26-05-30 12:12:08.268185,2902,496,1044,620,240,280,1796,200,True,True,True,True,True,True,True,True,2902,496,1044,620,240,280,1796,200,0,0,0,0,0,0,0,0,WPT Ready,0,0,False,0,0,0,0,0,0,75%,50%,False,0x00,False,63%,0us,0.000V,0.000V,True,False,Charge Active,v01.23.7357,False,False,0x00,0x00,0x00,0x00,0x00,0x00,0x00,200,13,0,0,0,False,1.0V,0.030,1467mV,1,False,False,v01.20.7357
26-05-30 12:12:08.464299,2902,496,1044,620,240,280,1796,200,True,True,True,True,True,True,True,True,2902,496,1044,620,240,280,1796,200,0,0,0,0,0,0,0,0,WPT Ready,0,0,False,0,0,0,0,0,0,75%,50%,False,0x00,False,63%,0us,0.000V,0.000V,True,False,Charge Active,v01.23.7357,False,False,0x00,0x00,0x00,0x00,0x00,0x00,0x00,200,13,0,0,0,False,1.0V,0.030,1467mV,1,False,False,v01.20.7357
26-05-30 12:12:08.685059,2902,496,1044,620,240,280,1796,200,True,True,True,True,True,True,True,True,2902,496,1044,620,240,280,1796,200,0,0,0,0,0,0,0,0,WPT Ready,0,0,False,0,0,0,0,0,0,75%,50%,False,0x00,False,63%,0us,0.000V,0.000V,True,False,Charge Active,v01.23.7357,False,False,0x00,0x00,0x00,0x00,0x00,0x00,0x00,200,13,0,0,0,False,1.0V,0.030,1467mV,1,False,False,v01.20.7357
26-05-30 12:12:08.840218,2902,496,1044,620,240,280,1796,200,True,True,True,True,True,True,True,True,2902,496,1044,620,240,280,1796,200,0,0,0,0,0,0,0,0,WPT Ready,0,0,False,0,0,0,0,0,0,75%,50%,False,0x00,False,63%,0us,0.000V,0.000V,True,False,Charge Active,v01.23.7357,False,False,0x00,0x00,0x00,0x00,0x00,0x00,0x00,200,13,0,0,0,False,1.0V,0.030,1467mV,1,False,False,v01.20.7357
26-05-30 12:12:09.045597,2902,496,1044,620,240,280,1796,200,True,True,True,True,True,True,True,True,2902,496,1044,620,240,280,1796,200,0,0,0,0,0,0,0,0,WPT Ready,0,0,False,0,0,0,0,0,0,75%,50%,False,0x00,False,63%,0us,0.000V,0.000V,True,False,Charge Active,v01.23.7357,False,False,0x00,0x00,0x00,0x00,0x00,0x00,0x00,200,13,0,0,0,False,1.0V,0.030,1467mV,1,False,False,v01.20.7357
26-05-30 12:12:09.326147,2902,496,1044,620,240,280,1796,200,True,True,True,True,True,True,True,True,2902,496,1044,620,240,280,1796,200,0,0,0,0,0,0,0,0,WPT Ready,0,0,False,0,0,0,0,0,0,75%,50%,False,0x00,False,63%,0us,0.000V,0.000V,True,False,Charge Active,v01.23.7357,False,False,0x00,0x00,0x00,0x00,0x00,0x00,0x00,200,13,0,0,0,False,1.0V,0.030,1467mV,1,False,False,v01.20.7357
26-05-30 12:12:09.452688,2902,496,1044,620,240,280,1796,200,True,True,True,True,True,True,True,True,2902,496,1044,620,240,280,1796,200,0,0,0,0,0,0,0,0,WPT Ready,0,0,False,0,0,0,0,0,0,75%,50%,False,0x00,False,63%,0us,0.000V,0.000V,True,False,Charge Active,v01.23.7357,False,False,0x00,0x00,0x00,0x00,0x00,0x00,0x00,200,13,0,0,0,False,1.0V,0.030,1467mV,1,False,False,v01.20.7357
26-05-30 12:12:09.642652,2902,496,1044,620,240,280,1796,200,True,True,True,True,True,True,True,True,2902,496,1044,620,240,280,1796,200,0,0,0,0,0,0,0,0,WPT Ready,0,0,False,0,0,0,0,0,0,75%,50%,False,0x00,False,63%,0us,0.000V,0.000V,True,False,Charge Active,v01.23.7357,False,False,0x00,0x00,0x00,0x00,0x00,0x00,0x00,200,13,0,0,0,False,1.0V,0.030,1467mV,1,False,False,v01.20.7357
26-05-30 12:12:09.861889,2902,496,1044,620,240,280,1796,200,True,True,True,True,True,True,True,True,2902,496,1044,620,240,280,1796,200,0,0,0,0,0,0,0,0,WPT Ready,0,0,False,0,0,0,0,0,0,75%,50%,False,0x00,False,63%,0us,0.000V,0.000V,True,False,Charge Active,v01.23.7357,False,False,0x00,0x00,0x00,0x00,0x00,0x00,0x00,200,13,0,0,0,False,1.0V,0.030,1467mV,1,False,False,v01.20.7357
26-05-30 12:12:10.065822,2902,496,1044,620,240,280,1796,200,True,True,True,True,True,True,True,True,2902,496,1044,620,240,280,1796,200,0,0,0,0,0,0,0,0,WPT Ready,0,0,False,0,0,0,0,0,0,75%,50%,False,0x00,False,63%,0us,0.000V,0.000V,True,False,Charge Active,v01.23.7357,False,False,0x00,0x00,0x00,0x00,0x00,0x00,0x00,200,13,0,0,0,False,1.0V,0.030,1467mV,1,False,False,v01.20.7357
26-05-30 12:12:10.252209,2902,496,1044,620,240,280,1796,200,True,True,True,True,True,True,True,True,2902,496,1044,620,240,280,1796,200,0,0,0,0,0,0,0,0,WPT Ready,0,0,False,0,0,0,0,0,0,75%,50%,False,0x00,False,63%,0us,0.000V,0.000V,True,False,Charge Active,v01.23.7357,False,False,0x00,0x00,0x00,0x00,0x00,0x00,0x00,200,13,0,0,0,False,1.0V,0.030,1467mV,1,False,False,v01.20.7357
26-05-30 12:12:10.476132,2902,496,1044,620,240,280,1796,200,True,True,True,True,True,True,True,True,2902,496,1044,620,240,280,1796,200,0,0,0,0,0,0,0,0,WPT Ready,0,0,False,0,0,0,0,0,0,75%,50%,False,0x00,False,63%,0us,0.000V,0.000V,True,False,Charge Active,v01.23.7357,False,False,0x00,0x00,0x00,0x00,0x00,0x00,0x00,200,13,0,0,0,False,1.0V,0.030,1467mV,1,False,False,v01.20.7357
26-05-30 12:12:10.639495,2902,496,1044,620,240,280,1796,200,True,True,True,True,True,True,True,True,2902,496,1044,620,240,280,1796,200,0,0,0,0,0,0,0,0,WPT Ready,0,0,False,0,0,0,0,0,0,75%,50%,False,0x00,False,63%,0us,0.000V,0.000V,True,False,Charge Active,v01.23.7357,False,False,0x00,0x00,0x00,0x00,0x00,0x00,0x00,200,13,0,0,0,False,1.0V,0.030,1467mV,1,False,False,v01.20.7357
26-05-30 12:12:10.940386,2902,496,1044,620,240,280,1796,200,True,True,True,True,True,True,True,True,2902,496,1044,620,240,280,1796,200,0,0,0,0,0,0,0,0,WPT Ready,0,0,False,0,0,0,0,0,0,75%,50%,False,0x00,False,63%,0us,0.000V,0.000V,True,False,Charge Active,v01.23.7357,False,False,0x00,0x00,0x00,0x00,0x00,0x00,0x00,200,13,0,0,0,False,1.0V,0.030,1467mV,1,False,False,v01.20.7357
26-05-30 12:12:11.055892,2902,496,1044,620,240,280,1796,200,True,True,True,True,True,True,True,True,2902,496,1044,620,240,280,1796,200,0,0,0,0,0,0,0,0,WPT Ready,0,0,False,0,0,0,0,0,0,75%,50%,False,0x00,False,63%,0us,0.000V,0.000V,True,False,Charge Active,v01.23.7357,False,False,0x00,0x00,0x00,0x00,0x00,0x00,0x00,200,13,0,0,0,False,1.0V,0.030,1467mV,1,False,False,v01.20.7357
26-05-30 12:12:11.270718,2902,496,1044,620,240,280,1796,200,True,True,True,True,True,True,True,True,2902,496,1044,620,240,280,1796,200,0,0,0,0,0,0,0,0,WPT Ready,0,0,False,0,0,0,0,0,0,75%,50%,False,0x00,False,63%,0us,0.000V,0.000V,True,False,Charge Active,v01.23.7357,False,False,0x00,0x00,0x00,0x00,0x00,0x00,0x00,200,13,0,0,0,False,1.0V,0.030,1467mV,1,False,False,v01.20.7357
