Timestamp,v_sys_smp,i_sys_smp,v_bst_smp,i_bst_smp,t_bst_smp,t_inv_smp,v_rec_smp,t_rec_smp,v_sys_avg_valid,i_sys_avg_valid,v_bst_avg_valid,i_bst_avg_valid,t_bst_avg_valid,t_inv_avg_valid,v_rec_avg_valid,t_rec_avg_valid,v_sys_avg,i_sys_avg,v_bst_avg,i_bst_avg,t_bst_avg,t_inv_avg,v_rec_avg,t_rec_avg,v_sys_tripped,i_sys_tripped,v_bst_tripped,i_bst_tripped,t_bst_tripped,t_inv_tripped,v_rec_tripped,t_rec_tripped,State,Trips and Commands,Fault Count,WPT Enabled,FPGA Buck Deadtime,FPGA Boost Deadtime,FPGA A Coarse,FPGA A Fine,FPGA B Coarse,FPGA B Fine,Hub SOC,Implant SOC,UI Button,UI Counter,USB Charging,Alignment,PETV CTRL,Control Error,Control Voltage,Implant Synced,Implant CMD Stop,Implant State,Implant Version,BMS PG,BMS INT,BMS STAT0,BMS STAT1,BMS STAT2,BMS FLAG0,BMS FLAG1,BMS FLAG2,BMS FLAG3,PETV CTRL Valids,PETV Slow Valids,PETV Stats Value,PETV Resp Valids,PETV Resp Valids IDX,Open Loop,DCDC Voltage,Control kI,PETV Compare Threshold,PETV Stats Index,WPT Start,WPT Stop,Hub Version
26-05-31 16:44:34.135634,2902,496,1044,620,240,280,1796,200,True,True,True,True,True,True,True,True,2902,496,1044,620,240,280,1796,200,0,0,0,0,0,0,0,0,WPT Ready,0,0,False,0,0,0,0,0,0,75%,50%,False,0x00,False,63%,0us,0.000V,0.000V,True,False,Charge Active,v01.23.7357,False,False,0x00,0x00,0x00,0x00,0x00,0x00,0x00,200,13,0,0,0,False,1.0V,0.030,1467mV,1,False,False,v01.20.7357
26-05-31 16:44:34.639099,2902,496,1044,620,240,280,1796,200,True,True,True,True,True,True,True,True,2902,496,1044,620,240,280,1796,200,0,0,0,0,0,0,0,0,WPT Ready,0,0,False,0,0,0,0,0,0,75%,50%,False,0x00,False,63%,0us,0.000V,0.000V,True,False,Charge Active,v01.23.7357,False,False,0x00,0x00,0x00,0x00,0x00,0x00,0x00,200,13,0,0,0,False,1.0V,0.030,1467mV,1,False,False,v01.20.7357
26-05-31 16:44:34.675398,2902,496,1044,620,240,280,1796,200,True,True,True,True,True,True,True,True,2902,496,1044,620,240,280,1796,200,0,0,0,0,0,0,0,0,WPT Ready,0,0,False,0,0,0,0,0,0,75%,50%,False,0x00,False,63%,0us,0.000V,0.000V,True,False,Charge Active,v01.23.7357,False,False,0x00,0x00,0x00,0x00,0x00,0x00,0x00,200,13,0,0,0,False,1.0V,0.030,1467mV,1,False,False,v01.20.7357
26-05-31 16:44:34.771281,2902,496,1044,620,240,280,1796,200,True,True,True,True,True,True,True,True,2902,496,1044,620,240,280,1796,200,0,0,0,0,0,0,0,0,WPT Ready,0,0,False,0,0,0,0,0,0,75%,50%,False,0x00,False,63%,0us,0.000V,0.000V,True,False,Charge Active,v01.23.7357,False,False,0x00,0x00,0x00,0x00,0x00,0x00,0x00,200,13,0,0,0,False,1.0V,0.030,1467mV,1,False,False,v01.20.7357
26-05-31 16:44:34.890574,2902,496,1044,620,240,280,1796,200,True,True,True,True,True,True,True,True,2902,496,1044,620,240,280,1796,200,0,0,0,0,0,0,0,0,WPT Ready,0,0,False,0,0,0,0,0,0,75%,50%,False,0x00,False,63%,0us,0.000V,0.000V,True,False,Charge Active,v01.23.7357,False,False,0x00,0x00,0x00,0x00,0x00,0x00,0x00,200,13,0,0,0,False,1.0V,0.030,1467mV,1,False,False,v01.20.7357
26-05-31 16:44:35.131670,2902,496,1044,620,240,280,1796,200,True,True,True,True,True,True,True,True,2902,496,1044,620,240,280,1796,200,0,0,0,0,0,0,0,0,WPT Ready,0,0,False,0,0,0,0,0,0,75%,50%,False,0x00,False,63%,0us,0.000V,0.000V,True,False,Charge Active,v01.23.7357,False,False,0x00,0x00,0x00,0x00,0x00,0x00,0x00,200,13,0,0,0,False,1.0V,0.030,1467mV,1,False,False,v01.20.7357
26-05-31 16:44:35.543619,2902,496,1044,620,240,280,1796,200,True,True,True,True,True,True,True,True,2902,496,1044,620,240,280,1796,200,0,0,0,0,0,0,0,0,WPT Ready,0,0,False,0,0,0,0,0,0,75%,50%,False,0x00,False,63%,0us,0.000V,0.000V,True,False,Charge Active,v01.23.7357,False,False,0x00,0x00,0x00,0x00,0x00,0x00,0x00,200,13,0,0,0,False,1.0V,0.030,1467mV,1,False,False,v01.20.7357
26-05-31 16:44:35.622884,2902,496,1044,620,240,280,1796,200,True,True,True,True,True,True,True,True,2902,496,1044,620,240,280,1796,200,0,0,0,0,0,0,0,0,WPT Ready,0,0,False,0,0,0,0,0,0,75%,50%,False,0x00,False,63%,0us,0.000V,0.000V,True,False,Charge Active,v01.23.7357,False,False,0x00,0x00,0x00,0x00,0x00,0x00,0x00,200,13,0,0,0,False,1.0V,0.030,1467mV,1,False,False,v01.20.7357
26-05-31 16:44:35.688574,2902,496,1044,620,240,280,1796,200,True,True,True,True,True,True,True,True,2902,496,1044,620,240,280,1796,200,0,0,0,0,0,0,0,0,WPT Ready,0,0,False,0,0,0,0,0,0,75%,50%,False,0x00,False,63%,0us,0.000V,0.000V,True,False,Charge Active,v01.23.7357,False,False,0x00,0x00,0x00,0x00,0x00,0x00,0x00,200,13,0,0,0,False,1.0V,0.030,1467mV,1,False,False,v01.20.7357
26-05-31 16:44:35.926126,2902,496,1044,620,240,280,1796,200,True,True,True,True,True,True,True,True,2902,496,1044,620,240,280,1796,200,0,0,0,0,0,0,0,0,WPT Ready,0,0,False,0,0,0,0,0,0,75%,50%,False,0x00,False,63%,0us,0.000V,0.000V,True,False,Charge Active,v01.23.7357,False,False,0x00,0x00,0x00,0x00,0x00,0x00,0x00,200,13,0,0,0,False,1.0V,0.030,1467mV,1,False,False,v01.20.7357
26-05-31 16:44:36.118623,2902,496,1044,620,240,280,1796,200,True,True,True,True,True,True,True,True,2902,496,1044,620,240,280,1796,200,0,0,0,0,0,0,0,0,WPT Ready,0,0,False,0,0,0,0,0,0,75%,50%,False,0x00,False,63%,0us,0.000V,0.000V,True,False,Charge Active,v01.23.7357,False,False,0x00,0x00,0x00,0x00,0x00,0x00,0x00,200,13,0,0,0,False,1.0V,0.030,1467mV,1,False,False,v01.20.7357
26-05-31 16:44:36.338450,2902,496,1044,620,240,280,1796,200,True,True,True,True,True,True,True,True,2902,496,1044,620,240,280,1796,200,0,0,0,0,0,0,0,0,WPT Ready,0,0,False,0,0,0,0,0,0,75%,50%,False,0x00,False,63%,0us,0.000V,0.000V,True,False,Charge Active,v01.23.7357,False,False,0x00,0x00,0x00,0x00,0x00,0x00,0x00,200,13,0,0,0,False,1.0V,0.030,1467mV,1,False,False,v01.20.7357
26-05-31 16:44:36.492515,2902,496,1044,620,240,280,1796,200,True,True,True,True,True,True,True,True,2902,496,1044,620,240,280,1796,200,0,0,0,0,0,0,0,0,WPT Ready,0,0,False,0,0,0,0,0,0,75%,50%,False,0x00,False,63%,0us,0.000V,0.000V,True,False,Charge Active,v01.23.7357,False,False,0x00,0x00,0x00,0x00,0x00,0x00,0x00,200,13,0,0,0,False,1.0V,0.030,1467mV,1,False,False,v01.20.7357
26-05-31 16:44:36.710362,2902,496,1044,620,240,280,1796,200,True,True,True,True,True,True,True,True,2902,496,1044,620,240,280,1796,200,0,0,0,0,0,0,0,0,WPT Ready,0,0,False,0,0,0,0,0,0,75%,50%,False,0x00,False,63%,0us,0.000V,0.000V,True,False,Charge Active,v01.23.7357,False,False,0x00,0x00,0x00,0x00,0x00,0x00,0x00,200,13,0,0,0,False,1.0V,0.030,1467mV,1,False,False,v01.20.7357
26-05-31 16:44:36.892996,2902,496,1044,620,240,280,1796,200,True,True,True,True,True,True,True,True,2902,496,1044,620,240,280,1796,200,0,0,0,0,0,0,0,0,WPT Ready,0,0,False,0,0,0,0,0,0,75%,50%,False,0x00,False,63%,0us,0.000V,0.000V,True,False,Charge Active,v01.23.7357,False,False,0x00,0x00,0x00,0x00,0x00,0x00,0x00,200,13,0,0,0,False,1.0V,0.030,1467mV,1,False,False,v01.20.7357
26-05-31 16:44:37.092651,2902,496,1044,620,240,280,1796,200,True,True,True,True,True,True,True,True,2902,496,1044,620,240,280,1796,200,0,0,0,0,0,0,0,0,WPT Ready,0,0,False,0,0,0,0,0,0,75%,50%,False,0x00,False,63%,0us,0.000V,0.000V,True,False,Charge Active,v01.23.7357,False,False,0x00,0x00,0x00,0x00,0x00,0x00,0x00,200,13,0,0,0,False,1.0V,0.030,1467mV,1,False,False,v01.20.7357
26-05-31 16:44:37.306645,2902,496,1044,620,240,280,1796,200,True,True,True,True,True,True,True,True,2902,496,1044,620,240,280,1796,200,0,0,0,0,0,0,0,0,WPT Ready,0,0,False,0,0,0,0,0,0,75%,50%,False,0x00,False,63%,0us,0.000V,0.000V,True,False,Charge Active,v01.23.7357,False,False,0x00,0x00,0x00,0x00,0x00,0x00,0x00,200,13,0,0,0,False,1.0V,0.030,1467mV,1,False,False,v01.20.7357
26-05-31 16:44:37.515419,2902,496,1044,620,240,280,1796,200,True,True,True,True,True,True,True,True,2902,496,1044,620,240,280,1796,200,0,0,0,0,0,0,0,0,WPT Ready,0,0,False,0,0,0,0,0,0,75%,50%,False,0x00,False,63%,0us,0.000V,0.000V,True,False,Charge Active,v01.23.7357,False,False,0x00,0x00,0x00,0x00,0x00,0x00,0x00,200,13,0,0,0,False,1.0V,0.030,1467mV,1,False,False,v01.20.7357
26-05-31 16:44:37.708685,2902,496,1044,620,240,280,1796,200,True,True,True,True,True,True,True,True,2902,496,1044,620,240,280,1796,200,0,0,0,0,0,0,0,0,WPT Ready,0,0,False,0,0,0,0,0,0,75%,50%,False,0x00,False,63%,0us,0.000V,0.000V,True,False,Charge Active,v01.23.7357,False,False,0x00,0x00,0x00,0x00,0x00,0x00,0x00,200,13,0,0,0,False,1.0V,0.030,1467mV,1,False,False,v01.20.7357
26-05-31 16:44:37.901486,2902,496,1044,620,240,280,1796,200,True,True,True,True,True,True,True,True,2902,496,1044,620,240,280,1796,200,0,0,0,0,0,0,0,0,WPT Ready,0,0,False,0,0,0,0,0,0,75%,50%,False,0x00,False,63%,0us,0.000V,0.000V,True,False,Charge Active,v01.23.7357,False,False,0x00,0x00,0x00,0x00,0x00,0x00,0x00,200,13,0,0,0,False,1.0V,0.030,1467mV,1,False,False,v01.20.7357
26-05-31 16:44:38.109279,2902,496,1044,620,240,280,1796,200,True,True,True,True,True,True,True,True,2902,496,1044,620,240,280,1796,200,0,0,0,0,0,0,0,0,WPT Ready,0,0,False,0,0,0,0,0,0,75%,50%,False,0x00,False,63%,0us,0.000V,0.000V,True,False,Charge Active,v01.23.7357,False,False,0x00,0x00,0x00,0x00,0x00,0x00,0x00,200,13,0,0,0,False,1.0V,0.030,1467mV,1,False,False,v01.20.7357
26-05-31 16:44:38.288706,2902,496,1044,620,240,280,1796,200,True,True,True,True,True,True,True,True,2902,496,1044,620,240,280,1796,200,0,0,0,0,0,0,0,0,WPT Ready,0,0,False,0,0,0,0,0,0,75%,50%,False,0x00,False,63%,0us,0.000V,0.000V,True,False,Charge Active,v01.23.7357,False,False,0x00,0x00,0x00,0x00,0x00,0x00,0x00,200,13,0,0,0,False,1.0V,0.030,1467mV,1,False,False,v01.20.7357
26-05-31 16:44:38.512554,2902,496,1044,620,240,280,1796,200,True,True,True,True,True,True,True,True,2902,496,1044,620,240,280,1796,200,0,0,0,0,0,0,0,0,WPT Ready,0,0,False,0,0,0,0,0,0,75%,50%,False,0x00,False,63%,0us,0.000V,0.000V,True,False,Charge Active,v01.23.7357,False,False,0x00,0x00,0x00,0x00,0x00,0x00,0x00,200,13,0,0,0,False,1.0V,0.030,1467mV,1,False,False,v01.20.7357
26-05-31 16:44:38.704909,2902,496,1044,620,240,280,1796,200,True,True,True,True,True,True,True,True,2902,496,1044,620,240,280,1796,200,0,0,0,0,0,0,0,0,WPT Ready,0,0,False,0,0,0,0,0,0,75%,50%,False,0x00,False,63%,0us,0.000V,0.000V,True,False,Charge Active,v01.23.7357,False,False,0x00,0x00,0x00,0x00,0x00,0x00,0x00,200,13,0,0,0,False,1.0V,0.030,1467mV,1,False,False,v01.20.7357
26-05-31 16:44:38.902748,2902,496,1044,620,240,280,1796,200,True,True,True,True,True,True,True,True,2902,496,1044,620,240,280,1796,200,0,0,0,0,0,0,0,0,WPT Ready,0,0,False,0,0,0,0,0,0,75%,50%,False,0x00,False,63%,0us,0.000V,0.000V,True,False,Charge Active,v01.23.7357,False,False,0x00,0x00,0x00,0x00,0x00,0x00,0x00,200,13,0,0,0,False,1.0V,0.030,1467mV,1,False,False,v01.20.7357
26-05-31 16:44:39.095002,2902,496,1044,620,240,280,1796,200,True,True,True,True,True,True,True,True,2902,496,1044,620,240,280,1796,200,0,0,0,0,0,0,0,0,WPT Ready,0,0,False,0,0,0,0,0,0,75%,50%,False,0x00,False,63%,0us,0.000V,0.000V,True,False,Charge Active,v01.23.7357,False,False,0x00,0x00,0x00,0x00,0x00,0x00,0x00,200,13,0,0,0,False,1.0V,0.030,1467mV,1,False,False,v01.20.7357
26-05-31 16:44:39.320991,2902,496,1044,620,240,280,1796,200,True,True,True,True,True,True,True,True,2902,496,1044,620,240,280,1796,200,0,0,0,0,0,0,0,0,WPT Ready,0,0,False,0,0,0,0,0,0,75%,50%,False,0x00,False,63%,0us,0.000V,0.000V,True,False,Charge Active,v01.23.7357,False,False,0x00,0x00,0x00,0x00,0x00,0x00,0x00,200,13,0,0,0,False,1.0V,0.030,1467mV,1,False,False,v01.20.7357
26-05-31 16:44:39.500493,2902,496,1044,620,240,280,1796,200,True,True,True,True,True,True,True,True,2902,496,1044,620,240,280,1796,200,0,0,0,0,0,0,0,0,WPT Ready,0,0,False,0,0,0,0,0,0,75%,50%,False,0x00,False,63%,0us,0.000V,0.000V,True,False,Charge Active,v01.23.7357,False,False,0x00,0x00,0x00,0x00,0x00,0x00,0x00,200,13,0,0,0,False,1.0V,0.030,1467mV,1,False,False,v01.20.7357
26-05-31 16:44:39.709091,2902,496,1044,620,240,280,1796,200,True,True,True,True,True,True,True,True,2902,496,1044,620,240,280,1796,200,0,0,0,0,0,0,0,0,WPT Ready,0,0,False,0,0,0,0,0,0,75%,50%,False,0x00,False,63%,0us,0.000V,0.000V,True,False,Charge Active,v01.23.7357,False,False,0x00,0x00,0x00,0x00,0x00,0x00,0x00,200,13,0,0,0,False,1.0V,0.030,1467mV,1,False,False,v01.20.7357
26-05-31 16:44:39.937700,2902,496,1044,620,240,280,1796,200,True,True,True,True,True,True,True,True,2902,496,1044,620,240,280,1796,200,0,0,0,0,0,0,0,0,WPT Ready,0,0,False,0,0,0,0,0,0,75%,50%,False,0x00,False,63%,0us,0.000V,0.000V,True,False,Charge Active,v01.23.7357,False,False,0x00,0x00,0x00,0x00,0x00,0x00,0x00,200,13,0,0,0,False,1.0V,0.030,1467mV,1,False,False,v01.20.7357
26-05-31 16:44:40.116045,2902,496,1044,620,240,280,1796,200,True,True,True,True,True,True,True,True,2902,496,1044,620,240,280,1796,200,0,0,0,0,0,0,0,0,WPT Ready,0,0,False,0,0,0,0,0,0,75%,50%,False,0x00,False,63%,0us,0.000V,0.000V,True,False,Charge Active,v01.23.7357,False,False,0x00,0x00,0x00,0x00,0x00,0x00,0x00,200,13,0,0,0,False,1.0V,0.030,1467mV,1,False,False,v01.20.7357
26-05-31 16:44:40.291808,2902,496,1044,620,240,280,1796,200,True,True,True,True,True,True,True,True,2902,496,1044,620,240,280,1796,200,0,0,0,0,0,0,0,0,WPT Ready,0,0,False,0,0,0,0,0,0,75%,50%,False,0x00,False,63%,0us,0.000V,0.000V,True,False,Charge Active,v01.23.7357,False,False,0x00,0x00,0x00,0x00,0x00,0x00,0x00,200,13,0,0,0,False,1.0V,0.030,1467mV,1,False,False,v01.20.7357
26-05-31 16:44:40.494774,2902,496,1044,620,240,280,1796,200,True,True,True,True,True,True,True,True,2902,496,1044,620,240,280,1796,200,0,0,0,0,0,0,0,0,WPT Ready,0,0,False,0,0,0,0,0,0,75%,50%,False,0x00,False,63%,0us,0.000V,0.000V,True,False,Charge Active,v01.23.7357,False,False,0x00,0x00,0x00,0x00,0x00,0x00,0x00,200,13,0,0,0,False,1.0V,0.030,1467mV,1,False,False,v01.20.7357
26-05-31 16:44:40.698830,2902,496,1044,620,240,280,1796,200,True,True,True,True,True,True,True,True,2902,496,1044,620,240,280,1796,200,0,0,0,0,0,0,0,0,WPT Ready,0,0,False,0,0,0,0,0,0,75%,50%,False,0x00,False,63%,0us,0.000V,0.000V,True,False,Charge Active,v01.23.7357,False,False,0x00,0x00,0x00,0x00,0x00,0x00,0x00,200,13,0,0,0,False,1.0V,0.030,1467mV,1,False,False,v01.20.7357
26-05-31 16:44:40.904513,2902,496,1044,620,240,280,1796,200,True,True,True,True,True,True,True,True,2902,496,1044,620,240,280,1796,200,0,0,0,0,0,0,0,0,WPT Ready,0,0,False,0,0,0,0,0,0,75%,50%,False,0x00,False,63%,0us,0.000V,0.000V,True,False,Charge Active,v01.23.7357,False,False,0x00,0x00,0x00,0x00,0x00,0x00,0x00,200,13,0,0,0,False,1.0V,0.030,1467mV,1,False,False,v01.20.7357
26-05-31 16:44:41.093863,2902,496,1044,620,240,280,1796,200,True,True,True,True,True,True,True,True,2902,496,1044,620,240,280,1796,200,0,0,0,0,0,0,0,0,WPT Ready,0,0,False,0,0,0,0,0,0,75%,50%,False,0x00,False,63%,0us,0.000V,0.000V,True,False,Charge Active,v01.23.7357,False,False,0x00,0x00,0x00,0x00,0x00,0x00,0x00,200,13,0,0,0,False,1.0V,0.030,1467mV,1,False,False,v01.20.7357
26-05-31 16:44:41.290076,2902,496,1044,620,240,280,1796,200,True,True,True,True,True,True,True,True,2902,496,1044,620,240,280,1796,200,0,0,0,0,0,0,0,0,WPT Ready,0,0,False,0,0,0,0,0,0,75%,50%,False,0x00,False,63%,0us,0.000V,0.000V,True,False,Charge Active,v01.23.7357,False,False,0x00,0x00,0x00,0x00,0x00,0x00,0x00,200,13,0,0,0,False,1.0V,0.030,1467mV,1,False,False,v01.20.7357
26-05-31 16:44:41.499865,2902,496,1044,620,240,280,1796,200,True,True,True,True,True,True,True,True,2902,496,1044,620,240,280,1796,200,0,0,0,0,0,0,0,0,WPT Ready,0,0,False,0,0,0,0,0,0,75%,50%,False,0x00,False,63%,0us,0.000V,0.000V,True,False,Charge Active,v01.23.7357,False,False,0x00,0x00,0x00,0x00,0x00,0x00,0x00,200,13,0,0,0,False,1.0V,0.030,1467mV,1,False,False,v01.20.7357
26-05-31 16:44:41.705368,2902,496,1044,620,240,280,1796,200,True,True,True,True,True,True,True,True,2902,496,1044,620,240,280,1796,200,0,0,0,0,0,0,0,0,WPT Ready,0,0,False,0,0,0,0,0,0,75%,50%,False,0x00,False,63%,0us,0.000V,0.000V,True,False,Charge Active,v01.23.7357,False,False,0x00,0x00,0x00,0x00,0x00,0x00,0x00,200,13,0,0,0,False,1.0V,0.030,1467mV,1,False,False,v01.20.7357
26-05-31 16:44:41.907369,2902,496,1044,620,240,280,1796,200,True,True,True,True,True,True,True,True,2902,496,1044,620,240,280,1796,200,0,0,0,0,0,0,0,0,WPT Ready,0,0,False,0,0,0,0,0,0,75%,50%,False,0x00,False,63%,0us,0.000V,0.000V,True,False,Charge Active,v01.23.7357,False,False,0x00,0x00,0x00,0x00,0x00,0x00,0x00,200,13,0,0,0,False,1.0V,0.030,1467mV,1,False,False,v01.20.7357
26-05-31 16:44:42.119417,2902,496,1044,620,240,280,1796,200,True,True,True,True,True,True,True,True,2902,496,1044,620,240,280,1796,200,0,0,0,0,0,0,0,0,WPT Ready,0,0,False,0,0,0,0,0,0,75%,50%,False,0x00,False,63%,0us,0.000V,0.000V,True,False,Charge Active,v01.23.7357,False,False,0x00,0x00,0x00,0x00,0x00,0x00,0x00,200,13,0,0,0,False,1.0V,0.030,1467mV,1,False,False,v01.20.7357
26-05-31 16:44:42.313845,2902,496,1044,620,240,280,1796,200,True,True,True,True,True,True,True,True,2902,496,1044,620,240,280,1796,200,0,0,0,0,0,0,0,0,WPT Ready,0,0,False,0,0,0,0,0,0,75%,50%,False,0x00,False,63%,0us,0.000V,0.000V,True,False,Charge Active,v01.23.7357,False,False,0x00,0x00,0x00,0x00,0x00,0x00,0x00,200,13,0,0,0,False,1.0V,0.030,1467mV,1,False,False,v01.20.7357
26-05-31 16:44:42.521867,2902,496,1044,620,240,280,1796,200,True,True,True,True,True,True,True,True,2902,496,1044,620,240,280,1796,200,0,0,0,0,0,0,0,0,WPT Ready,0,0,False,0,0,0,0,0,0,75%,50%,False,0x00,False,63%,0us,0.000V,0.000V,True,False,Charge Active,v01.23.7357,False,False,0x00,0x00,0x00,0x00,0x00,0x00,0x00,200,13,0,0,0,False,1.0V,0.030,1467mV,1,False,False,v01.20.7357
26-05-31 16:44:42.732383,2902,496,1044,620,240,280,1796,200,True,True,True,True,True,True,True,True,2902,496,1044,620,240,280,1796,200,0,0,0,0,0,0,0,0,WPT Ready,0,0,False,0,0,0,0,0,0,75%,50%,False,0x00,False,63%,0us,0.000V,0.000V,True,False,Charge Active,v01.23.7357,False,False,0x00,0x00,0x00,0x00,0x00,0x00,0x00,200,13,0,0,0,False,1.0V,0.030,1467mV,1,False,False,v01.20.7357
26-05-31 16:44:42.894258,2902,496,1044,620,240,280,1796,200,True,True,True,True,True,True,True,True,2902,496,1044,620,240,280,1796,200,0,0,0,0,0,0,0,0,WPT Ready,0,0,False,0,0,0,0,0,0,75%,50%,False,0x00,False,63%,0us,0.000V,0.000V,True,False,Charge Active,v01.23.7357,False,False,0x00,0x00,0x00,0x00,0x00,0x00,0x00,200,13,0,0,0,False,1.0V,0.030,1467mV,1,False,False,v01.20.7357
26-05-31 16:44:43.099416,2902,496,1044,620,240,280,1796,200,True,True,True,True,True,True,True,True,2902,496,1044,620,240,280,1796,200,0,0,0,0,0,0,0,0,WPT Ready,0,0,False,0,0,0,0,0,0,75%,50%,False,0x00,False,63%,0us,0.000V,0.000V,True,False,Charge Active,v01.23.7357,False,False,0x00,0x00,0x00,0x00,0x00,0x00,0x00,200,13,0,0,0,False,1.0V,0.030,1467mV,1,False,False,v01.20.7357
26-05-31 16:44:43.351793,2902,496,1044,620,240,280,1796,200,True,True,True,True,True,True,True,True,2902,496,1044,620,240,280,1796,200,0,0,0,0,0,0,0,0,WPT Ready,0,0,False,0,0,0,0,0,0,75%,50%,False,0x00,False,63%,0us,0.000V,0.000V,True,False,Charge Active,v01.23.7357,False,False,0x00,0x00,0x00,0x00,0x00,0x00,0x00,200,13,0,0,0,False,1.0V,0.030,1467mV,1,False,False,v01.20.7357
26-05-31 16:44:43.494889,2902,496,1044,620,240,280,1796,200,True,True,True,True,True,True,True,True,2902,496,1044,620,240,280,1796,200,0,0,0,0,0,0,0,0,WPT Ready,0,0,False,0,0,0,0,0,0,75%,50%,False,0x00,False,63%,0us,0.000V,0.000V,True,False,Charge Active,v01.23.7357,False,False,0x00,0x00,0x00,0x00,0x00,0x00,0x00,200,13,0,0,0,False,1.0V,0.030,1467mV,1,False,False,v01.20.7357
26-05-31 16:44:43.690175,2902,496,1044,620,240,280,1796,200,True,True,True,True,True,True,True,True,2902,496,1044,620,240,280,1796,200,0,0,0,0,0,0,0,0,WPT Ready,0,0,False,0,0,0,0,0,0,75%,50%,False,0x00,False,63%,0us,0.000V,0.000V,True,False,Charge Active,v01.23.7357,False,False,0x00,0x00,0x00,0x00,0x00,0x00,0x00,200,13,0,0,0,False,1.0V,0.030,1467mV,1,False,False,v01.20.7357
26-05-31 16:44:43.900994,2902,496,1044,620,240,280,1796,200,True,True,True,True,True,True,True,True,2902,496,1044,620,240,280,1796,200,0,0,0,0,0,0,0,0,WPT Ready,0,0,False,0,0,0,0,0,0,75%,50%,False,0x00,False,63%,0us,0.000V,0.000V,True,False,Charge Active,v01.23.7357,False,False,0x00,0x00,0x00,0x00,0x00,0x00,0x00,200,13,0,0,0,False,1.0V,0.030,1467mV,1,False,False,v01.20.7357
26-05-31 16:44:44.115405,2902,496,1044,620,240,280,1796,200,True,True,True,True,True,True,True,True,2902,496,1044,620,240,280,1796,200,0,0,0,0,0,0,0,0,WPT Ready,0,0,False,0,0,0,0,0,0,75%,50%,False,0x00,False,63%,0us,0.000V,0.000V,True,False,Charge Active,v01.23.7357,False,False,0x00,0x00,0x00,0x00,0x00,0x00,0x00,200,13,0,0,0,False,1.0V,0.030,1467mV,1,False,False,v01.20.7357
26-05-31 16:44:44.320975,2902,496,1044,620,240,280,1796,200,True,True,True,True,True,True,True,True,2902,496,1044,620,240,280,1796,200,0,0,0,0,0,0,0,0,WPT Ready,0,0,False,0,0,0,0,0,0,75%,50%,False,0x00,False,63%,0us,0.000V,0.000V,True,False,Charge Active,v01.23.7357,False,False,0x00,0x00,0x00,0x00,0x00,0x00,0x00,200,13,0,0,0,False,1.0V,0.030,1467mV,1,False,False,v01.20.7357
26-05-31 16:44:44.491595,2902,496,1044,620,240,280,1796,200,True,True,True,True,True,True,True,True,2902,496,1044,620,240,280,1796,200,0,0,0,0,0,0,0,0,WPT Ready,0,0,False,0,0,0,0,0,0,75%,50%,False,0x00,False,63%,0us,0.000V,0.000V,True,False,Charge Active,v01.23.7357,False,False,0x00,0x00,0x00,0x00,0x00,0x00,0x00,200,13,0,0,0,False,1.0V,0.030,1467mV,1,False,False,v01.20.7357
26-05-31 16:44:44.693605,2902,496,1044,620,240,280,1796,200,True,True,True,True,True,True,True,True,2902,496,1044,620,240,280,1796,200,0,0,0,0,0,0,0,0,WPT Ready,0,0,False,0,0,0,0,0,0,75%,50%,False,0x00,False,63%,0us,0.000V,0.000V,True,False,Charge Active,v01.23.7357,False,False,0x00,0x00,0x00,0x00,0x00,0x00,0x00,200,13,0,0,0,False,1.0V,0.030,1467mV,1,False,False,v01.20.7357
26-05-31 16:44:44.889367,2902,496,1044,620,240,280,1796,200,True,True,True,True,True,True,True,True,2902,496,1044,620,240,280,1796,200,0,0,0,0,0,0,0,0,WPT Ready,0,0,False,0,0,0,0,0,0,75%,50%,False,0x00,False,63%,0us,0.000V,0.000V,True,False,Charge Active,v01.23.7357,False,False,0x00,0x00,0x00,0x00,0x00,0x00,0x00,200,13,0,0,0,False,1.0V,0.030,1467mV,1,False,False,v01.20.7357
26-05-31 16:44:45.107920,2902,496,1044,620,240,280,1796,200,True,True,True,True,True,True,True,True,2902,496,1044,620,240,280,1796,200,0,0,0,0,0,0,0,0,WPT Ready,0,0,False,0,0,0,0,0,0,75%,50%,False,0x00,False,63%,0us,0.000V,0.000V,True,False,Charge Active,v01.23.7357,False,False,0x00,0x00,0x00,0x00,0x00,0x00,0x00,200,13,0,0,0,False,1.0V,0.030,1467mV,1,False,False,v01.20.7357
26-05-31 16:44:45.295260,2902,496,1044,620,240,280,1796,200,True,True,True,True,True,True,True,True,2902,496,1044,620,240,280,1796,200,0,0,0,0,0,0,0,0,WPT Ready,0,0,False,0,0,0,0,0,0,75%,50%,False,0x00,False,63%,0us,0.000V,0.000V,True,False,Charge Active,v01.23.7357,False,False,0x00,0x00,0x00,0x00,0x00,0x00,0x00,200,13,0,0,0,False,1.0V,0.030,1467mV,1,False,False,v01.20.7357
26-05-31 16:44:45.531898,2902,496,1044,620,240,280,1796,200,True,True,True,True,True,True,True,True,2902,496,1044,620,240,280,1796,200,0,0,0,0,0,0,0,0,WPT Ready,0,0,False,0,0,0,0,0,0,75%,50%,False,0x00,False,63%,0us,0.000V,0.000V,True,False,Charge Active,v01.23.7357,False,False,0x00,0x00,0x00,0x00,0x00,0x00,0x00,200,13,0,0,0,False,1.0V,0.030,1467mV,1,False,False,v01.20.7357
26-05-31 16:44:45.728968,2902,496,1044,620,240,280,1796,200,True,True,True,True,True,True,True,True,2902,496,1044,620,240,280,1796,200,0,0,0,0,0,0,0,0,WPT Ready,0,0,False,0,0,0,0,0,0,75%,50%,False,0x00,False,63%,0us,0.000V,0.000V,True,False,Charge Active,v01.23.7357,False,False,0x00,0x00,0x00,0x00,0x00,0x00,0x00,200,13,0,0,0,False,1.0V,0.030,1467mV,1,False,False,v01.20.7357
26-05-31 16:44:46.068231,2902,496,1044,620,240,280,1796,200,True,True,True,True,True,True,True,True,2902,496,1044,620,240,280,1796,200,0,0,0,0,0,0,0,0,WPT Ready,0,0,False,0,0,0,0,0,0,75%,50%,False,0x00,False,63%,0us,0.000V,0.000V,True,False,Charge Active,v01.23.7357,False,False,0x00,0x00,0x00,0x00,0x00,0x00,0x00,200,13,0,0,0,False,1.0V,0.030,1467mV,1,False,False,v01.20.7357
26-05-31 16:44:46.123362,2902,496,1044,620,240,280,1796,200,True,True,True,True,True,True,True,True,2902,496,1044,620,240,280,1796,200,0,0,0,0,0,0,0,0,WPT Ready,0,0,False,0,0,0,0,0,0,75%,50%,False,0x00,False,63%,0us,0.000V,0.000V,True,False,Charge Active,v01.23.7357,False,False,0x00,0x00,0x00,0x00,0x00,0x00,0x00,200,13,0,0,0,False,1.0V,0.030,1467mV,1,False,False,v01.20.7357
26-05-31 16:44:46.324129,2902,496,1044,620,240,280,1796,200,True,True,True,True,True,True,True,True,2902,496,1044,620,240,280,1796,200,0,0,0,0,0,0,0,0,WPT Ready,0,0,False,0,0,0,0,0,0,75%,50%,False,0x00,False,63%,0us,0.000V,0.000V,True,False,Charge Active,v01.23.7357,False,False,0x00,0x00,0x00,0x00,0x00,0x00,0x00,200,13,0,0,0,False,1.0V,0.030,1467mV,1,False,False,v01.20.7357
26-05-31 16:44:46.503689,2902,496,1044,620,240,280,1796,200,True,True,True,True,True,True,True,True,2902,496,1044,620,240,280,1796,200,0,0,0,0,0,0,0,0,WPT Ready,0,0,False,0,0,0,0,0,0,75%,50%,False,0x00,False,63%,0us,0.000V,0.000V,True,False,Charge Active,v01.23.7357,False,False,0x00,0x00,0x00,0x00,0x00,0x00,0x00,200,13,0,0,0,False,1.0V,0.030,1467mV,1,False,False,v01.20.7357
26-05-31 16:44:46.718493,2902,496,1044,620,240,280,1796,200,True,True,True,True,True,True,True,True,2902,496,1044,620,240,280,1796,200,0,0,0,0,0,0,0,0,WPT Ready,0,0,False,0,0,0,0,0,0,75%,50%,False,0x00,False,63%,0us,0.000V,0.000V,True,False,Charge Active,v01.23.7357,False,False,0x00,0x00,0x00,0x00,0x00,0x00,0x00,200,13,0,0,0,False,1.0V,0.030,1467mV,1,False,False,v01.20.7357
26-05-31 16:44:46.924495,2902,496,1044,620,240,280,1796,200,True,True,True,True,True,True,True,True,2902,496,1044,620,240,280,1796,200,0,0,0,0,0,0,0,0,WPT Ready,0,0,False,0,0,0,0,0,0,75%,50%,False,0x00,False,63%,0us,0.000V,0.000V,True,False,Charge Active,v01.23.7357,False,False,0x00,0x00,0x00,0x00,0x00,0x00,0x00,200,13,0,0,0,False,1.0V,0.030,1467mV,1,False,False,v01.20.7357
26-05-31 16:44:47.166547,2902,496,1044,620,240,280,1796,200,True,True,True,True,True,True,True,True,2902,496,1044,620,240,280,1796,200,0,0,0,0,0,0,0,0,WPT Ready,0,0,False,0,0,0,0,0,0,75%,50%,False,0x00,False,63%,0us,0.000V,0.000V,True,False,Charge Active,v01.23.7357,False,False,0x00,0x00,0x00,0x00,0x00,0x00,0x00,200,13,0,0,0,False,1.0V,0.030,1467mV,1,False,False,v01.20.7357
26-05-31 16:44:47.290179,2902,496,1044,620,240,280,1796,200,True,True,True,True,True,True,True,True,2902,496,1044,620,240,280,1796,200,0,0,0,0,0,0,0,0,WPT Ready,0,0,False,0,0,0,0,0,0,75%,50%,False,0x00,False,63%,0us,0.000V,0.000V,True,False,Charge Active,v01.23.7357,False,False,0x00,0x00,0x00,0x00,0x00,0x00,0x00,200,13,0,0,0,False,1.0V,0.030,1467mV,1,False,False,v01.20.7357
26-05-31 16:44:47.512981,2902,496,1044,620,240,280,1796,200,True,True,True,True,True,True,True,True,2902,496,1044,620,240,280,1796,200,0,0,0,0,0,0,0,0,WPT Ready,0,0,False,0,0,0,0,0,0,75%,50%,False,0x00,False,63%,0us,0.000V,0.000V,True,False,Charge Active,v01.23.7357,False,False,0x00,0x00,0x00,0x00,0x00,0x00,0x00,200,13,0,0,0,False,1.0V,0.030,1467mV,1,False,False,v01.20.7357
26-05-31 16:44:47.713778,2902,496,1044,620,240,280,1796,200,True,True,True,True,True,True,True,True,2902,496,1044,620,240,280,1796,200,0,0,0,0,0,0,0,0,WPT Ready,0,0,False,0,0,0,0,0,0,75%,50%,False,0x00,False,63%,0us,0.000V,0.000V,True,False,Charge Active,v01.23.7357,False,False,0x00,0x00,0x00,0x00,0x00,0x00,0x00,200,13,0,0,0,False,1.0V,0.030,1467mV,1,False,False,v01.20.7357
26-05-31 16:44:48.305469,2902,496,1044,620,240,280,1796,200,True,True,True,True,True,True,True,True,2902,496,1044,620,240,280,1796,200,0,0,0,0,0,0,0,0,WPT Ready,0,0,False,0,0,0,0,0,0,75%,50%,False,0x00,False,63%,0us,0.000V,0.000V,True,False,Charge Active,v01.23.7357,False,False,0x00,0x00,0x00,0x00,0x00,0x00,0x00,200,13,0,0,0,False,1.0V,0.030,1467mV,1,False,False,v01.20.7357
26-05-31 16:44:48.393336,2902,496,1044,620,240,280,1796,200,True,True,True,True,True,True,True,True,2902,496,1044,620,240,280,1796,200,0,0,0,0,0,0,0,0,WPT Ready,0,0,False,0,0,0,0,0,0,75%,50%,False,0x00,False,63%,0us,0.000V,0.000V,True,False,Charge Active,v01.23.7357,False,False,0x00,0x00,0x00,0x00,0x00,0x00,0x00,200,13,0,0,0,False,1.0V,0.030,1467mV,1,False,False,v01.20.7357
26-05-31 16:44:48.725995,2902,496,1044,620,240,280,1796,200,True,True,True,True,True,True,True,True,2902,496,1044,620,240,280,1796,200,0,0,0,0,0,0,0,0,WPT Ready,0,0,False,0,0,0,0,0,0,75%,50%,False,0x00,False,63%,0us,0.000V,0.000V,True,False,Charge Active,v01.23.7357,False,False,0x00,0x00,0x00,0x00,0x00,0x00,0x00,200,13,0,0,0,False,1.0V,0.030,1467mV,1,False,False,v01.20.7357
26-05-31 16:44:48.842921,2902,496,1044,620,240,280,1796,200,True,True,True,True,True,True,True,True,2902,496,1044,620,240,280,1796,200,0,0,0,0,0,0,0,0,WPT Ready,0,0,False,0,0,0,0,0,0,75%,50%,False,0x00,False,63%,0us,0.000V,0.000V,True,False,Charge Active,v01.23.7357,False,False,0x00,0x00,0x00,0x00,0x00,0x00,0x00,200,13,0,0,0,False,1.0V,0.030,1467mV,1,False,False,v01.20.7357
26-05-31 16:44:48.981317,2902,496,1044,620,240,280,1796,200,True,True,True,True,True,True,True,True,2902,496,1044,620,240,280,1796,200,0,0,0,0,0,0,0,0,WPT Ready,0,0,False,0,0,0,0,0,0,75%,50%,False,0x00,False,63%,0us,0.000V,0.000V,True,False,Charge Active,v01.23.7357,False,False,0x00,0x00,0x00,0x00,0x00,0x00,0x00,200,13,0,0,0,False,1.0V,0.030,1467mV,1,False,False,v01.20.7357
26-05-31 16:44:49.179817,2902,496,1044,620,240,280,1796,200,True,True,True,True,True,True,True,True,2902,496,1044,620,240,280,1796,200,0,0,0,0,0,0,0,0,WPT Ready,0,0,False,0,0,0,0,0,0,75%,50%,False,0x00,False,63%,0us,0.000V,0.000V,True,False,Charge Active,v01.23.7357,False,False,0x00,0x00,0x00,0x00,0x00,0x00,0x00,200,13,0,0,0,False,1.0V,0.030,1467mV,1,False,False,v01.20.7357
26-05-31 16:44:49.244140,2902,496,1044,620,240,280,1796,200,True,True,True,True,True,True,True,True,2902,496,1044,620,240,280,1796,200,0,0,0,0,0,0,0,0,WPT Ready,0,0,False,0,0,0,0,0,0,75%,50%,False,0x00,False,63%,0us,0.000V,0.000V,True,False,Charge Active,v01.23.7357,False,False,0x00,0x00,0x00,0x00,0x00,0x00,0x00,200,13,0,0,0,False,1.0V,0.030,1467mV,1,False,False,v01.20.7357
26-05-31 16:44:49.698299,2902,496,1044,620,240,280,1796,200,True,True,True,True,True,True,True,True,2902,496,1044,620,240,280,1796,200,0,0,0,0,0,0,0,0,WPT Ready,0,0,False,0,0,0,0,0,0,75%,50%,False,0x00,False,63%,0us,0.000V,0.000V,True,False,Charge Active,v01.23.7357,False,False,0x00,0x00,0x00,0x00,0x00,0x00,0x00,200,13,0,0,0,False,1.0V,0.030,1467mV,1,False,False,v01.20.7357
26-05-31 16:44:49.736420,2902,496,1044,620,240,280,1796,200,True,True,True,True,True,True,True,True,2902,496,1044,620,240,280,1796,200,0,0,0,0,0,0,0,0,WPT Ready,0,0,False,0,0,0,0,0,0,75%,50%,False,0x00,False,63%,0us,0.000V,0.000V,True,False,Charge Active,v01.23.7357,False,False,0x00,0x00,0x00,0x00,0x00,0x00,0x00,200,13,0,0,0,False,1.0V,0.030,1467mV,1,False,False,v01.20.7357
26-05-31 16:44:49.812255,2902,496,1044,620,240,280,1796,200,True,True,True,True,True,True,True,True,2902,496,1044,620,240,280,1796,200,0,0,0,0,0,0,0,0,WPT Ready,0,0,False,0,0,0,0,0,0,75%,50%,False,0x00,False,63%,0us,0.000V,0.000V,True,False,Charge Active,v01.23.7357,False,False,0x00,0x00,0x00,0x00,0x00,0x00,0x00,200,13,0,0,0,False,1.0V,0.030,1467mV,1,False,False,v01.20.7357
26-05-31 16:44:49.907868,2902,496,1044,620,240,280,1796,200,True,True,True,True,True,True,True,True,2902,496,1044,620,240,280,1796,200,0,0,0,0,0,0,0,0,WPT Ready,0,0,False,0,0,0,0,0,0,75%,50%,False,0x00,False,63%,0us,0.000V,0.000V,True,False,Charge Active,v01.23.7357,False,False,0x00,0x00,0x00,0x00,0x00,0x00,0x00,200,13,0,0,0,False,1.0V,0.030,1467mV,1,False,False,v01.20.7357
26-05-31 16:44:50.114796,2902,496,1044,620,240,280,1796,200,True,True,True,True,True,True,True,True,2902,496,1044,620,240,280,1796,200,0,0,0,0,0,0,0,0,WPT Ready,0,0,False,0,0,0,0,0,0,75%,50%,False,0x00,False,63%,0us,0.000V,0.000V,True,False,Charge Active,v01.23.7357,False,False,0x00,0x00,0x00,0x00,0x00,0x00,0x00,200,13,0,0,0,False,1.0V,0.030,1467mV,1,False,False,v01.20.7357
26-05-31 16:44:50.345400,2902,496,1044,620,240,280,1796,200,True,True,True,True,True,True,True,True,2902,496,1044,620,240,280,1796,200,0,0,0,0,0,0,0,0,WPT Ready,0,0,False,0,0,0,0,0,0,75%,50%,False,0x00,False,63%,0us,0.000V,0.000V,True,False,Charge Active,v01.23.7357,False,False,0x00,0x00,0x00,0x00,0x00,0x00,0x00,200,13,0,0,0,False,1.0V,0.030,1467mV,1,False,False,v01.20.7357
26-05-31 16:44:50.496040,2902,496,1044,620,240,280,1796,200,True,True,True,True,True,True,True,True,2902,496,1044,620,240,280,1796,200,0,0,0,0,0,0,0,0,WPT Ready,0,0,False,0,0,0,0,0,0,75%,50%,False,0x00,False,63%,0us,0.000V,0.000V,True,False,Charge Active,v01.23.7357,False,False,0x00,0x00,0x00,0x00,0x00,0x00,0x00,200,13,0,0,0,False,1.0V,0.030,1467mV,1,False,False,v01.20.7357
26-05-31 16:44:50.727138,2902,496,1044,620,240,280,1796,200,True,True,True,True,True,True,True,True,2902,496,1044,620,240,280,1796,200,0,0,0,0,0,0,0,0,WPT Ready,0,0,False,0,0,0,0,0,0,75%,50%,False,0x00,False,63%,0us,0.000V,0.000V,True,False,Charge Active,v01.23.7357,False,False,0x00,0x00,0x00,0x00,0x00,0x00,0x00,200,13,0,0,0,False,1.0V,0.030,1467mV,1,False,False,v01.20.7357
26-05-31 16:44:50.919976,2902,496,1044,620,240,280,1796,200,True,True,True,True,True,True,True,True,2902,496,1044,620,240,280,1796,200,0,0,0,0,0,0,0,0,WPT Ready,0,0,False,0,0,0,0,0,0,75%,50%,False,0x00,False,63%,0us,0.000V,0.000V,True,False,Charge Active,v01.23.7357,False,False,0x00,0x00,0x00,0x00,0x00,0x00,0x00,200,13,0,0,0,False,1.0V,0.030,1467mV,1,False,False,v01.20.7357
26-05-31 16:44:51.115941,2902,496,1044,620,240,280,1796,200,True,True,True,True,True,True,True,True,2902,496,1044,620,240,280,1796,200,0,0,0,0,0,0,0,0,WPT Ready,0,0,False,0,0,0,0,0,0,75%,50%,False,0x00,False,63%,0us,0.000V,0.000V,True,False,Charge Active,v01.23.7357,False,False,0x00,0x00,0x00,0x00,0x00,0x00,0x00,200,13,0,0,0,False,1.0V,0.030,1467mV,1,False,False,v01.20.7357
26-05-31 16:44:51.310586,2902,496,1044,620,240,280,1796,200,True,True,True,True,True,True,True,True,2902,496,1044,620,240,280,1796,200,0,0,0,0,0,0,0,0,WPT Ready,0,0,False,0,0,0,0,0,0,75%,50%,False,0x00,False,63%,0us,0.000V,0.000V,True,False,Charge Active,v01.23.7357,False,False,0x00,0x00,0x00,0x00,0x00,0x00,0x00,200,13,0,0,0,False,1.0V,0.030,1467mV,1,False,False,v01.20.7357
26-05-31 16:44:51.508603,2902,496,1044,620,240,280,1796,200,True,True,True,True,True,True,True,True,2902,496,1044,620,240,280,1796,200,0,0,0,0,0,0,0,0,WPT Ready,0,0,False,0,0,0,0,0,0,75%,50%,False,0x00,False,63%,0us,0.000V,0.000V,True,False,Charge Active,v01.23.7357,False,False,0x00,0x00,0x00,0x00,0x00,0x00,0x00,200,13,0,0,0,False,1.0V,0.030,1467mV,1,False,False,v01.20.7357
26-05-31 16:44:51.701585,2902,496,1044,620,240,280,1796,200,True,True,True,True,True,True,True,True,2902,496,1044,620,240,280,1796,200,0,0,0,0,0,0,0,0,WPT Ready,0,0,False,0,0,0,0,0,0,75%,50%,False,0x00,False,63%,0us,0.000V,0.000V,True,False,Charge Active,v01.23.7357,False,False,0x00,0x00,0x00,0x00,0x00,0x00,0x00,200,13,0,0,0,False,1.0V,0.030,1467mV,1,False,False,v01.20.7357
26-05-31 16:44:51.916447,2902,496,1044,620,240,280,1796,200,True,True,True,True,True,True,True,True,2902,496,1044,620,240,280,1796,200,0,0,0,0,0,0,0,0,WPT Ready,0,0,False,0,0,0,0,0,0,75%,50%,False,0x00,False,63%,0us,0.000V,0.000V,True,False,Charge Active,v01.23.7357,False,False,0x00,0x00,0x00,0x00,0x00,0x00,0x00,200,13,0,0,0,False,1.0V,0.030,1467mV,1,False,False,v01.20.7357
26-05-31 16:44:52.118821,2902,496,1044,620,240,280,1796,200,True,True,True,True,True,True,True,True,2902,496,1044,620,240,280,1796,200,0,0,0,0,0,0,0,0,WPT Ready,0,0,False,0,0,0,0,0,0,75%,50%,False,0x00,False,63%,0us,0.000V,0.000V,True,False,Charge Active,v01.23.7357,False,False,0x00,0x00,0x00,0x00,0x00,0x00,0x00,200,13,0,0,0,False,1.0V,0.030,1467mV,1,False,False,v01.20.7357
26-05-31 16:44:52.316442,2902,496,1044,620,240,280,1796,200,True,True,True,True,True,True,True,True,2902,496,1044,620,240,280,1796,200,0,0,0,0,0,0,0,0,WPT Ready,0,0,False,0,0,0,0,0,0,75%,50%,False,0x00,False,63%,0us,0.000V,0.000V,True,False,Charge Active,v01.23.7357,False,False,0x00,0x00,0x00,0x00,0x00,0x00,0x00,200,13,0,0,0,False,1.0V,0.030,1467mV,1,False,False,v01.20.7357
26-05-31 16:44:52.579315,2902,496,1044,620,240,280,1796,200,True,True,True,True,True,True,True,True,2902,496,1044,620,240,280,1796,200,0,0,0,0,0,0,0,0,WPT Ready,0,0,False,0,0,0,0,0,0,75%,50%,False,0x00,False,63%,0us,0.000V,0.000V,True,False,Charge Active,v01.23.7357,False,False,0x00,0x00,0x00,0x00,0x00,0x00,0x00,200,13,0,0,0,False,1.0V,0.030,1467mV,1,False,False,v01.20.7357
26-05-31 16:44:52.695492,2902,496,1044,620,240,280,1796,200,True,True,True,True,True,True,True,True,2902,496,1044,620,240,280,1796,200,0,0,0,0,0,0,0,0,WPT Ready,0,0,False,0,0,0,0,0,0,75%,50%,False,0x00,False,63%,0us,0.000V,0.000V,True,False,Charge Active,v01.23.7357,False,False,0x00,0x00,0x00,0x00,0x00,0x00,0x00,200,13,0,0,0,False,1.0V,0.030,1467mV,1,False,False,v01.20.7357
26-05-31 16:44:52.927585,2902,496,1044,620,240,280,1796,200,True,True,True,True,True,True,True,True,2902,496,1044,620,240,280,1796,200,0,0,0,0,0,0,0,0,WPT Ready,0,0,False,0,0,0,0,0,0,75%,50%,False,0x00,False,63%,0us,0.000V,0.000V,True,False,Charge Active,v01.23.7357,False,False,0x00,0x00,0x00,0x00,0x00,0x00,0x00,200,13,0,0,0,False,1.0V,0.030,1467mV,1,False,False,v01.20.7357
26-05-31 16:44:53.097009,2902,496,1044,620,240,280,1796,200,True,True,True,True,True,True,True,True,2902,496,1044,620,240,280,1796,200,0,0,0,0,0,0,0,0,WPT Ready,0,0,False,0,0,0,0,0,0,75%,50%,False,0x00,False,63%,0us,0.000V,0.000V,True,False,Charge Active,v01.23.7357,False,False,0x00,0x00,0x00,0x00,0x00,0x00,0x00,200,13,0,0,0,False,1.0V,0.030,1467mV,1,False,False,v01.20.7357
26-05-31 16:44:53.315799,2902,496,1044,620,240,280,1796,200,True,True,True,True,True,True,True,True,2902,496,1044,620,240,280,1796,200,0,0,0,0,0,0,0,0,WPT Ready,0,0,False,0,0,0,0,0,0,75%,50%,False,0x00,False,63%,0us,0.000V,0.000V,True,False,Charge Active,v01.23.7357,False,False,0x00,0x00,0x00,0x00,0x00,0x00,0x00,200,13,0,0,0,False,1.0V,0.030,1467mV,1,False,False,v01.20.7357
26-05-31 16:44:53.906234,2902,496,1044,620,240,280,1796,200,True,True,True,True,True,True,True,True,2902,496,1044,620,240,280,1796,200,0,0,0,0,0,0,0,0,WPT Ready,0,0,False,0,0,0,0,0,0,75%,50%,False,0x00,False,63%,0us,0.000V,0.000V,True,False,Charge Active,v01.23.7357,False,False,0x00,0x00,0x00,0x00,0x00,0x00,0x00,200,13,0,0,0,False,1.0V,0.030,1467mV,1,False,False,v01.20.7357
26-05-31 16:44:54.026384,2902,496,1044,620,240,280,1796,200,True,True,True,True,True,True,True,True,2902,496,1044,620,240,280,1796,200,0,0,0,0,0,0,0,0,WPT Ready,0,0,False,0,0,0,0,0,0,75%,50%,False,0x00,False,63%,0us,0.000V,0.000V,True,False,Charge Active,v01.23.7357,False,False,0x00,0x00,0x00,0x00,0x00,0x00,0x00,200,13,0,0,0,False,1.0V,0.030,1467mV,1,False,False,v01.20.7357
26-05-31 16:44:54.060542,2902,496,1044,620,240,280,1796,200,True,True,True,True,True,True,True,True,2902,496,1044,620,240,280,1796,200,0,0,0,0,0,0,0,0,WPT Ready,0,0,False,0,0,0,0,0,0,75%,50%,False,0x00,False,63%,0us,0.000V,0.000V,True,False,Charge Active,v01.23.7357,False,False,0x00,0x00,0x00,0x00,0x00,0x00,0x00,200,13,0,0,0,False,1.0V,0.030,1467mV,1,False,False,v01.20.7357
26-05-31 16:44:54.147406,2902,496,1044,620,240,280,1796,200,True,True,True,True,True,True,True,True,2902,496,1044,620,240,280,1796,200,0,0,0,0,0,0,0,0,WPT Ready,0,0,False,0,0,0,0,0,0,75%,50%,False,0x00,False,63%,0us,0.000V,0.000V,True,False,Charge Active,v01.23.7357,False,False,0x00,0x00,0x00,0x00,0x00,0x00,0x00,200,13,0,0,0,False,1.0V,0.030,1467mV,1,False,False,v01.20.7357
26-05-31 16:44:54.302012,2902,496,1044,620,240,280,1796,200,True,True,True,True,True,True,True,True,2902,496,1044,620,240,280,1796,200,0,0,0,0,0,0,0,0,WPT Ready,0,0,False,0,0,0,0,0,0,75%,50%,False,0x00,False,63%,0us,0.000V,0.000V,True,False,Charge Active,v01.23.7357,False,False,0x00,0x00,0x00,0x00,0x00,0x00,0x00,200,13,0,0,0,False,1.0V,0.030,1467mV,1,False,False,v01.20.7357
26-05-31 16:44:54.500910,2902,496,1044,620,240,280,1796,200,True,True,True,True,True,True,True,True,2902,496,1044,620,240,280,1796,200,0,0,0,0,0,0,0,0,WPT Ready,0,0,False,0,0,0,0,0,0,75%,50%,False,0x00,False,63%,0us,0.000V,0.000V,True,False,Charge Active,v01.23.7357,False,False,0x00,0x00,0x00,0x00,0x00,0x00,0x00,200,13,0,0,0,False,1.0V,0.030,1467mV,1,False,False,v01.20.7357
26-05-31 16:44:54.716657,2902,496,1044,620,240,280,1796,200,True,True,True,True,True,True,True,True,2902,496,1044,620,240,280,1796,200,0,0,0,0,0,0,0,0,WPT Ready,0,0,False,0,0,0,0,0,0,75%,50%,False,0x00,False,63%,0us,0.000V,0.000V,True,False,Charge Active,v01.23.7357,False,False,0x00,0x00,0x00,0x00,0x00,0x00,0x00,200,13,0,0,0,False,1.0V,0.030,1467mV,1,False,False,v01.20.7357
26-05-31 16:44:54.994865,2902,496,1044,620,240,280,1796,200,True,True,True,True,True,True,True,True,2902,496,1044,620,240,280,1796,200,0,0,0,0,0,0,0,0,WPT Ready,0,0,False,0,0,0,0,0,0,75%,50%,False,0x00,False,63%,0us,0.000V,0.000V,True,False,Charge Active,v01.23.7357,False,False,0x00,0x00,0x00,0x00,0x00,0x00,0x00,200,13,0,0,0,False,1.0V,0.030,1467mV,1,False,False,v01.20.7357
26-05-31 16:44:55.102514,2902,496,1044,620,240,280,1796,200,True,True,True,True,True,True,True,True,2902,496,1044,620,240,280,1796,200,0,0,0,0,0,0,0,0,WPT Ready,0,0,False,0,0,0,0,0,0,75%,50%,False,0x00,False,63%,0us,0.000V,0.000V,True,False,Charge Active,v01.23.7357,False,False,0x00,0x00,0x00,0x00,0x00,0x00,0x00,200,13,0,0,0,False,1.0V,0.030,1467mV,1,False,False,v01.20.7357
26-05-31 16:44:55.330696,2902,496,1044,620,240,280,1796,200,True,True,True,True,True,True,True,True,2902,496,1044,620,240,280,1796,200,0,0,0,0,0,0,0,0,WPT Ready,0,0,False,0,0,0,0,0,0,75%,50%,False,0x00,False,63%,0us,0.000V,0.000V,True,False,Charge Active,v01.23.7357,False,False,0x00,0x00,0x00,0x00,0x00,0x00,0x00,200,13,0,0,0,False,1.0V,0.030,1467mV,1,False,False,v01.20.7357
26-05-31 16:44:55.502783,2902,496,1044,620,240,280,1796,200,True,True,True,True,True,True,True,True,2902,496,1044,620,240,280,1796,200,0,0,0,0,0,0,0,0,WPT Ready,0,0,False,0,0,0,0,0,0,75%,50%,False,0x00,False,63%,0us,0.000V,0.000V,True,False,Charge Active,v01.23.7357,False,False,0x00,0x00,0x00,0x00,0x00,0x00,0x00,200,13,0,0,0,False,1.0V,0.030,1467mV,1,False,False,v01.20.7357
26-05-31 16:44:55.694037,2902,496,1044,620,240,280,1796,200,True,True,True,True,True,True,True,True,2902,496,1044,620,240,280,1796,200,0,0,0,0,0,0,0,0,WPT Ready,0,0,False,0,0,0,0,0,0,75%,50%,False,0x00,False,63%,0us,0.000V,0.000V,True,False,Charge Active,v01.23.7357,False,False,0x00,0x00,0x00,0x00,0x00,0x00,0x00,200,13,0,0,0,False,1.0V,0.030,1467mV,1,False,False,v01.20.7357
26-05-31 16:44:55.903168,2902,496,1044,620,240,280,1796,200,True,True,True,True,True,True,True,True,2902,496,1044,620,240,280,1796,200,0,0,0,0,0,0,0,0,WPT Ready,0,0,False,0,0,0,0,0,0,75%,50%,False,0x00,False,63%,0us,0.000V,0.000V,True,False,Charge Active,v01.23.7357,False,False,0x00,0x00,0x00,0x00,0x00,0x00,0x00,200,13,0,0,0,False,1.0V,0.030,1467mV,1,False,False,v01.20.7357
26-05-31 16:44:56.111380,2902,496,1044,620,240,280,1796,200,True,True,True,True,True,True,True,True,2902,496,1044,620,240,280,1796,200,0,0,0,0,0,0,0,0,WPT Ready,0,0,False,0,0,0,0,0,0,75%,50%,False,0x00,False,63%,0us,0.000V,0.000V,True,False,Charge Active,v01.23.7357,False,False,0x00,0x00,0x00,0x00,0x00,0x00,0x00,200,13,0,0,0,False,1.0V,0.030,1467mV,1,False,False,v01.20.7357
26-05-31 16:44:56.322393,2902,496,1044,620,240,280,1796,200,True,True,True,True,True,True,True,True,2902,496,1044,620,240,280,1796,200,0,0,0,0,0,0,0,0,WPT Ready,0,0,False,0,0,0,0,0,0,75%,50%,False,0x00,False,63%,0us,0.000V,0.000V,True,False,Charge Active,v01.23.7357,False,False,0x00,0x00,0x00,0x00,0x00,0x00,0x00,200,13,0,0,0,False,1.0V,0.030,1467mV,1,False,False,v01.20.7357
26-05-31 16:44:56.531328,2902,496,1044,620,240,280,1796,200,True,True,True,True,True,True,True,True,2902,496,1044,620,240,280,1796,200,0,0,0,0,0,0,0,0,WPT Ready,0,0,False,0,0,0,0,0,0,75%,50%,False,0x00,False,63%,0us,0.000V,0.000V,True,False,Charge Active,v01.23.7357,False,False,0x00,0x00,0x00,0x00,0x00,0x00,0x00,200,13,0,0,0,False,1.0V,0.030,1467mV,1,False,False,v01.20.7357
26-05-31 16:44:56.738613,2902,496,1044,620,240,280,1796,200,True,True,True,True,True,True,True,True,2902,496,1044,620,240,280,1796,200,0,0,0,0,0,0,0,0,WPT Ready,0,0,False,0,0,0,0,0,0,75%,50%,False,0x00,False,63%,0us,0.000V,0.000V,True,False,Charge Active,v01.23.7357,False,False,0x00,0x00,0x00,0x00,0x00,0x00,0x00,200,13,0,0,0,False,1.0V,0.030,1467mV,1,False,False,v01.20.7357
26-05-31 16:44:56.889704,2902,496,1044,620,240,280,1796,200,True,True,True,True,True,True,True,True,2902,496,1044,620,240,280,1796,200,0,0,0,0,0,0,0,0,WPT Ready,0,0,False,0,0,0,0,0,0,75%,50%,False,0x00,False,63%,0us,0.000V,0.000V,True,False,Charge Active,v01.23.7357,False,False,0x00,0x00,0x00,0x00,0x00,0x00,0x00,200,13,0,0,0,False,1.0V,0.030,1467mV,1,False,False,v01.20.7357
26-05-31 16:44:57.099234,2902,496,1044,620,240,280,1796,200,True,True,True,True,True,True,True,True,2902,496,1044,620,240,280,1796,200,0,0,0,0,0,0,0,0,WPT Ready,0,0,False,0,0,0,0,0,0,75%,50%,False,0x00,False,63%,0us,0.000V,0.000V,True,False,Charge Active,v01.23.7357,False,False,0x00,0x00,0x00,0x00,0x00,0x00,0x00,200,13,0,0,0,False,1.0V,0.030,1467mV,1,False,False,v01.20.7357
26-05-31 16:44:57.305516,2902,496,1044,620,240,280,1796,200,True,True,True,True,True,True,True,True,2902,496,1044,620,240,280,1796,200,0,0,0,0,0,0,0,0,WPT Ready,0,0,False,0,0,0,0,0,0,75%,50%,False,0x00,False,63%,0us,0.000V,0.000V,True,False,Charge Active,v01.23.7357,False,False,0x00,0x00,0x00,0x00,0x00,0x00,0x00,200,13,0,0,0,False,1.0V,0.030,1467mV,1,False,False,v01.20.7357
26-05-31 16:44:57.515684,2902,496,1044,620,240,280,1796,200,True,True,True,True,True,True,True,True,2902,496,1044,620,240,280,1796,200,0,0,0,0,0,0,0,0,WPT Ready,0,0,False,0,0,0,0,0,0,75%,50%,False,0x00,False,63%,0us,0.000V,0.000V,True,False,Charge Active,v01.23.7357,False,False,0x00,0x00,0x00,0x00,0x00,0x00,0x00,200,13,0,0,0,False,1.0V,0.030,1467mV,1,False,False,v01.20.7357
26-05-31 16:44:57.696763,2902,496,1044,620,240,280,1796,200,True,True,True,True,True,True,True,True,2902,496,1044,620,240,280,1796,200,0,0,0,0,0,0,0,0,WPT Ready,0,0,False,0,0,0,0,0,0,75%,50%,False,0x00,False,63%,0us,0.000V,0.000V,True,False,Charge Active,v01.23.7357,False,False,0x00,0x00,0x00,0x00,0x00,0x00,0x00,200,13,0,0,0,False,1.0V,0.030,1467mV,1,False,False,v01.20.7357
26-05-31 16:44:57.912389,2902,496,1044,620,240,280,1796,200,True,True,True,True,True,True,True,True,2902,496,1044,620,240,280,1796,200,0,0,0,0,0,0,0,0,WPT Ready,0,0,False,0,0,0,0,0,0,75%,50%,False,0x00,False,63%,0us,0.000V,0.000V,True,False,Charge Active,v01.23.7357,False,False,0x00,0x00,0x00,0x00,0x00,0x00,0x00,200,13,0,0,0,False,1.0V,0.030,1467mV,1,False,False,v01.20.7357
26-05-31 16:44:58.130415,2902,496,1044,620,240,280,1796,200,True,True,True,True,True,True,True,True,2902,496,1044,620,240,280,1796,200,0,0,0,0,0,0,0,0,WPT Ready,0,0,False,0,0,0,0,0,0,75%,50%,False,0x00,False,63%,0us,0.000V,0.000V,True,False,Charge Active,v01.23.7357,False,False,0x00,0x00,0x00,0x00,0x00,0x00,0x00,200,13,0,0,0,False,1.0V,0.030,1467mV,1,False,False,v01.20.7357
26-05-31 16:44:58.341735,2902,496,1044,620,240,280,1796,200,True,True,True,True,True,True,True,True,2902,496,1044,620,240,280,1796,200,0,0,0,0,0,0,0,0,WPT Ready,0,0,False,0,0,0,0,0,0,75%,50%,False,0x00,False,63%,0us,0.000V,0.000V,True,False,Charge Active,v01.23.7357,False,False,0x00,0x00,0x00,0x00,0x00,0x00,0x00,200,13,0,0,0,False,1.0V,0.030,1467mV,1,False,False,v01.20.7357
26-05-31 16:44:58.495494,2902,496,1044,620,240,280,1796,200,True,True,True,True,True,True,True,True,2902,496,1044,620,240,280,1796,200,0,0,0,0,0,0,0,0,WPT Ready,0,0,False,0,0,0,0,0,0,75%,50%,False,0x00,False,63%,0us,0.000V,0.000V,True,False,Charge Active,v01.23.7357,False,False,0x00,0x00,0x00,0x00,0x00,0x00,0x00,200,13,0,0,0,False,1.0V,0.030,1467mV,1,False,False,v01.20.7357
26-05-31 16:44:58.703378,2902,496,1044,620,240,280,1796,200,True,True,True,True,True,True,True,True,2902,496,1044,620,240,280,1796,200,0,0,0,0,0,0,0,0,WPT Ready,0,0,False,0,0,0,0,0,0,75%,50%,False,0x00,False,63%,0us,0.000V,0.000V,True,False,Charge Active,v01.23.7357,False,False,0x00,0x00,0x00,0x00,0x00,0x00,0x00,200,13,0,0,0,False,1.0V,0.030,1467mV,1,False,False,v01.20.7357
26-05-31 16:44:58.890964,2902,496,1044,620,240,280,1796,200,True,True,True,True,True,True,True,True,2902,496,1044,620,240,280,1796,200,0,0,0,0,0,0,0,0,WPT Ready,0,0,False,0,0,0,0,0,0,75%,50%,False,0x00,False,63%,0us,0.000V,0.000V,True,False,Charge Active,v01.23.7357,False,False,0x00,0x00,0x00,0x00,0x00,0x00,0x00,200,13,0,0,0,False,1.0V,0.030,1467mV,1,False,False,v01.20.7357
26-05-31 16:44:59.107851,2902,496,1044,620,240,280,1796,200,True,True,True,True,True,True,True,True,2902,496,1044,620,240,280,1796,200,0,0,0,0,0,0,0,0,WPT Ready,0,0,False,0,0,0,0,0,0,75%,50%,False,0x00,False,63%,0us,0.000V,0.000V,True,False,Charge Active,v01.23.7357,False,False,0x00,0x00,0x00,0x00,0x00,0x00,0x00,200,13,0,0,0,False,1.0V,0.030,1467mV,1,False,False,v01.20.7357
26-05-31 16:44:59.294129,2902,496,1044,620,240,280,1796,200,True,True,True,True,True,True,True,True,2902,496,1044,620,240,280,1796,200,0,0,0,0,0,0,0,0,WPT Ready,0,0,False,0,0,0,0,0,0,75%,50%,False,0x00,False,63%,0us,0.000V,0.000V,True,False,Charge Active,v01.23.7357,False,False,0x00,0x00,0x00,0x00,0x00,0x00,0x00,200,13,0,0,0,False,1.0V,0.030,1467mV,1,False,False,v01.20.7357
26-05-31 16:44:59.502322,2902,496,1044,620,240,280,1796,200,True,True,True,True,True,True,True,True,2902,496,1044,620,240,280,1796,200,0,0,0,0,0,0,0,0,WPT Ready,0,0,False,0,0,0,0,0,0,75%,50%,False,0x00,False,63%,0us,0.000V,0.000V,True,False,Charge Active,v01.23.7357,False,False,0x00,0x00,0x00,0x00,0x00,0x00,0x00,200,13,0,0,0,False,1.0V,0.030,1467mV,1,False,False,v01.20.7357
26-05-31 16:44:59.716028,2902,496,1044,620,240,280,1796,200,True,True,True,True,True,True,True,True,2902,496,1044,620,240,280,1796,200,0,0,0,0,0,0,0,0,WPT Ready,0,0,False,0,0,0,0,0,0,75%,50%,False,0x00,False,63%,0us,0.000V,0.000V,True,False,Charge Active,v01.23.7357,False,False,0x00,0x00,0x00,0x00,0x00,0x00,0x00,200,13,0,0,0,False,1.0V,0.030,1467mV,1,False,False,v01.20.7357
26-05-31 16:44:59.918601,2902,496,1044,620,240,280,1796,200,True,True,True,True,True,True,True,True,2902,496,1044,620,240,280,1796,200,0,0,0,0,0,0,0,0,WPT Ready,0,0,False,0,0,0,0,0,0,75%,50%,False,0x00,False,63%,0us,0.000V,0.000V,True,False,Charge Active,v01.23.7357,False,False,0x00,0x00,0x00,0x00,0x00,0x00,0x00,200,13,0,0,0,False,1.0V,0.030,1467mV,1,False,False,v01.20.7357
26-05-31 16:45:00.089758,2902,496,1044,620,240,280,1796,200,True,True,True,True,True,True,True,True,2902,496,1044,620,240,280,1796,200,0,0,0,0,0,0,0,0,WPT Ready,0,0,False,0,0,0,0,0,0,75%,50%,False,0x00,False,63%,0us,0.000V,0.000V,True,False,Charge Active,v01.23.7357,False,False,0x00,0x00,0x00,0x00,0x00,0x00,0x00,200,13,0,0,0,False,1.0V,0.030,1467mV,1,False,False,v01.20.7357
26-05-31 16:45:00.294974,2902,496,1044,620,240,280,1796,200,True,True,True,True,True,True,True,True,2902,496,1044,620,240,280,1796,200,0,0,0,0,0,0,0,0,WPT Ready,0,0,False,0,0,0,0,0,0,75%,50%,False,0x00,False,63%,0us,0.000V,0.000V,True,False,Charge Active,v01.23.7357,False,False,0x00,0x00,0x00,0x00,0x00,0x00,0x00,200,13,0,0,0,False,1.0V,0.030,1467mV,1,False,False,v01.20.7357
26-05-31 16:45:00.492278,2902,496,1044,620,240,280,1796,200,True,True,True,True,True,True,True,True,2902,496,1044,620,240,280,1796,200,0,0,0,0,0,0,0,0,WPT Ready,0,0,False,0,0,0,0,0,0,75%,50%,False,0x00,False,63%,0us,0.000V,0.000V,True,False,Charge Active,v01.23.7357,False,False,0x00,0x00,0x00,0x00,0x00,0x00,0x00,200,13,0,0,0,False,1.0V,0.030,1467mV,1,False,False,v01.20.7357
26-05-31 16:45:00.710281,2902,496,1044,620,240,280,1796,200,True,True,True,True,True,True,True,True,2902,496,1044,620,240,280,1796,200,0,0,0,0,0,0,0,0,WPT Ready,0,0,False,0,0,0,0,0,0,75%,50%,False,0x00,False,63%,0us,0.000V,0.000V,True,False,Charge Active,v01.23.7357,False,False,0x00,0x00,0x00,0x00,0x00,0x00,0x00,200,13,0,0,0,False,1.0V,0.030,1467mV,1,False,False,v01.20.7357
26-05-31 16:45:00.904360,2902,496,1044,620,240,280,1796,200,True,True,True,True,True,True,True,True,2902,496,1044,620,240,280,1796,200,0,0,0,0,0,0,0,0,WPT Ready,0,0,False,0,0,0,0,0,0,75%,50%,False,0x00,False,63%,0us,0.000V,0.000V,True,False,Charge Active,v01.23.7357,False,False,0x00,0x00,0x00,0x00,0x00,0x00,0x00,200,13,0,0,0,False,1.0V,0.030,1467mV,1,False,False,v01.20.7357
26-05-31 16:45:01.111937,2902,496,1044,620,240,280,1796,200,True,True,True,True,True,True,True,True,2902,496,1044,620,240,280,1796,200,0,0,0,0,0,0,0,0,WPT Ready,0,0,False,0,0,0,0,0,0,75%,50%,False,0x00,False,63%,0us,0.000V,0.000V,True,False,Charge Active,v01.23.7357,False,False,0x00,0x00,0x00,0x00,0x00,0x00,0x00,200,13,0,0,0,False,1.0V,0.030,1467mV,1,False,False,v01.20.7357
26-05-31 16:45:01.321491,2902,496,1044,620,240,280,1796,200,True,True,True,True,True,True,True,True,2902,496,1044,620,240,280,1796,200,0,0,0,0,0,0,0,0,WPT Ready,0,0,False,0,0,0,0,0,0,75%,50%,False,0x00,False,63%,0us,0.000V,0.000V,True,False,Charge Active,v01.23.7357,False,False,0x00,0x00,0x00,0x00,0x00,0x00,0x00,200,13,0,0,0,False,1.0V,0.030,1467mV,1,False,False,v01.20.7357
26-05-31 16:45:01.497340,2902,496,1044,620,240,280,1796,200,True,True,True,True,True,True,True,True,2902,496,1044,620,240,280,1796,200,0,0,0,0,0,0,0,0,WPT Ready,0,0,False,0,0,0,0,0,0,75%,50%,False,0x00,False,63%,0us,0.000V,0.000V,True,False,Charge Active,v01.23.7357,False,False,0x00,0x00,0x00,0x00,0x00,0x00,0x00,200,13,0,0,0,False,1.0V,0.030,1467mV,1,False,False,v01.20.7357
26-05-31 16:45:01.706703,2902,496,1044,620,240,280,1796,200,True,True,True,True,True,True,True,True,2902,496,1044,620,240,280,1796,200,0,0,0,0,0,0,0,0,WPT Ready,0,0,False,0,0,0,0,0,0,75%,50%,False,0x00,False,63%,0us,0.000V,0.000V,True,False,Charge Active,v01.23.7357,False,False,0x00,0x00,0x00,0x00,0x00,0x00,0x00,200,13,0,0,0,False,1.0V,0.030,1467mV,1,False,False,v01.20.7357
26-05-31 16:45:01.893596,2902,496,1044,620,240,280,1796,200,True,True,True,True,True,True,True,True,2902,496,1044,620,240,280,1796,200,0,0,0,0,0,0,0,0,WPT Ready,0,0,False,0,0,0,0,0,0,75%,50%,False,0x00,False,63%,0us,0.000V,0.000V,True,False,Charge Active,v01.23.7357,False,False,0x00,0x00,0x00,0x00,0x00,0x00,0x00,200,13,0,0,0,False,1.0V,0.030,1467mV,1,False,False,v01.20.7357
26-05-31 16:45:02.110713,2902,496,1044,620,240,280,1796,200,True,True,True,True,True,True,True,True,2902,496,1044,620,240,280,1796,200,0,0,0,0,0,0,0,0,WPT Ready,0,0,False,0,0,0,0,0,0,75%,50%,False,0x00,False,63%,0us,0.000V,0.000V,True,False,Charge Active,v01.23.7357,False,False,0x00,0x00,0x00,0x00,0x00,0x00,0x00,200,13,0,0,0,False,1.0V,0.030,1467mV,1,False,False,v01.20.7357
26-05-31 16:45:02.304746,2902,496,1044,620,240,280,1796,200,True,True,True,True,True,True,True,True,2902,496,1044,620,240,280,1796,200,0,0,0,0,0,0,0,0,WPT Ready,0,0,False,0,0,0,0,0,0,75%,50%,False,0x00,False,63%,0us,0.000V,0.000V,True,False,Charge Active,v01.23.7357,False,False,0x00,0x00,0x00,0x00,0x00,0x00,0x00,200,13,0,0,0,False,1.0V,0.030,1467mV,1,False,False,v01.20.7357
26-05-31 16:45:02.511207,2902,496,1044,620,240,280,1796,200,True,True,True,True,True,True,True,True,2902,496,1044,620,240,280,1796,200,0,0,0,0,0,0,0,0,WPT Ready,0,0,False,0,0,0,0,0,0,75%,50%,False,0x00,False,63%,0us,0.000V,0.000V,True,False,Charge Active,v01.23.7357,False,False,0x00,0x00,0x00,0x00,0x00,0x00,0x00,200,13,0,0,0,False,1.0V,0.030,1467mV,1,False,False,v01.20.7357
26-05-31 16:45:02.722643,2902,496,1044,620,240,280,1796,200,True,True,True,True,True,True,True,True,2902,496,1044,620,240,280,1796,200,0,0,0,0,0,0,0,0,WPT Ready,0,0,False,0,0,0,0,0,0,75%,50%,False,0x00,False,63%,0us,0.000V,0.000V,True,False,Charge Active,v01.23.7357,False,False,0x00,0x00,0x00,0x00,0x00,0x00,0x00,200,13,0,0,0,False,1.0V,0.030,1467mV,1,False,False,v01.20.7357
26-05-31 16:45:02.934179,2902,496,1044,620,240,280,1796,200,True,True,True,True,True,True,True,True,2902,496,1044,620,240,280,1796,200,0,0,0,0,0,0,0,0,WPT Ready,0,0,False,0,0,0,0,0,0,75%,50%,False,0x00,False,63%,0us,0.000V,0.000V,True,False,Charge Active,v01.23.7357,False,False,0x00,0x00,0x00,0x00,0x00,0x00,0x00,200,13,0,0,0,False,1.0V,0.030,1467mV,1,False,False,v01.20.7357
26-05-31 16:45:03.099247,2902,496,1044,620,240,280,1796,200,True,True,True,True,True,True,True,True,2902,496,1044,620,240,280,1796,200,0,0,0,0,0,0,0,0,WPT Ready,0,0,False,0,0,0,0,0,0,75%,50%,False,0x00,False,63%,0us,0.000V,0.000V,True,False,Charge Active,v01.23.7357,False,False,0x00,0x00,0x00,0x00,0x00,0x00,0x00,200,13,0,0,0,False,1.0V,0.030,1467mV,1,False,False,v01.20.7357
26-05-31 16:45:03.290615,2902,496,1044,620,240,280,1796,200,True,True,True,True,True,True,True,True,2902,496,1044,620,240,280,1796,200,0,0,0,0,0,0,0,0,WPT Ready,0,0,False,0,0,0,0,0,0,75%,50%,False,0x00,False,63%,0us,0.000V,0.000V,True,False,Charge Active,v01.23.7357,False,False,0x00,0x00,0x00,0x00,0x00,0x00,0x00,200,13,0,0,0,False,1.0V,0.030,1467mV,1,False,False,v01.20.7357
26-05-31 16:45:03.506959,2902,496,1044,620,240,280,1796,200,True,True,True,True,True,True,True,True,2902,496,1044,620,240,280,1796,200,0,0,0,0,0,0,0,0,WPT Ready,0,0,False,0,0,0,0,0,0,75%,50%,False,0x00,False,63%,0us,0.000V,0.000V,True,False,Charge Active,v01.23.7357,False,False,0x00,0x00,0x00,0x00,0x00,0x00,0x00,200,13,0,0,0,False,1.0V,0.030,1467mV,1,False,False,v01.20.7357
26-05-31 16:45:03.701754,2902,496,1044,620,240,280,1796,200,True,True,True,True,True,True,True,True,2902,496,1044,620,240,280,1796,200,0,0,0,0,0,0,0,0,WPT Ready,0,0,False,0,0,0,0,0,0,75%,50%,False,0x00,False,63%,0us,0.000V,0.000V,True,False,Charge Active,v01.23.7357,False,False,0x00,0x00,0x00,0x00,0x00,0x00,0x00,200,13,0,0,0,False,1.0V,0.030,1467mV,1,False,False,v01.20.7357
26-05-31 16:45:03.913674,2902,496,1044,620,240,280,1796,200,True,True,True,True,True,True,True,True,2902,496,1044,620,240,280,1796,200,0,0,0,0,0,0,0,0,WPT Ready,0,0,False,0,0,0,0,0,0,75%,50%,False,0x00,False,63%,0us,0.000V,0.000V,True,False,Charge Active,v01.23.7357,False,False,0x00,0x00,0x00,0x00,0x00,0x00,0x00,200,13,0,0,0,False,1.0V,0.030,1467mV,1,False,False,v01.20.7357
26-05-31 16:45:04.133618,2902,496,1044,620,240,280,1796,200,True,True,True,True,True,True,True,True,2902,496,1044,620,240,280,1796,200,0,0,0,0,0,0,0,0,WPT Ready,0,0,False,0,0,0,0,0,0,75%,50%,False,0x00,False,63%,0us,0.000V,0.000V,True,False,Charge Active,v01.23.7357,False,False,0x00,0x00,0x00,0x00,0x00,0x00,0x00,200,13,0,0,0,False,1.0V,0.030,1467mV,1,False,False,v01.20.7357
26-05-31 16:45:04.291021,2902,496,1044,620,240,280,1796,200,True,True,True,True,True,True,True,True,2902,496,1044,620,240,280,1796,200,0,0,0,0,0,0,0,0,WPT Ready,0,0,False,0,0,0,0,0,0,75%,50%,False,0x00,False,63%,0us,0.000V,0.000V,True,False,Charge Active,v01.23.7357,False,False,0x00,0x00,0x00,0x00,0x00,0x00,0x00,200,13,0,0,0,False,1.0V,0.030,1467mV,1,False,False,v01.20.7357
26-05-31 16:45:04.497023,2902,496,1044,620,240,280,1796,200,True,True,True,True,True,True,True,True,2902,496,1044,620,240,280,1796,200,0,0,0,0,0,0,0,0,WPT Ready,0,0,False,0,0,0,0,0,0,75%,50%,False,0x00,False,63%,0us,0.000V,0.000V,True,False,Charge Active,v01.23.7357,False,False,0x00,0x00,0x00,0x00,0x00,0x00,0x00,200,13,0,0,0,False,1.0V,0.030,1467mV,1,False,False,v01.20.7357
26-05-31 16:45:04.716162,2902,496,1044,620,240,280,1796,200,True,True,True,True,True,True,True,True,2902,496,1044,620,240,280,1796,200,0,0,0,0,0,0,0,0,WPT Ready,0,0,False,0,0,0,0,0,0,75%,50%,False,0x00,False,63%,0us,0.000V,0.000V,True,False,Charge Active,v01.23.7357,False,False,0x00,0x00,0x00,0x00,0x00,0x00,0x00,200,13,0,0,0,False,1.0V,0.030,1467mV,1,False,False,v01.20.7357
26-05-31 16:45:04.902841,2902,496,1044,620,240,280,1796,200,True,True,True,True,True,True,True,True,2902,496,1044,620,240,280,1796,200,0,0,0,0,0,0,0,0,WPT Ready,0,0,False,0,0,0,0,0,0,75%,50%,False,0x00,False,63%,0us,0.000V,0.000V,True,False,Charge Active,v01.23.7357,False,False,0x00,0x00,0x00,0x00,0x00,0x00,0x00,200,13,0,0,0,False,1.0V,0.030,1467mV,1,False,False,v01.20.7357
26-05-31 16:45:05.121556,2902,496,1044,620,240,280,1796,200,True,True,True,True,True,True,True,True,2902,496,1044,620,240,280,1796,200,0,0,0,0,0,0,0,0,WPT Ready,0,0,False,0,0,0,0,0,0,75%,50%,False,0x00,False,63%,0us,0.000V,0.000V,True,False,Charge Active,v01.23.7357,False,False,0x00,0x00,0x00,0x00,0x00,0x00,0x00,200,13,0,0,0,False,1.0V,0.030,1467mV,1,False,False,v01.20.7357
26-05-31 16:45:05.335639,2902,496,1044,620,240,280,1796,200,True,True,True,True,True,True,True,True,2902,496,1044,620,240,280,1796,200,0,0,0,0,0,0,0,0,WPT Ready,0,0,False,0,0,0,0,0,0,75%,50%,False,0x00,False,63%,0us,0.000V,0.000V,True,False,Charge Active,v01.23.7357,False,False,0x00,0x00,0x00,0x00,0x00,0x00,0x00,200,13,0,0,0,False,1.0V,0.030,1467mV,1,False,False,v01.20.7357
26-05-31 16:45:05.525345,2902,496,1044,620,240,280,1796,200,True,True,True,True,True,True,True,True,2902,496,1044,620,240,280,1796,200,0,0,0,0,0,0,0,0,WPT Ready,0,0,False,0,0,0,0,0,0,75%,50%,False,0x00,False,63%,0us,0.000V,0.000V,True,False,Charge Active,v01.23.7357,False,False,0x00,0x00,0x00,0x00,0x00,0x00,0x00,200,13,0,0,0,False,1.0V,0.030,1467mV,1,False,False,v01.20.7357
26-05-31 16:45:05.727832,2902,496,1044,620,240,280,1796,200,True,True,True,True,True,True,True,True,2902,496,1044,620,240,280,1796,200,0,0,0,0,0,0,0,0,WPT Ready,0,0,False,0,0,0,0,0,0,75%,50%,False,0x00,False,63%,0us,0.000V,0.000V,True,False,Charge Active,v01.23.7357,False,False,0x00,0x00,0x00,0x00,0x00,0x00,0x00,200,13,0,0,0,False,1.0V,0.030,1467mV,1,False,False,v01.20.7357
26-05-31 16:45:05.900167,2902,496,1044,620,240,280,1796,200,True,True,True,True,True,True,True,True,2902,496,1044,620,240,280,1796,200,0,0,0,0,0,0,0,0,WPT Ready,0,0,False,0,0,0,0,0,0,75%,50%,False,0x00,False,63%,0us,0.000V,0.000V,True,False,Charge Active,v01.23.7357,False,False,0x00,0x00,0x00,0x00,0x00,0x00,0x00,200,13,0,0,0,False,1.0V,0.030,1467mV,1,False,False,v01.20.7357
26-05-31 16:45:06.093615,2902,496,1044,620,240,280,1796,200,True,True,True,True,True,True,True,True,2902,496,1044,620,240,280,1796,200,0,0,0,0,0,0,0,0,WPT Ready,0,0,False,0,0,0,0,0,0,75%,50%,False,0x00,False,63%,0us,0.000V,0.000V,True,False,Charge Active,v01.23.7357,False,False,0x00,0x00,0x00,0x00,0x00,0x00,0x00,200,13,0,0,0,False,1.0V,0.030,1467mV,1,False,False,v01.20.7357
26-05-31 16:45:06.309131,2902,496,1044,620,240,280,1796,200,True,True,True,True,True,True,True,True,2902,496,1044,620,240,280,1796,200,0,0,0,0,0,0,0,0,WPT Ready,0,0,False,0,0,0,0,0,0,75%,50%,False,0x00,False,63%,0us,0.000V,0.000V,True,False,Charge Active,v01.23.7357,False,False,0x00,0x00,0x00,0x00,0x00,0x00,0x00,200,13,0,0,0,False,1.0V,0.030,1467mV,1,False,False,v01.20.7357
26-05-31 16:45:06.516117,2902,496,1044,620,240,280,1796,200,True,True,True,True,True,True,True,True,2902,496,1044,620,240,280,1796,200,0,0,0,0,0,0,0,0,WPT Ready,0,0,False,0,0,0,0,0,0,75%,50%,False,0x00,False,63%,0us,0.000V,0.000V,True,False,Charge Active,v01.23.7357,False,False,0x00,0x00,0x00,0x00,0x00,0x00,0x00,200,13,0,0,0,False,1.0V,0.030,1467mV,1,False,False,v01.20.7357
26-05-31 16:45:06.717024,2902,496,1044,620,240,280,1796,200,True,True,True,True,True,True,True,True,2902,496,1044,620,240,280,1796,200,0,0,0,0,0,0,0,0,WPT Ready,0,0,False,0,0,0,0,0,0,75%,50%,False,0x00,False,63%,0us,0.000V,0.000V,True,False,Charge Active,v01.23.7357,False,False,0x00,0x00,0x00,0x00,0x00,0x00,0x00,200,13,0,0,0,False,1.0V,0.030,1467mV,1,False,False,v01.20.7357
26-05-31 16:45:06.926969,2902,496,1044,620,240,280,1796,200,True,True,True,True,True,True,True,True,2902,496,1044,620,240,280,1796,200,0,0,0,0,0,0,0,0,WPT Ready,0,0,False,0,0,0,0,0,0,75%,50%,False,0x00,False,63%,0us,0.000V,0.000V,True,False,Charge Active,v01.23.7357,False,False,0x00,0x00,0x00,0x00,0x00,0x00,0x00,200,13,0,0,0,False,1.0V,0.030,1467mV,1,False,False,v01.20.7357
26-05-31 16:45:07.093232,2902,496,1044,620,240,280,1796,200,True,True,True,True,True,True,True,True,2902,496,1044,620,240,280,1796,200,0,0,0,0,0,0,0,0,WPT Ready,0,0,False,0,0,0,0,0,0,75%,50%,False,0x00,False,63%,0us,0.000V,0.000V,True,False,Charge Active,v01.23.7357,False,False,0x00,0x00,0x00,0x00,0x00,0x00,0x00,200,13,0,0,0,False,1.0V,0.030,1467mV,1,False,False,v01.20.7357
26-05-31 16:45:07.305868,2902,496,1044,620,240,280,1796,200,True,True,True,True,True,True,True,True,2902,496,1044,620,240,280,1796,200,0,0,0,0,0,0,0,0,WPT Ready,0,0,False,0,0,0,0,0,0,75%,50%,False,0x00,False,63%,0us,0.000V,0.000V,True,False,Charge Active,v01.23.7357,False,False,0x00,0x00,0x00,0x00,0x00,0x00,0x00,200,13,0,0,0,False,1.0V,0.030,1467mV,1,False,False,v01.20.7357
26-05-31 16:45:07.513356,2902,496,1044,620,240,280,1796,200,True,True,True,True,True,True,True,True,2902,496,1044,620,240,280,1796,200,0,0,0,0,0,0,0,0,WPT Ready,0,0,False,0,0,0,0,0,0,75%,50%,False,0x00,False,63%,0us,0.000V,0.000V,True,False,Charge Active,v01.23.7357,False,False,0x00,0x00,0x00,0x00,0x00,0x00,0x00,200,13,0,0,0,False,1.0V,0.030,1467mV,1,False,False,v01.20.7357
26-05-31 16:45:07.706104,2902,496,1044,620,240,280,1796,200,True,True,True,True,True,True,True,True,2902,496,1044,620,240,280,1796,200,0,0,0,0,0,0,0,0,WPT Ready,0,0,False,0,0,0,0,0,0,75%,50%,False,0x00,False,63%,0us,0.000V,0.000V,True,False,Charge Active,v01.23.7357,False,False,0x00,0x00,0x00,0x00,0x00,0x00,0x00,200,13,0,0,0,False,1.0V,0.030,1467mV,1,False,False,v01.20.7357
26-05-31 16:45:07.908154,2902,496,1044,620,240,280,1796,200,True,True,True,True,True,True,True,True,2902,496,1044,620,240,280,1796,200,0,0,0,0,0,0,0,0,WPT Ready,0,0,False,0,0,0,0,0,0,75%,50%,False,0x00,False,63%,0us,0.000V,0.000V,True,False,Charge Active,v01.23.7357,False,False,0x00,0x00,0x00,0x00,0x00,0x00,0x00,200,13,0,0,0,False,1.0V,0.030,1467mV,1,False,False,v01.20.7357
26-05-31 16:45:08.147191,2902,496,1044,620,240,280,1796,200,True,True,True,True,True,True,True,True,2902,496,1044,620,240,280,1796,200,0,0,0,0,0,0,0,0,WPT Ready,0,0,False,0,0,0,0,0,0,75%,50%,False,0x00,False,63%,0us,0.000V,0.000V,True,False,Charge Active,v01.23.7357,False,False,0x00,0x00,0x00,0x00,0x00,0x00,0x00,200,13,0,0,0,False,1.0V,0.030,1467mV,1,False,False,v01.20.7357
26-05-31 16:45:08.315372,2902,496,1044,620,240,280,1796,200,True,True,True,True,True,True,True,True,2902,496,1044,620,240,280,1796,200,0,0,0,0,0,0,0,0,WPT Ready,0,0,False,0,0,0,0,0,0,75%,50%,False,0x00,False,63%,0us,0.000V,0.000V,True,False,Charge Active,v01.23.7357,False,False,0x00,0x00,0x00,0x00,0x00,0x00,0x00,200,13,0,0,0,False,1.0V,0.030,1467mV,1,False,False,v01.20.7357
26-05-31 16:45:08.497074,2902,496,1044,620,240,280,1796,200,True,True,True,True,True,True,True,True,2902,496,1044,620,240,280,1796,200,0,0,0,0,0,0,0,0,WPT Ready,0,0,False,0,0,0,0,0,0,75%,50%,False,0x00,False,63%,0us,0.000V,0.000V,True,False,Charge Active,v01.23.7357,False,False,0x00,0x00,0x00,0x00,0x00,0x00,0x00,200,13,0,0,0,False,1.0V,0.030,1467mV,1,False,False,v01.20.7357
26-05-31 16:45:08.705651,2902,496,1044,620,240,280,1796,200,True,True,True,True,True,True,True,True,2902,496,1044,620,240,280,1796,200,0,0,0,0,0,0,0,0,WPT Ready,0,0,False,0,0,0,0,0,0,75%,50%,False,0x00,False,63%,0us,0.000V,0.000V,True,False,Charge Active,v01.23.7357,False,False,0x00,0x00,0x00,0x00,0x00,0x00,0x00,200,13,0,0,0,False,1.0V,0.030,1467mV,1,False,False,v01.20.7357
26-05-31 16:45:08.898565,2902,496,1044,620,240,280,1796,200,True,True,True,True,True,True,True,True,2902,496,1044,620,240,280,1796,200,0,0,0,0,0,0,0,0,WPT Ready,0,0,False,0,0,0,0,0,0,75%,50%,False,0x00,False,63%,0us,0.000V,0.000V,True,False,Charge Active,v01.23.7357,False,False,0x00,0x00,0x00,0x00,0x00,0x00,0x00,200,13,0,0,0,False,1.0V,0.030,1467mV,1,False,False,v01.20.7357
26-05-31 16:45:09.116213,2902,496,1044,620,240,280,1796,200,True,True,True,True,True,True,True,True,2902,496,1044,620,240,280,1796,200,0,0,0,0,0,0,0,0,WPT Ready,0,0,False,0,0,0,0,0,0,75%,50%,False,0x00,False,63%,0us,0.000V,0.000V,True,False,Charge Active,v01.23.7357,False,False,0x00,0x00,0x00,0x00,0x00,0x00,0x00,200,13,0,0,0,False,1.0V,0.030,1467mV,1,False,False,v01.20.7357
26-05-31 16:45:09.294041,2902,496,1044,620,240,280,1796,200,True,True,True,True,True,True,True,True,2902,496,1044,620,240,280,1796,200,0,0,0,0,0,0,0,0,WPT Ready,0,0,False,0,0,0,0,0,0,75%,50%,False,0x00,False,63%,0us,0.000V,0.000V,True,False,Charge Active,v01.23.7357,False,False,0x00,0x00,0x00,0x00,0x00,0x00,0x00,200,13,0,0,0,False,1.0V,0.030,1467mV,1,False,False,v01.20.7357
26-05-31 16:45:09.494378,2902,496,1044,620,240,280,1796,200,True,True,True,True,True,True,True,True,2902,496,1044,620,240,280,1796,200,0,0,0,0,0,0,0,0,WPT Ready,0,0,False,0,0,0,0,0,0,75%,50%,False,0x00,False,63%,0us,0.000V,0.000V,True,False,Charge Active,v01.23.7357,False,False,0x00,0x00,0x00,0x00,0x00,0x00,0x00,200,13,0,0,0,False,1.0V,0.030,1467mV,1,False,False,v01.20.7357
26-05-31 16:45:09.710126,2902,496,1044,620,240,280,1796,200,True,True,True,True,True,True,True,True,2902,496,1044,620,240,280,1796,200,0,0,0,0,0,0,0,0,WPT Ready,0,0,False,0,0,0,0,0,0,75%,50%,False,0x00,False,63%,0us,0.000V,0.000V,True,False,Charge Active,v01.23.7357,False,False,0x00,0x00,0x00,0x00,0x00,0x00,0x00,200,13,0,0,0,False,1.0V,0.030,1467mV,1,False,False,v01.20.7357
26-05-31 16:45:09.899113,2902,496,1044,620,240,280,1796,200,True,True,True,True,True,True,True,True,2902,496,1044,620,240,280,1796,200,0,0,0,0,0,0,0,0,WPT Ready,0,0,False,0,0,0,0,0,0,75%,50%,False,0x00,False,63%,0us,0.000V,0.000V,True,False,Charge Active,v01.23.7357,False,False,0x00,0x00,0x00,0x00,0x00,0x00,0x00,200,13,0,0,0,False,1.0V,0.030,1467mV,1,False,False,v01.20.7357
26-05-31 16:45:10.121167,2902,496,1044,620,240,280,1796,200,True,True,True,True,True,True,True,True,2902,496,1044,620,240,280,1796,200,0,0,0,0,0,0,0,0,WPT Ready,0,0,False,0,0,0,0,0,0,75%,50%,False,0x00,False,63%,0us,0.000V,0.000V,True,False,Charge Active,v01.23.7357,False,False,0x00,0x00,0x00,0x00,0x00,0x00,0x00,200,13,0,0,0,False,1.0V,0.030,1467mV,1,False,False,v01.20.7357
26-05-31 16:45:10.317115,2902,496,1044,620,240,280,1796,200,True,True,True,True,True,True,True,True,2902,496,1044,620,240,280,1796,200,0,0,0,0,0,0,0,0,WPT Ready,0,0,False,0,0,0,0,0,0,75%,50%,False,0x00,False,63%,0us,0.000V,0.000V,True,False,Charge Active,v01.23.7357,False,False,0x00,0x00,0x00,0x00,0x00,0x00,0x00,200,13,0,0,0,False,1.0V,0.030,1467mV,1,False,False,v01.20.7357
26-05-31 16:45:10.519819,2902,496,1044,620,240,280,1796,200,True,True,True,True,True,True,True,True,2902,496,1044,620,240,280,1796,200,0,0,0,0,0,0,0,0,WPT Ready,0,0,False,0,0,0,0,0,0,75%,50%,False,0x00,False,63%,0us,0.000V,0.000V,True,False,Charge Active,v01.23.7357,False,False,0x00,0x00,0x00,0x00,0x00,0x00,0x00,200,13,0,0,0,False,1.0V,0.030,1467mV,1,False,False,v01.20.7357
26-05-31 16:45:10.698965,2902,496,1044,620,240,280,1796,200,True,True,True,True,True,True,True,True,2902,496,1044,620,240,280,1796,200,0,0,0,0,0,0,0,0,WPT Ready,0,0,False,0,0,0,0,0,0,75%,50%,False,0x00,False,63%,0us,0.000V,0.000V,True,False,Charge Active,v01.23.7357,False,False,0x00,0x00,0x00,0x00,0x00,0x00,0x00,200,13,0,0,0,False,1.0V,0.030,1467mV,1,False,False,v01.20.7357
26-05-31 16:45:10.893289,2902,496,1044,620,240,280,1796,200,True,True,True,True,True,True,True,True,2902,496,1044,620,240,280,1796,200,0,0,0,0,0,0,0,0,WPT Ready,0,0,False,0,0,0,0,0,0,75%,50%,False,0x00,False,63%,0us,0.000V,0.000V,True,False,Charge Active,v01.23.7357,False,False,0x00,0x00,0x00,0x00,0x00,0x00,0x00,200,13,0,0,0,False,1.0V,0.030,1467mV,1,False,False,v01.20.7357
26-05-31 16:45:11.111783,2902,496,1044,620,240,280,1796,200,True,True,True,True,True,True,True,True,2902,496,1044,620,240,280,1796,200,0,0,0,0,0,0,0,0,WPT Ready,0,0,False,0,0,0,0,0,0,75%,50%,False,0x00,False,63%,0us,0.000V,0.000V,True,False,Charge Active,v01.23.7357,False,False,0x00,0x00,0x00,0x00,0x00,0x00,0x00,200,13,0,0,0,False,1.0V,0.030,1467mV,1,False,False,v01.20.7357
26-05-31 16:45:11.326040,2902,496,1044,620,240,280,1796,200,True,True,True,True,True,True,True,True,2902,496,1044,620,240,280,1796,200,0,0,0,0,0,0,0,0,WPT Ready,0,0,False,0,0,0,0,0,0,75%,50%,False,0x00,False,63%,0us,0.000V,0.000V,True,False,Charge Active,v01.23.7357,False,False,0x00,0x00,0x00,0x00,0x00,0x00,0x00,200,13,0,0,0,False,1.0V,0.030,1467mV,1,False,False,v01.20.7357
26-05-31 16:45:11.496847,2902,496,1044,620,240,280,1796,200,True,True,True,True,True,True,True,True,2902,496,1044,620,240,280,1796,200,0,0,0,0,0,0,0,0,WPT Ready,0,0,False,0,0,0,0,0,0,75%,50%,False,0x00,False,63%,0us,0.000V,0.000V,True,False,Charge Active,v01.23.7357,False,False,0x00,0x00,0x00,0x00,0x00,0x00,0x00,200,13,0,0,0,False,1.0V,0.030,1467mV,1,False,False,v01.20.7357
26-05-31 16:45:11.722337,2902,496,1044,620,240,280,1796,200,True,True,True,True,True,True,True,True,2902,496,1044,620,240,280,1796,200,0,0,0,0,0,0,0,0,WPT Ready,0,0,False,0,0,0,0,0,0,75%,50%,False,0x00,False,63%,0us,0.000V,0.000V,True,False,Charge Active,v01.23.7357,False,False,0x00,0x00,0x00,0x00,0x00,0x00,0x00,200,13,0,0,0,False,1.0V,0.030,1467mV,1,False,False,v01.20.7357
26-05-31 16:45:11.913282,2902,496,1044,620,240,280,1796,200,True,True,True,True,True,True,True,True,2902,496,1044,620,240,280,1796,200,0,0,0,0,0,0,0,0,WPT Ready,0,0,False,0,0,0,0,0,0,75%,50%,False,0x00,False,63%,0us,0.000V,0.000V,True,False,Charge Active,v01.23.7357,False,False,0x00,0x00,0x00,0x00,0x00,0x00,0x00,200,13,0,0,0,False,1.0V,0.030,1467mV,1,False,False,v01.20.7357
26-05-31 16:45:12.107651,2902,496,1044,620,240,280,1796,200,True,True,True,True,True,True,True,True,2902,496,1044,620,240,280,1796,200,0,0,0,0,0,0,0,0,WPT Ready,0,0,False,0,0,0,0,0,0,75%,50%,False,0x00,False,63%,0us,0.000V,0.000V,True,False,Charge Active,v01.23.7357,False,False,0x00,0x00,0x00,0x00,0x00,0x00,0x00,200,13,0,0,0,False,1.0V,0.030,1467mV,1,False,False,v01.20.7357
26-05-31 16:45:12.330960,2902,496,1044,620,240,280,1796,200,True,True,True,True,True,True,True,True,2902,496,1044,620,240,280,1796,200,0,0,0,0,0,0,0,0,WPT Ready,0,0,False,0,0,0,0,0,0,75%,50%,False,0x00,False,63%,0us,0.000V,0.000V,True,False,Charge Active,v01.23.7357,False,False,0x00,0x00,0x00,0x00,0x00,0x00,0x00,200,13,0,0,0,False,1.0V,0.030,1467mV,1,False,False,v01.20.7357
26-05-31 16:45:12.505122,2902,496,1044,620,240,280,1796,200,True,True,True,True,True,True,True,True,2902,496,1044,620,240,280,1796,200,0,0,0,0,0,0,0,0,WPT Ready,0,0,False,0,0,0,0,0,0,75%,50%,False,0x00,False,63%,0us,0.000V,0.000V,True,False,Charge Active,v01.23.7357,False,False,0x00,0x00,0x00,0x00,0x00,0x00,0x00,200,13,0,0,0,False,1.0V,0.030,1467mV,1,False,False,v01.20.7357
26-05-31 16:45:12.706954,2902,496,1044,620,240,280,1796,200,True,True,True,True,True,True,True,True,2902,496,1044,620,240,280,1796,200,0,0,0,0,0,0,0,0,WPT Ready,0,0,False,0,0,0,0,0,0,75%,50%,False,0x00,False,63%,0us,0.000V,0.000V,True,False,Charge Active,v01.23.7357,False,False,0x00,0x00,0x00,0x00,0x00,0x00,0x00,200,13,0,0,0,False,1.0V,0.030,1467mV,1,False,False,v01.20.7357
26-05-31 16:45:12.944207,2902,496,1044,620,240,280,1796,200,True,True,True,True,True,True,True,True,2902,496,1044,620,240,280,1796,200,0,0,0,0,0,0,0,0,WPT Ready,0,0,False,0,0,0,0,0,0,75%,50%,False,0x00,False,63%,0us,0.000V,0.000V,True,False,Charge Active,v01.23.7357,False,False,0x00,0x00,0x00,0x00,0x00,0x00,0x00,200,13,0,0,0,False,1.0V,0.030,1467mV,1,False,False,v01.20.7357
26-05-31 16:45:13.090341,2902,496,1044,620,240,280,1796,200,True,True,True,True,True,True,True,True,2902,496,1044,620,240,280,1796,200,0,0,0,0,0,0,0,0,WPT Ready,0,0,False,0,0,0,0,0,0,75%,50%,False,0x00,False,63%,0us,0.000V,0.000V,True,False,Charge Active,v01.23.7357,False,False,0x00,0x00,0x00,0x00,0x00,0x00,0x00,200,13,0,0,0,False,1.0V,0.030,1467mV,1,False,False,v01.20.7357
26-05-31 16:45:13.297219,2902,496,1044,620,240,280,1796,200,True,True,True,True,True,True,True,True,2902,496,1044,620,240,280,1796,200,0,0,0,0,0,0,0,0,WPT Ready,0,0,False,0,0,0,0,0,0,75%,50%,False,0x00,False,63%,0us,0.000V,0.000V,True,False,Charge Active,v01.23.7357,False,False,0x00,0x00,0x00,0x00,0x00,0x00,0x00,200,13,0,0,0,False,1.0V,0.030,1467mV,1,False,False,v01.20.7357
26-05-31 16:45:13.514098,2902,496,1044,620,240,280,1796,200,True,True,True,True,True,True,True,True,2902,496,1044,620,240,280,1796,200,0,0,0,0,0,0,0,0,WPT Ready,0,0,False,0,0,0,0,0,0,75%,50%,False,0x00,False,63%,0us,0.000V,0.000V,True,False,Charge Active,v01.23.7357,False,False,0x00,0x00,0x00,0x00,0x00,0x00,0x00,200,13,0,0,0,False,1.0V,0.030,1467mV,1,False,False,v01.20.7357
26-05-31 16:45:13.725475,2902,496,1044,620,240,280,1796,200,True,True,True,True,True,True,True,True,2902,496,1044,620,240,280,1796,200,0,0,0,0,0,0,0,0,WPT Ready,0,0,False,0,0,0,0,0,0,75%,50%,False,0x00,False,63%,0us,0.000V,0.000V,True,False,Charge Active,v01.23.7357,False,False,0x00,0x00,0x00,0x00,0x00,0x00,0x00,200,13,0,0,0,False,1.0V,0.030,1467mV,1,False,False,v01.20.7357
26-05-31 16:45:13.941080,2902,496,1044,620,240,280,1796,200,True,True,True,True,True,True,True,True,2902,496,1044,620,240,280,1796,200,0,0,0,0,0,0,0,0,WPT Ready,0,0,False,0,0,0,0,0,0,75%,50%,False,0x00,False,63%,0us,0.000V,0.000V,True,False,Charge Active,v01.23.7357,False,False,0x00,0x00,0x00,0x00,0x00,0x00,0x00,200,13,0,0,0,False,1.0V,0.030,1467mV,1,False,False,v01.20.7357
26-05-31 16:45:14.096074,2902,496,1044,620,240,280,1796,200,True,True,True,True,True,True,True,True,2902,496,1044,620,240,280,1796,200,0,0,0,0,0,0,0,0,WPT Ready,0,0,False,0,0,0,0,0,0,75%,50%,False,0x00,False,63%,0us,0.000V,0.000V,True,False,Charge Active,v01.23.7357,False,False,0x00,0x00,0x00,0x00,0x00,0x00,0x00,200,13,0,0,0,False,1.0V,0.030,1467mV,1,False,False,v01.20.7357
26-05-31 16:45:14.303591,2902,496,1044,620,240,280,1796,200,True,True,True,True,True,True,True,True,2902,496,1044,620,240,280,1796,200,0,0,0,0,0,0,0,0,WPT Ready,0,0,False,0,0,0,0,0,0,75%,50%,False,0x00,False,63%,0us,0.000V,0.000V,True,False,Charge Active,v01.23.7357,False,False,0x00,0x00,0x00,0x00,0x00,0x00,0x00,200,13,0,0,0,False,1.0V,0.030,1467mV,1,False,False,v01.20.7357
26-05-31 16:45:14.515937,2902,496,1044,620,240,280,1796,200,True,True,True,True,True,True,True,True,2902,496,1044,620,240,280,1796,200,0,0,0,0,0,0,0,0,WPT Ready,0,0,False,0,0,0,0,0,0,75%,50%,False,0x00,False,63%,0us,0.000V,0.000V,True,False,Charge Active,v01.23.7357,False,False,0x00,0x00,0x00,0x00,0x00,0x00,0x00,200,13,0,0,0,False,1.0V,0.030,1467mV,1,False,False,v01.20.7357
26-05-31 16:45:14.705546,2902,496,1044,620,240,280,1796,200,True,True,True,True,True,True,True,True,2902,496,1044,620,240,280,1796,200,0,0,0,0,0,0,0,0,WPT Ready,0,0,False,0,0,0,0,0,0,75%,50%,False,0x00,False,63%,0us,0.000V,0.000V,True,False,Charge Active,v01.23.7357,False,False,0x00,0x00,0x00,0x00,0x00,0x00,0x00,200,13,0,0,0,False,1.0V,0.030,1467mV,1,False,False,v01.20.7357
26-05-31 16:45:14.929313,2902,496,1044,620,240,280,1796,200,True,True,True,True,True,True,True,True,2902,496,1044,620,240,280,1796,200,0,0,0,0,0,0,0,0,WPT Ready,0,0,False,0,0,0,0,0,0,75%,50%,False,0x00,False,63%,0us,0.000V,0.000V,True,False,Charge Active,v01.23.7357,False,False,0x00,0x00,0x00,0x00,0x00,0x00,0x00,200,13,0,0,0,False,1.0V,0.030,1467mV,1,False,False,v01.20.7357
26-05-31 16:45:15.091767,2902,496,1044,620,240,280,1796,200,True,True,True,True,True,True,True,True,2902,496,1044,620,240,280,1796,200,0,0,0,0,0,0,0,0,WPT Ready,0,0,False,0,0,0,0,0,0,75%,50%,False,0x00,False,63%,0us,0.000V,0.000V,True,False,Charge Active,v01.23.7357,False,False,0x00,0x00,0x00,0x00,0x00,0x00,0x00,200,13,0,0,0,False,1.0V,0.030,1467mV,1,False,False,v01.20.7357
26-05-31 16:45:15.304906,2902,496,1044,620,240,280,1796,200,True,True,True,True,True,True,True,True,2902,496,1044,620,240,280,1796,200,0,0,0,0,0,0,0,0,WPT Ready,0,0,False,0,0,0,0,0,0,75%,50%,False,0x00,False,63%,0us,0.000V,0.000V,True,False,Charge Active,v01.23.7357,False,False,0x00,0x00,0x00,0x00,0x00,0x00,0x00,200,13,0,0,0,False,1.0V,0.030,1467mV,1,False,False,v01.20.7357
26-05-31 16:45:15.489528,2902,496,1044,620,240,280,1796,200,True,True,True,True,True,True,True,True,2902,496,1044,620,240,280,1796,200,0,0,0,0,0,0,0,0,WPT Ready,0,0,False,0,0,0,0,0,0,75%,50%,False,0x00,False,63%,0us,0.000V,0.000V,True,False,Charge Active,v01.23.7357,False,False,0x00,0x00,0x00,0x00,0x00,0x00,0x00,200,13,0,0,0,False,1.0V,0.030,1467mV,1,False,False,v01.20.7357
26-05-31 16:45:15.689207,2902,496,1044,620,240,280,1796,200,True,True,True,True,True,True,True,True,2902,496,1044,620,240,280,1796,200,0,0,0,0,0,0,0,0,WPT Ready,0,0,False,0,0,0,0,0,0,75%,50%,False,0x00,False,63%,0us,0.000V,0.000V,True,False,Charge Active,v01.23.7357,False,False,0x00,0x00,0x00,0x00,0x00,0x00,0x00,200,13,0,0,0,False,1.0V,0.030,1467mV,1,False,False,v01.20.7357
26-05-31 16:45:15.895707,2902,496,1044,620,240,280,1796,200,True,True,True,True,True,True,True,True,2902,496,1044,620,240,280,1796,200,0,0,0,0,0,0,0,0,WPT Ready,0,0,False,0,0,0,0,0,0,75%,50%,False,0x00,False,63%,0us,0.000V,0.000V,True,False,Charge Active,v01.23.7357,False,False,0x00,0x00,0x00,0x00,0x00,0x00,0x00,200,13,0,0,0,False,1.0V,0.030,1467mV,1,False,False,v01.20.7357
26-05-31 16:45:16.101561,2902,496,1044,620,240,280,1796,200,True,True,True,True,True,True,True,True,2902,496,1044,620,240,280,1796,200,0,0,0,0,0,0,0,0,WPT Ready,0,0,False,0,0,0,0,0,0,75%,50%,False,0x00,False,63%,0us,0.000V,0.000V,True,False,Charge Active,v01.23.7357,False,False,0x00,0x00,0x00,0x00,0x00,0x00,0x00,200,13,0,0,0,False,1.0V,0.030,1467mV,1,False,False,v01.20.7357
26-05-31 16:45:16.309507,2902,496,1044,620,240,280,1796,200,True,True,True,True,True,True,True,True,2902,496,1044,620,240,280,1796,200,0,0,0,0,0,0,0,0,WPT Ready,0,0,False,0,0,0,0,0,0,75%,50%,False,0x00,False,63%,0us,0.000V,0.000V,True,False,Charge Active,v01.23.7357,False,False,0x00,0x00,0x00,0x00,0x00,0x00,0x00,200,13,0,0,0,False,1.0V,0.030,1467mV,1,False,False,v01.20.7357
26-05-31 16:45:16.520454,2902,496,1044,620,240,280,1796,200,True,True,True,True,True,True,True,True,2902,496,1044,620,240,280,1796,200,0,0,0,0,0,0,0,0,WPT Ready,0,0,False,0,0,0,0,0,0,75%,50%,False,0x00,False,63%,0us,0.000V,0.000V,True,False,Charge Active,v01.23.7357,False,False,0x00,0x00,0x00,0x00,0x00,0x00,0x00,200,13,0,0,0,False,1.0V,0.030,1467mV,1,False,False,v01.20.7357
26-05-31 16:45:16.693382,2902,496,1044,620,240,280,1796,200,True,True,True,True,True,True,True,True,2902,496,1044,620,240,280,1796,200,0,0,0,0,0,0,0,0,WPT Ready,0,0,False,0,0,0,0,0,0,75%,50%,False,0x00,False,63%,0us,0.000V,0.000V,True,False,Charge Active,v01.23.7357,False,False,0x00,0x00,0x00,0x00,0x00,0x00,0x00,200,13,0,0,0,False,1.0V,0.030,1467mV,1,False,False,v01.20.7357
26-05-31 16:45:16.907783,2902,496,1044,620,240,280,1796,200,True,True,True,True,True,True,True,True,2902,496,1044,620,240,280,1796,200,0,0,0,0,0,0,0,0,WPT Ready,0,0,False,0,0,0,0,0,0,75%,50%,False,0x00,False,63%,0us,0.000V,0.000V,True,False,Charge Active,v01.23.7357,False,False,0x00,0x00,0x00,0x00,0x00,0x00,0x00,200,13,0,0,0,False,1.0V,0.030,1467mV,1,False,False,v01.20.7357
26-05-31 16:45:17.101910,2902,496,1044,620,240,280,1796,200,True,True,True,True,True,True,True,True,2902,496,1044,620,240,280,1796,200,0,0,0,0,0,0,0,0,WPT Ready,0,0,False,0,0,0,0,0,0,75%,50%,False,0x00,False,63%,0us,0.000V,0.000V,True,False,Charge Active,v01.23.7357,False,False,0x00,0x00,0x00,0x00,0x00,0x00,0x00,200,13,0,0,0,False,1.0V,0.030,1467mV,1,False,False,v01.20.7357
26-05-31 16:45:17.319315,2902,496,1044,620,240,280,1796,200,True,True,True,True,True,True,True,True,2902,496,1044,620,240,280,1796,200,0,0,0,0,0,0,0,0,WPT Ready,0,0,False,0,0,0,0,0,0,75%,50%,False,0x00,False,63%,0us,0.000V,0.000V,True,False,Charge Active,v01.23.7357,False,False,0x00,0x00,0x00,0x00,0x00,0x00,0x00,200,13,0,0,0,False,1.0V,0.030,1467mV,1,False,False,v01.20.7357
26-05-31 16:45:17.533564,2902,496,1044,620,240,280,1796,200,True,True,True,True,True,True,True,True,2902,496,1044,620,240,280,1796,200,0,0,0,0,0,0,0,0,WPT Ready,0,0,False,0,0,0,0,0,0,75%,50%,False,0x00,False,63%,0us,0.000V,0.000V,True,False,Charge Active,v01.23.7357,False,False,0x00,0x00,0x00,0x00,0x00,0x00,0x00,200,13,0,0,0,False,1.0V,0.030,1467mV,1,False,False,v01.20.7357
26-05-31 16:45:17.701293,2902,496,1044,620,240,280,1796,200,True,True,True,True,True,True,True,True,2902,496,1044,620,240,280,1796,200,0,0,0,0,0,0,0,0,WPT Ready,0,0,False,0,0,0,0,0,0,75%,50%,False,0x00,False,63%,0us,0.000V,0.000V,True,False,Charge Active,v01.23.7357,False,False,0x00,0x00,0x00,0x00,0x00,0x00,0x00,200,13,0,0,0,False,1.0V,0.030,1467mV,1,False,False,v01.20.7357
26-05-31 16:45:17.890884,2902,496,1044,620,240,280,1796,200,True,True,True,True,True,True,True,True,2902,496,1044,620,240,280,1796,200,0,0,0,0,0,0,0,0,WPT Ready,0,0,False,0,0,0,0,0,0,75%,50%,False,0x00,False,63%,0us,0.000V,0.000V,True,False,Charge Active,v01.23.7357,False,False,0x00,0x00,0x00,0x00,0x00,0x00,0x00,200,13,0,0,0,False,1.0V,0.030,1467mV,1,False,False,v01.20.7357
26-05-31 16:45:18.119052,2902,496,1044,620,240,280,1796,200,True,True,True,True,True,True,True,True,2902,496,1044,620,240,280,1796,200,0,0,0,0,0,0,0,0,WPT Ready,0,0,False,0,0,0,0,0,0,75%,50%,False,0x00,False,63%,0us,0.000V,0.000V,True,False,Charge Active,v01.23.7357,False,False,0x00,0x00,0x00,0x00,0x00,0x00,0x00,200,13,0,0,0,False,1.0V,0.030,1467mV,1,False,False,v01.20.7357
26-05-31 16:45:18.332024,2902,496,1044,620,240,280,1796,200,True,True,True,True,True,True,True,True,2902,496,1044,620,240,280,1796,200,0,0,0,0,0,0,0,0,WPT Ready,0,0,False,0,0,0,0,0,0,75%,50%,False,0x00,False,63%,0us,0.000V,0.000V,True,False,Charge Active,v01.23.7357,False,False,0x00,0x00,0x00,0x00,0x00,0x00,0x00,200,13,0,0,0,False,1.0V,0.030,1467mV,1,False,False,v01.20.7357
26-05-31 16:45:18.487601,2902,496,1044,620,240,280,1796,200,True,True,True,True,True,True,True,True,2902,496,1044,620,240,280,1796,200,0,0,0,0,0,0,0,0,WPT Ready,0,0,False,0,0,0,0,0,0,75%,50%,False,0x00,False,63%,0us,0.000V,0.000V,True,False,Charge Active,v01.23.7357,False,False,0x00,0x00,0x00,0x00,0x00,0x00,0x00,200,13,0,0,0,False,1.0V,0.030,1467mV,1,False,False,v01.20.7357
26-05-31 16:45:18.722579,2902,496,1044,620,240,280,1796,200,True,True,True,True,True,True,True,True,2902,496,1044,620,240,280,1796,200,0,0,0,0,0,0,0,0,WPT Ready,0,0,False,0,0,0,0,0,0,75%,50%,False,0x00,False,63%,0us,0.000V,0.000V,True,False,Charge Active,v01.23.7357,False,False,0x00,0x00,0x00,0x00,0x00,0x00,0x00,200,13,0,0,0,False,1.0V,0.030,1467mV,1,False,False,v01.20.7357
26-05-31 16:45:18.921201,2902,496,1044,620,240,280,1796,200,True,True,True,True,True,True,True,True,2902,496,1044,620,240,280,1796,200,0,0,0,0,0,0,0,0,WPT Ready,0,0,False,0,0,0,0,0,0,75%,50%,False,0x00,False,63%,0us,0.000V,0.000V,True,False,Charge Active,v01.23.7357,False,False,0x00,0x00,0x00,0x00,0x00,0x00,0x00,200,13,0,0,0,False,1.0V,0.030,1467mV,1,False,False,v01.20.7357
26-05-31 16:45:19.125706,2902,496,1044,620,240,280,1796,200,True,True,True,True,True,True,True,True,2902,496,1044,620,240,280,1796,200,0,0,0,0,0,0,0,0,WPT Ready,0,0,False,0,0,0,0,0,0,75%,50%,False,0x00,False,63%,0us,0.000V,0.000V,True,False,Charge Active,v01.23.7357,False,False,0x00,0x00,0x00,0x00,0x00,0x00,0x00,200,13,0,0,0,False,1.0V,0.030,1467mV,1,False,False,v01.20.7357
26-05-31 16:45:19.288781,2902,496,1044,620,240,280,1796,200,True,True,True,True,True,True,True,True,2902,496,1044,620,240,280,1796,200,0,0,0,0,0,0,0,0,WPT Ready,0,0,False,0,0,0,0,0,0,75%,50%,False,0x00,False,63%,0us,0.000V,0.000V,True,False,Charge Active,v01.23.7357,False,False,0x00,0x00,0x00,0x00,0x00,0x00,0x00,200,13,0,0,0,False,1.0V,0.030,1467mV,1,False,False,v01.20.7357
26-05-31 16:45:19.489442,2902,496,1044,620,240,280,1796,200,True,True,True,True,True,True,True,True,2902,496,1044,620,240,280,1796,200,0,0,0,0,0,0,0,0,WPT Ready,0,0,False,0,0,0,0,0,0,75%,50%,False,0x00,False,63%,0us,0.000V,0.000V,True,False,Charge Active,v01.23.7357,False,False,0x00,0x00,0x00,0x00,0x00,0x00,0x00,200,13,0,0,0,False,1.0V,0.030,1467mV,1,False,False,v01.20.7357
26-05-31 16:45:19.701036,2902,496,1044,620,240,280,1796,200,True,True,True,True,True,True,True,True,2902,496,1044,620,240,280,1796,200,0,0,0,0,0,0,0,0,WPT Ready,0,0,False,0,0,0,0,0,0,75%,50%,False,0x00,False,63%,0us,0.000V,0.000V,True,False,Charge Active,v01.23.7357,False,False,0x00,0x00,0x00,0x00,0x00,0x00,0x00,200,13,0,0,0,False,1.0V,0.030,1467mV,1,False,False,v01.20.7357
26-05-31 16:45:19.906236,2902,496,1044,620,240,280,1796,200,True,True,True,True,True,True,True,True,2902,496,1044,620,240,280,1796,200,0,0,0,0,0,0,0,0,WPT Ready,0,0,False,0,0,0,0,0,0,75%,50%,False,0x00,False,63%,0us,0.000V,0.000V,True,False,Charge Active,v01.23.7357,False,False,0x00,0x00,0x00,0x00,0x00,0x00,0x00,200,13,0,0,0,False,1.0V,0.030,1467mV,1,False,False,v01.20.7357
26-05-31 16:45:20.115478,2902,496,1044,620,240,280,1796,200,True,True,True,True,True,True,True,True,2902,496,1044,620,240,280,1796,200,0,0,0,0,0,0,0,0,WPT Ready,0,0,False,0,0,0,0,0,0,75%,50%,False,0x00,False,63%,0us,0.000V,0.000V,True,False,Charge Active,v01.23.7357,False,False,0x00,0x00,0x00,0x00,0x00,0x00,0x00,200,13,0,0,0,False,1.0V,0.030,1467mV,1,False,False,v01.20.7357
26-05-31 16:45:20.290643,2902,496,1044,620,240,280,1796,200,True,True,True,True,True,True,True,True,2902,496,1044,620,240,280,1796,200,0,0,0,0,0,0,0,0,WPT Ready,0,0,False,0,0,0,0,0,0,75%,50%,False,0x00,False,63%,0us,0.000V,0.000V,True,False,Charge Active,v01.23.7357,False,False,0x00,0x00,0x00,0x00,0x00,0x00,0x00,200,13,0,0,0,False,1.0V,0.030,1467mV,1,False,False,v01.20.7357
26-05-31 16:45:20.501269,2902,496,1044,620,240,280,1796,200,True,True,True,True,True,True,True,True,2902,496,1044,620,240,280,1796,200,0,0,0,0,0,0,0,0,WPT Ready,0,0,False,0,0,0,0,0,0,75%,50%,False,0x00,False,63%,0us,0.000V,0.000V,True,False,Charge Active,v01.23.7357,False,False,0x00,0x00,0x00,0x00,0x00,0x00,0x00,200,13,0,0,0,False,1.0V,0.030,1467mV,1,False,False,v01.20.7357
26-05-31 16:45:20.711209,2902,496,1044,620,240,280,1796,200,True,True,True,True,True,True,True,True,2902,496,1044,620,240,280,1796,200,0,0,0,0,0,0,0,0,WPT Ready,0,0,False,0,0,0,0,0,0,75%,50%,False,0x00,False,63%,0us,0.000V,0.000V,True,False,Charge Active,v01.23.7357,False,False,0x00,0x00,0x00,0x00,0x00,0x00,0x00,200,13,0,0,0,False,1.0V,0.030,1467mV,1,False,False,v01.20.7357
26-05-31 16:45:20.921668,2902,496,1044,620,240,280,1796,200,True,True,True,True,True,True,True,True,2902,496,1044,620,240,280,1796,200,0,0,0,0,0,0,0,0,WPT Ready,0,0,False,0,0,0,0,0,0,75%,50%,False,0x00,False,63%,0us,0.000V,0.000V,True,False,Charge Active,v01.23.7357,False,False,0x00,0x00,0x00,0x00,0x00,0x00,0x00,200,13,0,0,0,False,1.0V,0.030,1467mV,1,False,False,v01.20.7357
26-05-31 16:45:21.136168,2902,496,1044,620,240,280,1796,200,True,True,True,True,True,True,True,True,2902,496,1044,620,240,280,1796,200,0,0,0,0,0,0,0,0,WPT Ready,0,0,False,0,0,0,0,0,0,75%,50%,False,0x00,False,63%,0us,0.000V,0.000V,True,False,Charge Active,v01.23.7357,False,False,0x00,0x00,0x00,0x00,0x00,0x00,0x00,200,13,0,0,0,False,1.0V,0.030,1467mV,1,False,False,v01.20.7357
26-05-31 16:45:21.290028,2902,496,1044,620,240,280,1796,200,True,True,True,True,True,True,True,True,2902,496,1044,620,240,280,1796,200,0,0,0,0,0,0,0,0,WPT Ready,0,0,False,0,0,0,0,0,0,75%,50%,False,0x00,False,63%,0us,0.000V,0.000V,True,False,Charge Active,v01.23.7357,False,False,0x00,0x00,0x00,0x00,0x00,0x00,0x00,200,13,0,0,0,False,1.0V,0.030,1467mV,1,False,False,v01.20.7357
26-05-31 16:45:21.499399,2902,496,1044,620,240,280,1796,200,True,True,True,True,True,True,True,True,2902,496,1044,620,240,280,1796,200,0,0,0,0,0,0,0,0,WPT Ready,0,0,False,0,0,0,0,0,0,75%,50%,False,0x00,False,63%,0us,0.000V,0.000V,True,False,Charge Active,v01.23.7357,False,False,0x00,0x00,0x00,0x00,0x00,0x00,0x00,200,13,0,0,0,False,1.0V,0.030,1467mV,1,False,False,v01.20.7357
26-05-31 16:45:21.735532,2902,496,1044,620,240,280,1796,200,True,True,True,True,True,True,True,True,2902,496,1044,620,240,280,1796,200,0,0,0,0,0,0,0,0,WPT Ready,0,0,False,0,0,0,0,0,0,75%,50%,False,0x00,False,63%,0us,0.000V,0.000V,True,False,Charge Active,v01.23.7357,False,False,0x00,0x00,0x00,0x00,0x00,0x00,0x00,200,13,0,0,0,False,1.0V,0.030,1467mV,1,False,False,v01.20.7357
26-05-31 16:45:21.895549,2902,496,1044,620,240,280,1796,200,True,True,True,True,True,True,True,True,2902,496,1044,620,240,280,1796,200,0,0,0,0,0,0,0,0,WPT Ready,0,0,False,0,0,0,0,0,0,75%,50%,False,0x00,False,63%,0us,0.000V,0.000V,True,False,Charge Active,v01.23.7357,False,False,0x00,0x00,0x00,0x00,0x00,0x00,0x00,200,13,0,0,0,False,1.0V,0.030,1467mV,1,False,False,v01.20.7357
26-05-31 16:45:22.105331,2902,496,1044,620,240,280,1796,200,True,True,True,True,True,True,True,True,2902,496,1044,620,240,280,1796,200,0,0,0,0,0,0,0,0,WPT Ready,0,0,False,0,0,0,0,0,0,75%,50%,False,0x00,False,63%,0us,0.000V,0.000V,True,False,Charge Active,v01.23.7357,False,False,0x00,0x00,0x00,0x00,0x00,0x00,0x00,200,13,0,0,0,False,1.0V,0.030,1467mV,1,False,False,v01.20.7357
26-05-31 16:45:22.329928,2902,496,1044,620,240,280,1796,200,True,True,True,True,True,True,True,True,2902,496,1044,620,240,280,1796,200,0,0,0,0,0,0,0,0,WPT Ready,0,0,False,0,0,0,0,0,0,75%,50%,False,0x00,False,63%,0us,0.000V,0.000V,True,False,Charge Active,v01.23.7357,False,False,0x00,0x00,0x00,0x00,0x00,0x00,0x00,200,13,0,0,0,False,1.0V,0.030,1467mV,1,False,False,v01.20.7357
26-05-31 16:45:22.498477,2902,496,1044,620,240,280,1796,200,True,True,True,True,True,True,True,True,2902,496,1044,620,240,280,1796,200,0,0,0,0,0,0,0,0,WPT Ready,0,0,False,0,0,0,0,0,0,75%,50%,False,0x00,False,63%,0us,0.000V,0.000V,True,False,Charge Active,v01.23.7357,False,False,0x00,0x00,0x00,0x00,0x00,0x00,0x00,200,13,0,0,0,False,1.0V,0.030,1467mV,1,False,False,v01.20.7357
26-05-31 16:45:22.694847,2902,496,1044,620,240,280,1796,200,True,True,True,True,True,True,True,True,2902,496,1044,620,240,280,1796,200,0,0,0,0,0,0,0,0,WPT Ready,0,0,False,0,0,0,0,0,0,75%,50%,False,0x00,False,63%,0us,0.000V,0.000V,True,False,Charge Active,v01.23.7357,False,False,0x00,0x00,0x00,0x00,0x00,0x00,0x00,200,13,0,0,0,False,1.0V,0.030,1467mV,1,False,False,v01.20.7357
26-05-31 16:45:22.927065,2902,496,1044,620,240,280,1796,200,True,True,True,True,True,True,True,True,2902,496,1044,620,240,280,1796,200,0,0,0,0,0,0,0,0,WPT Ready,0,0,False,0,0,0,0,0,0,75%,50%,False,0x00,False,63%,0us,0.000V,0.000V,True,False,Charge Active,v01.23.7357,False,False,0x00,0x00,0x00,0x00,0x00,0x00,0x00,200,13,0,0,0,False,1.0V,0.030,1467mV,1,False,False,v01.20.7357
26-05-31 16:45:23.099446,2902,496,1044,620,240,280,1796,200,True,True,True,True,True,True,True,True,2902,496,1044,620,240,280,1796,200,0,0,0,0,0,0,0,0,WPT Ready,0,0,False,0,0,0,0,0,0,75%,50%,False,0x00,False,63%,0us,0.000V,0.000V,True,False,Charge Active,v01.23.7357,False,False,0x00,0x00,0x00,0x00,0x00,0x00,0x00,200,13,0,0,0,False,1.0V,0.030,1467mV,1,False,False,v01.20.7357
26-05-31 16:45:23.329785,2902,496,1044,620,240,280,1796,200,True,True,True,True,True,True,True,True,2902,496,1044,620,240,280,1796,200,0,0,0,0,0,0,0,0,WPT Ready,0,0,False,0,0,0,0,0,0,75%,50%,False,0x00,False,63%,0us,0.000V,0.000V,True,False,Charge Active,v01.23.7357,False,False,0x00,0x00,0x00,0x00,0x00,0x00,0x00,200,13,0,0,0,False,1.0V,0.030,1467mV,1,False,False,v01.20.7357
26-05-31 16:45:23.501190,2902,496,1044,620,240,280,1796,200,True,True,True,True,True,True,True,True,2902,496,1044,620,240,280,1796,200,0,0,0,0,0,0,0,0,WPT Ready,0,0,False,0,0,0,0,0,0,75%,50%,False,0x00,False,63%,0us,0.000V,0.000V,True,False,Charge Active,v01.23.7357,False,False,0x00,0x00,0x00,0x00,0x00,0x00,0x00,200,13,0,0,0,False,1.0V,0.030,1467mV,1,False,False,v01.20.7357
26-05-31 16:45:23.692291,2902,496,1044,620,240,280,1796,200,True,True,True,True,True,True,True,True,2902,496,1044,620,240,280,1796,200,0,0,0,0,0,0,0,0,WPT Ready,0,0,False,0,0,0,0,0,0,75%,50%,False,0x00,False,63%,0us,0.000V,0.000V,True,False,Charge Active,v01.23.7357,False,False,0x00,0x00,0x00,0x00,0x00,0x00,0x00,200,13,0,0,0,False,1.0V,0.030,1467mV,1,False,False,v01.20.7357
26-05-31 16:45:23.944272,2902,496,1044,620,240,280,1796,200,True,True,True,True,True,True,True,True,2902,496,1044,620,240,280,1796,200,0,0,0,0,0,0,0,0,WPT Ready,0,0,False,0,0,0,0,0,0,75%,50%,False,0x00,False,63%,0us,0.000V,0.000V,True,False,Charge Active,v01.23.7357,False,False,0x00,0x00,0x00,0x00,0x00,0x00,0x00,200,13,0,0,0,False,1.0V,0.030,1467mV,1,False,False,v01.20.7357
26-05-31 16:45:24.155472,2902,496,1044,620,240,280,1796,200,True,True,True,True,True,True,True,True,2902,496,1044,620,240,280,1796,200,0,0,0,0,0,0,0,0,WPT Ready,0,0,False,0,0,0,0,0,0,75%,50%,False,0x00,False,63%,0us,0.000V,0.000V,True,False,Charge Active,v01.23.7357,False,False,0x00,0x00,0x00,0x00,0x00,0x00,0x00,200,13,0,0,0,False,1.0V,0.030,1467mV,1,False,False,v01.20.7357
26-05-31 16:45:24.311535,2902,496,1044,620,240,280,1796,200,True,True,True,True,True,True,True,True,2902,496,1044,620,240,280,1796,200,0,0,0,0,0,0,0,0,WPT Ready,0,0,False,0,0,0,0,0,0,75%,50%,False,0x00,False,63%,0us,0.000V,0.000V,True,False,Charge Active,v01.23.7357,False,False,0x00,0x00,0x00,0x00,0x00,0x00,0x00,200,13,0,0,0,False,1.0V,0.030,1467mV,1,False,False,v01.20.7357
26-05-31 16:45:24.525041,2902,496,1044,620,240,280,1796,200,True,True,True,True,True,True,True,True,2902,496,1044,620,240,280,1796,200,0,0,0,0,0,0,0,0,WPT Ready,0,0,False,0,0,0,0,0,0,75%,50%,False,0x00,False,63%,0us,0.000V,0.000V,True,False,Charge Active,v01.23.7357,False,False,0x00,0x00,0x00,0x00,0x00,0x00,0x00,200,13,0,0,0,False,1.0V,0.030,1467mV,1,False,False,v01.20.7357
26-05-31 16:45:24.703985,2902,496,1044,620,240,280,1796,200,True,True,True,True,True,True,True,True,2902,496,1044,620,240,280,1796,200,0,0,0,0,0,0,0,0,WPT Ready,0,0,False,0,0,0,0,0,0,75%,50%,False,0x00,False,63%,0us,0.000V,0.000V,True,False,Charge Active,v01.23.7357,False,False,0x00,0x00,0x00,0x00,0x00,0x00,0x00,200,13,0,0,0,False,1.0V,0.030,1467mV,1,False,False,v01.20.7357
26-05-31 16:45:24.899791,2902,496,1044,620,240,280,1796,200,True,True,True,True,True,True,True,True,2902,496,1044,620,240,280,1796,200,0,0,0,0,0,0,0,0,WPT Ready,0,0,False,0,0,0,0,0,0,75%,50%,False,0x00,False,63%,0us,0.000V,0.000V,True,False,Charge Active,v01.23.7357,False,False,0x00,0x00,0x00,0x00,0x00,0x00,0x00,200,13,0,0,0,False,1.0V,0.030,1467mV,1,False,False,v01.20.7357
26-05-31 16:45:25.145544,2902,496,1044,620,240,280,1796,200,True,True,True,True,True,True,True,True,2902,496,1044,620,240,280,1796,200,0,0,0,0,0,0,0,0,WPT Ready,0,0,False,0,0,0,0,0,0,75%,50%,False,0x00,False,63%,0us,0.000V,0.000V,True,False,Charge Active,v01.23.7357,False,False,0x00,0x00,0x00,0x00,0x00,0x00,0x00,200,13,0,0,0,False,1.0V,0.030,1467mV,1,False,False,v01.20.7357
26-05-31 16:45:25.299039,2902,496,1044,620,240,280,1796,200,True,True,True,True,True,True,True,True,2902,496,1044,620,240,280,1796,200,0,0,0,0,0,0,0,0,WPT Ready,0,0,False,0,0,0,0,0,0,75%,50%,False,0x00,False,63%,0us,0.000V,0.000V,True,False,Charge Active,v01.23.7357,False,False,0x00,0x00,0x00,0x00,0x00,0x00,0x00,200,13,0,0,0,False,1.0V,0.030,1467mV,1,False,False,v01.20.7357
26-05-31 16:45:25.502780,2902,496,1044,620,240,280,1796,200,True,True,True,True,True,True,True,True,2902,496,1044,620,240,280,1796,200,0,0,0,0,0,0,0,0,WPT Ready,0,0,False,0,0,0,0,0,0,75%,50%,False,0x00,False,63%,0us,0.000V,0.000V,True,False,Charge Active,v01.23.7357,False,False,0x00,0x00,0x00,0x00,0x00,0x00,0x00,200,13,0,0,0,False,1.0V,0.030,1467mV,1,False,False,v01.20.7357
26-05-31 16:45:25.757549,2902,496,1044,620,240,280,1796,200,True,True,True,True,True,True,True,True,2902,496,1044,620,240,280,1796,200,0,0,0,0,0,0,0,0,WPT Ready,0,0,False,0,0,0,0,0,0,75%,50%,False,0x00,False,63%,0us,0.000V,0.000V,True,False,Charge Active,v01.23.7357,False,False,0x00,0x00,0x00,0x00,0x00,0x00,0x00,200,13,0,0,0,False,1.0V,0.030,1467mV,1,False,False,v01.20.7357
26-05-31 16:45:25.901725,2902,496,1044,620,240,280,1796,200,True,True,True,True,True,True,True,True,2902,496,1044,620,240,280,1796,200,0,0,0,0,0,0,0,0,WPT Ready,0,0,False,0,0,0,0,0,0,75%,50%,False,0x00,False,63%,0us,0.000V,0.000V,True,False,Charge Active,v01.23.7357,False,False,0x00,0x00,0x00,0x00,0x00,0x00,0x00,200,13,0,0,0,False,1.0V,0.030,1467mV,1,False,False,v01.20.7357
26-05-31 16:45:26.091952,2902,496,1044,620,240,280,1796,200,True,True,True,True,True,True,True,True,2902,496,1044,620,240,280,1796,200,0,0,0,0,0,0,0,0,WPT Ready,0,0,False,0,0,0,0,0,0,75%,50%,False,0x00,False,63%,0us,0.000V,0.000V,True,False,Charge Active,v01.23.7357,False,False,0x00,0x00,0x00,0x00,0x00,0x00,0x00,200,13,0,0,0,False,1.0V,0.030,1467mV,1,False,False,v01.20.7357
26-05-31 16:45:26.347028,2902,496,1044,620,240,280,1796,200,True,True,True,True,True,True,True,True,2902,496,1044,620,240,280,1796,200,0,0,0,0,0,0,0,0,WPT Ready,0,0,False,0,0,0,0,0,0,75%,50%,False,0x00,False,63%,0us,0.000V,0.000V,True,False,Charge Active,v01.23.7357,False,False,0x00,0x00,0x00,0x00,0x00,0x00,0x00,200,13,0,0,0,False,1.0V,0.030,1467mV,1,False,False,v01.20.7357
26-05-31 16:45:26.527922,2902,496,1044,620,240,280,1796,200,True,True,True,True,True,True,True,True,2902,496,1044,620,240,280,1796,200,0,0,0,0,0,0,0,0,WPT Ready,0,0,False,0,0,0,0,0,0,75%,50%,False,0x00,False,63%,0us,0.000V,0.000V,True,False,Charge Active,v01.23.7357,False,False,0x00,0x00,0x00,0x00,0x00,0x00,0x00,200,13,0,0,0,False,1.0V,0.030,1467mV,1,False,False,v01.20.7357
26-05-31 16:45:26.709000,2902,496,1044,620,240,280,1796,200,True,True,True,True,True,True,True,True,2902,496,1044,620,240,280,1796,200,0,0,0,0,0,0,0,0,WPT Ready,0,0,False,0,0,0,0,0,0,75%,50%,False,0x00,False,63%,0us,0.000V,0.000V,True,False,Charge Active,v01.23.7357,False,False,0x00,0x00,0x00,0x00,0x00,0x00,0x00,200,13,0,0,0,False,1.0V,0.030,1467mV,1,False,False,v01.20.7357
26-05-31 16:45:26.897372,2902,496,1044,620,240,280,1796,200,True,True,True,True,True,True,True,True,2902,496,1044,620,240,280,1796,200,0,0,0,0,0,0,0,0,WPT Ready,0,0,False,0,0,0,0,0,0,75%,50%,False,0x00,False,63%,0us,0.000V,0.000V,True,False,Charge Active,v01.23.7357,False,False,0x00,0x00,0x00,0x00,0x00,0x00,0x00,200,13,0,0,0,False,1.0V,0.030,1467mV,1,False,False,v01.20.7357
26-05-31 16:45:27.106629,2902,496,1044,620,240,280,1796,200,True,True,True,True,True,True,True,True,2902,496,1044,620,240,280,1796,200,0,0,0,0,0,0,0,0,WPT Ready,0,0,False,0,0,0,0,0,0,75%,50%,False,0x00,False,63%,0us,0.000V,0.000V,True,False,Charge Active,v01.23.7357,False,False,0x00,0x00,0x00,0x00,0x00,0x00,0x00,200,13,0,0,0,False,1.0V,0.030,1467mV,1,False,False,v01.20.7357
26-05-31 16:45:27.347750,2902,496,1044,620,240,280,1796,200,True,True,True,True,True,True,True,True,2902,496,1044,620,240,280,1796,200,0,0,0,0,0,0,0,0,WPT Ready,0,0,False,0,0,0,0,0,0,75%,50%,False,0x00,False,63%,0us,0.000V,0.000V,True,False,Charge Active,v01.23.7357,False,False,0x00,0x00,0x00,0x00,0x00,0x00,0x00,200,13,0,0,0,False,1.0V,0.030,1467mV,1,False,False,v01.20.7357
26-05-31 16:45:27.488548,2902,496,1044,620,240,280,1796,200,True,True,True,True,True,True,True,True,2902,496,1044,620,240,280,1796,200,0,0,0,0,0,0,0,0,WPT Ready,0,0,False,0,0,0,0,0,0,75%,50%,False,0x00,False,63%,0us,0.000V,0.000V,True,False,Charge Active,v01.23.7357,False,False,0x00,0x00,0x00,0x00,0x00,0x00,0x00,200,13,0,0,0,False,1.0V,0.030,1467mV,1,False,False,v01.20.7357
26-05-31 16:45:27.733967,2902,496,1044,620,240,280,1796,200,True,True,True,True,True,True,True,True,2902,496,1044,620,240,280,1796,200,0,0,0,0,0,0,0,0,WPT Ready,0,0,False,0,0,0,0,0,0,75%,50%,False,0x00,False,63%,0us,0.000V,0.000V,True,False,Charge Active,v01.23.7357,False,False,0x00,0x00,0x00,0x00,0x00,0x00,0x00,200,13,0,0,0,False,1.0V,0.030,1467mV,1,False,False,v01.20.7357
26-05-31 16:45:27.890592,2902,496,1044,620,240,280,1796,200,True,True,True,True,True,True,True,True,2902,496,1044,620,240,280,1796,200,0,0,0,0,0,0,0,0,WPT Ready,0,0,False,0,0,0,0,0,0,75%,50%,False,0x00,False,63%,0us,0.000V,0.000V,True,False,Charge Active,v01.23.7357,False,False,0x00,0x00,0x00,0x00,0x00,0x00,0x00,200,13,0,0,0,False,1.0V,0.030,1467mV,1,False,False,v01.20.7357
26-05-31 16:45:28.171438,2902,496,1044,620,240,280,1796,200,True,True,True,True,True,True,True,True,2902,496,1044,620,240,280,1796,200,0,0,0,0,0,0,0,0,WPT Ready,0,0,False,0,0,0,0,0,0,75%,50%,False,0x00,False,63%,0us,0.000V,0.000V,True,False,Charge Active,v01.23.7357,False,False,0x00,0x00,0x00,0x00,0x00,0x00,0x00,200,13,0,0,0,False,1.0V,0.030,1467mV,1,False,False,v01.20.7357
26-05-31 16:45:28.384443,2902,496,1044,620,240,280,1796,200,True,True,True,True,True,True,True,True,2902,496,1044,620,240,280,1796,200,0,0,0,0,0,0,0,0,WPT Ready,0,0,False,0,0,0,0,0,0,75%,50%,False,0x00,False,63%,0us,0.000V,0.000V,True,False,Charge Active,v01.23.7357,False,False,0x00,0x00,0x00,0x00,0x00,0x00,0x00,200,13,0,0,0,False,1.0V,0.030,1467mV,1,False,False,v01.20.7357
26-05-31 16:45:28.688797,2902,496,1044,620,240,280,1796,200,True,True,True,True,True,True,True,True,2902,496,1044,620,240,280,1796,200,0,0,0,0,0,0,0,0,WPT Ready,0,0,False,0,0,0,0,0,0,75%,50%,False,0x00,False,63%,0us,0.000V,0.000V,True,False,Charge Active,v01.23.7357,False,False,0x00,0x00,0x00,0x00,0x00,0x00,0x00,200,13,0,0,0,False,1.0V,0.030,1467mV,1,False,False,v01.20.7357
26-05-31 16:45:28.741455,2902,496,1044,620,240,280,1796,200,True,True,True,True,True,True,True,True,2902,496,1044,620,240,280,1796,200,0,0,0,0,0,0,0,0,WPT Ready,0,0,False,0,0,0,0,0,0,75%,50%,False,0x00,False,63%,0us,0.000V,0.000V,True,False,Charge Active,v01.23.7357,False,False,0x00,0x00,0x00,0x00,0x00,0x00,0x00,200,13,0,0,0,False,1.0V,0.030,1467mV,1,False,False,v01.20.7357
26-05-31 16:45:28.894182,2902,496,1044,620,240,280,1796,200,True,True,True,True,True,True,True,True,2902,496,1044,620,240,280,1796,200,0,0,0,0,0,0,0,0,WPT Ready,0,0,False,0,0,0,0,0,0,75%,50%,False,0x00,False,63%,0us,0.000V,0.000V,True,False,Charge Active,v01.23.7357,False,False,0x00,0x00,0x00,0x00,0x00,0x00,0x00,200,13,0,0,0,False,1.0V,0.030,1467mV,1,False,False,v01.20.7357
26-05-31 16:45:29.119897,2902,496,1044,620,240,280,1796,200,True,True,True,True,True,True,True,True,2902,496,1044,620,240,280,1796,200,0,0,0,0,0,0,0,0,WPT Ready,0,0,False,0,0,0,0,0,0,75%,50%,False,0x00,False,63%,0us,0.000V,0.000V,True,False,Charge Active,v01.23.7357,False,False,0x00,0x00,0x00,0x00,0x00,0x00,0x00,200,13,0,0,0,False,1.0V,0.030,1467mV,1,False,False,v01.20.7357
26-05-31 16:45:29.324406,2902,496,1044,620,240,280,1796,200,True,True,True,True,True,True,True,True,2902,496,1044,620,240,280,1796,200,0,0,0,0,0,0,0,0,WPT Ready,0,0,False,0,0,0,0,0,0,75%,50%,False,0x00,False,63%,0us,0.000V,0.000V,True,False,Charge Active,v01.23.7357,False,False,0x00,0x00,0x00,0x00,0x00,0x00,0x00,200,13,0,0,0,False,1.0V,0.030,1467mV,1,False,False,v01.20.7357
26-05-31 16:45:29.527969,2902,496,1044,620,240,280,1796,200,True,True,True,True,True,True,True,True,2902,496,1044,620,240,280,1796,200,0,0,0,0,0,0,0,0,WPT Ready,0,0,False,0,0,0,0,0,0,75%,50%,False,0x00,False,63%,0us,0.000V,0.000V,True,False,Charge Active,v01.23.7357,False,False,0x00,0x00,0x00,0x00,0x00,0x00,0x00,200,13,0,0,0,False,1.0V,0.030,1467mV,1,False,False,v01.20.7357
26-05-31 16:45:29.697029,2902,496,1044,620,240,280,1796,200,True,True,True,True,True,True,True,True,2902,496,1044,620,240,280,1796,200,0,0,0,0,0,0,0,0,WPT Ready,0,0,False,0,0,0,0,0,0,75%,50%,False,0x00,False,63%,0us,0.000V,0.000V,True,False,Charge Active,v01.23.7357,False,False,0x00,0x00,0x00,0x00,0x00,0x00,0x00,200,13,0,0,0,False,1.0V,0.030,1467mV,1,False,False,v01.20.7357
26-05-31 16:45:29.902524,2902,496,1044,620,240,280,1796,200,True,True,True,True,True,True,True,True,2902,496,1044,620,240,280,1796,200,0,0,0,0,0,0,0,0,WPT Ready,0,0,False,0,0,0,0,0,0,75%,50%,False,0x00,False,63%,0us,0.000V,0.000V,True,False,Charge Active,v01.23.7357,False,False,0x00,0x00,0x00,0x00,0x00,0x00,0x00,200,13,0,0,0,False,1.0V,0.030,1467mV,1,False,False,v01.20.7357
26-05-31 16:45:30.090855,2902,496,1044,620,240,280,1796,200,True,True,True,True,True,True,True,True,2902,496,1044,620,240,280,1796,200,0,0,0,0,0,0,0,0,WPT Ready,0,0,False,0,0,0,0,0,0,75%,50%,False,0x00,False,63%,0us,0.000V,0.000V,True,False,Charge Active,v01.23.7357,False,False,0x00,0x00,0x00,0x00,0x00,0x00,0x00,200,13,0,0,0,False,1.0V,0.030,1467mV,1,False,False,v01.20.7357
26-05-31 16:45:30.305993,2902,496,1044,620,240,280,1796,200,True,True,True,True,True,True,True,True,2902,496,1044,620,240,280,1796,200,0,0,0,0,0,0,0,0,WPT Ready,0,0,False,0,0,0,0,0,0,75%,50%,False,0x00,False,63%,0us,0.000V,0.000V,True,False,Charge Active,v01.23.7357,False,False,0x00,0x00,0x00,0x00,0x00,0x00,0x00,200,13,0,0,0,False,1.0V,0.030,1467mV,1,False,False,v01.20.7357
26-05-31 16:45:30.491145,2902,496,1044,620,240,280,1796,200,True,True,True,True,True,True,True,True,2902,496,1044,620,240,280,1796,200,0,0,0,0,0,0,0,0,WPT Ready,0,0,False,0,0,0,0,0,0,75%,50%,False,0x00,False,63%,0us,0.000V,0.000V,True,False,Charge Active,v01.23.7357,False,False,0x00,0x00,0x00,0x00,0x00,0x00,0x00,200,13,0,0,0,False,1.0V,0.030,1467mV,1,False,False,v01.20.7357
26-05-31 16:45:30.750833,2902,496,1044,620,240,280,1796,200,True,True,True,True,True,True,True,True,2902,496,1044,620,240,280,1796,200,0,0,0,0,0,0,0,0,WPT Ready,0,0,False,0,0,0,0,0,0,75%,50%,False,0x00,False,63%,0us,0.000V,0.000V,True,False,Charge Active,v01.23.7357,False,False,0x00,0x00,0x00,0x00,0x00,0x00,0x00,200,13,0,0,0,False,1.0V,0.030,1467mV,1,False,False,v01.20.7357
26-05-31 16:45:30.905775,2902,496,1044,620,240,280,1796,200,True,True,True,True,True,True,True,True,2902,496,1044,620,240,280,1796,200,0,0,0,0,0,0,0,0,WPT Ready,0,0,False,0,0,0,0,0,0,75%,50%,False,0x00,False,63%,0us,0.000V,0.000V,True,False,Charge Active,v01.23.7357,False,False,0x00,0x00,0x00,0x00,0x00,0x00,0x00,200,13,0,0,0,False,1.0V,0.030,1467mV,1,False,False,v01.20.7357
26-05-31 16:45:31.100403,2902,496,1044,620,240,280,1796,200,True,True,True,True,True,True,True,True,2902,496,1044,620,240,280,1796,200,0,0,0,0,0,0,0,0,WPT Ready,0,0,False,0,0,0,0,0,0,75%,50%,False,0x00,False,63%,0us,0.000V,0.000V,True,False,Charge Active,v01.23.7357,False,False,0x00,0x00,0x00,0x00,0x00,0x00,0x00,200,13,0,0,0,False,1.0V,0.030,1467mV,1,False,False,v01.20.7357
26-05-31 16:45:31.301960,2902,496,1044,620,240,280,1796,200,True,True,True,True,True,True,True,True,2902,496,1044,620,240,280,1796,200,0,0,0,0,0,0,0,0,WPT Ready,0,0,False,0,0,0,0,0,0,75%,50%,False,0x00,False,63%,0us,0.000V,0.000V,True,False,Charge Active,v01.23.7357,False,False,0x00,0x00,0x00,0x00,0x00,0x00,0x00,200,13,0,0,0,False,1.0V,0.030,1467mV,1,False,False,v01.20.7357
26-05-31 16:45:31.522008,2902,496,1044,620,240,280,1796,200,True,True,True,True,True,True,True,True,2902,496,1044,620,240,280,1796,200,0,0,0,0,0,0,0,0,WPT Ready,0,0,False,0,0,0,0,0,0,75%,50%,False,0x00,False,63%,0us,0.000V,0.000V,True,False,Charge Active,v01.23.7357,False,False,0x00,0x00,0x00,0x00,0x00,0x00,0x00,200,13,0,0,0,False,1.0V,0.030,1467mV,1,False,False,v01.20.7357
26-05-31 16:45:31.693519,2902,496,1044,620,240,280,1796,200,True,True,True,True,True,True,True,True,2902,496,1044,620,240,280,1796,200,0,0,0,0,0,0,0,0,WPT Ready,0,0,False,0,0,0,0,0,0,75%,50%,False,0x00,False,63%,0us,0.000V,0.000V,True,False,Charge Active,v01.23.7357,False,False,0x00,0x00,0x00,0x00,0x00,0x00,0x00,200,13,0,0,0,False,1.0V,0.030,1467mV,1,False,False,v01.20.7357
26-05-31 16:45:31.896389,2902,496,1044,620,240,280,1796,200,True,True,True,True,True,True,True,True,2902,496,1044,620,240,280,1796,200,0,0,0,0,0,0,0,0,WPT Ready,0,0,False,0,0,0,0,0,0,75%,50%,False,0x00,False,63%,0us,0.000V,0.000V,True,False,Charge Active,v01.23.7357,False,False,0x00,0x00,0x00,0x00,0x00,0x00,0x00,200,13,0,0,0,False,1.0V,0.030,1467mV,1,False,False,v01.20.7357
26-05-31 16:45:32.104999,2902,496,1044,620,240,280,1796,200,True,True,True,True,True,True,True,True,2902,496,1044,620,240,280,1796,200,0,0,0,0,0,0,0,0,WPT Ready,0,0,False,0,0,0,0,0,0,75%,50%,False,0x00,False,63%,0us,0.000V,0.000V,True,False,Charge Active,v01.23.7357,False,False,0x00,0x00,0x00,0x00,0x00,0x00,0x00,200,13,0,0,0,False,1.0V,0.030,1467mV,1,False,False,v01.20.7357
26-05-31 16:45:32.312511,2902,496,1044,620,240,280,1796,200,True,True,True,True,True,True,True,True,2902,496,1044,620,240,280,1796,200,0,0,0,0,0,0,0,0,WPT Ready,0,0,False,0,0,0,0,0,0,75%,50%,False,0x00,False,63%,0us,0.000V,0.000V,True,False,Charge Active,v01.23.7357,False,False,0x00,0x00,0x00,0x00,0x00,0x00,0x00,200,13,0,0,0,False,1.0V,0.030,1467mV,1,False,False,v01.20.7357
26-05-31 16:45:32.509328,2902,496,1044,620,240,280,1796,200,True,True,True,True,True,True,True,True,2902,496,1044,620,240,280,1796,200,0,0,0,0,0,0,0,0,WPT Ready,0,0,False,0,0,0,0,0,0,75%,50%,False,0x00,False,63%,0us,0.000V,0.000V,True,False,Charge Active,v01.23.7357,False,False,0x00,0x00,0x00,0x00,0x00,0x00,0x00,200,13,0,0,0,False,1.0V,0.030,1467mV,1,False,False,v01.20.7357
26-05-31 16:45:32.701997,2902,496,1044,620,240,280,1796,200,True,True,True,True,True,True,True,True,2902,496,1044,620,240,280,1796,200,0,0,0,0,0,0,0,0,WPT Ready,0,0,False,0,0,0,0,0,0,75%,50%,False,0x00,False,63%,0us,0.000V,0.000V,True,False,Charge Active,v01.23.7357,False,False,0x00,0x00,0x00,0x00,0x00,0x00,0x00,200,13,0,0,0,False,1.0V,0.030,1467mV,1,False,False,v01.20.7357
26-05-31 16:45:32.909675,2902,496,1044,620,240,280,1796,200,True,True,True,True,True,True,True,True,2902,496,1044,620,240,280,1796,200,0,0,0,0,0,0,0,0,WPT Ready,0,0,False,0,0,0,0,0,0,75%,50%,False,0x00,False,63%,0us,0.000V,0.000V,True,False,Charge Active,v01.23.7357,False,False,0x00,0x00,0x00,0x00,0x00,0x00,0x00,200,13,0,0,0,False,1.0V,0.030,1467mV,1,False,False,v01.20.7357
26-05-31 16:45:33.093330,2902,496,1044,620,240,280,1796,200,True,True,True,True,True,True,True,True,2902,496,1044,620,240,280,1796,200,0,0,0,0,0,0,0,0,WPT Ready,0,0,False,0,0,0,0,0,0,75%,50%,False,0x00,False,63%,0us,0.000V,0.000V,True,False,Charge Active,v01.23.7357,False,False,0x00,0x00,0x00,0x00,0x00,0x00,0x00,200,13,0,0,0,False,1.0V,0.030,1467mV,1,False,False,v01.20.7357
26-05-31 16:45:33.290252,2902,496,1044,620,240,280,1796,200,True,True,True,True,True,True,True,True,2902,496,1044,620,240,280,1796,200,0,0,0,0,0,0,0,0,WPT Ready,0,0,False,0,0,0,0,0,0,75%,50%,False,0x00,False,63%,0us,0.000V,0.000V,True,False,Charge Active,v01.23.7357,False,False,0x00,0x00,0x00,0x00,0x00,0x00,0x00,200,13,0,0,0,False,1.0V,0.030,1467mV,1,False,False,v01.20.7357
26-05-31 16:45:33.516520,2902,496,1044,620,240,280,1796,200,True,True,True,True,True,True,True,True,2902,496,1044,620,240,280,1796,200,0,0,0,0,0,0,0,0,WPT Ready,0,0,False,0,0,0,0,0,0,75%,50%,False,0x00,False,63%,0us,0.000V,0.000V,True,False,Charge Active,v01.23.7357,False,False,0x00,0x00,0x00,0x00,0x00,0x00,0x00,200,13,0,0,0,False,1.0V,0.030,1467mV,1,False,False,v01.20.7357
26-05-31 16:45:33.698019,2902,496,1044,620,240,280,1796,200,True,True,True,True,True,True,True,True,2902,496,1044,620,240,280,1796,200,0,0,0,0,0,0,0,0,WPT Ready,0,0,False,0,0,0,0,0,0,75%,50%,False,0x00,False,63%,0us,0.000V,0.000V,True,False,Charge Active,v01.23.7357,False,False,0x00,0x00,0x00,0x00,0x00,0x00,0x00,200,13,0,0,0,False,1.0V,0.030,1467mV,1,False,False,v01.20.7357
26-05-31 16:45:33.894189,2902,496,1044,620,240,280,1796,200,True,True,True,True,True,True,True,True,2902,496,1044,620,240,280,1796,200,0,0,0,0,0,0,0,0,WPT Ready,0,0,False,0,0,0,0,0,0,75%,50%,False,0x00,False,63%,0us,0.000V,0.000V,True,False,Charge Active,v01.23.7357,False,False,0x00,0x00,0x00,0x00,0x00,0x00,0x00,200,13,0,0,0,False,1.0V,0.030,1467mV,1,False,False,v01.20.7357
26-05-31 16:45:34.154447,2902,496,1044,620,240,280,1796,200,True,True,True,True,True,True,True,True,2902,496,1044,620,240,280,1796,200,0,0,0,0,0,0,0,0,WPT Ready,0,0,False,0,0,0,0,0,0,75%,50%,False,0x00,False,63%,0us,0.000V,0.000V,True,False,Charge Active,v01.23.7357,False,False,0x00,0x00,0x00,0x00,0x00,0x00,0x00,200,13,0,0,0,False,1.0V,0.030,1467mV,1,False,False,v01.20.7357
26-05-31 16:45:34.363022,2902,496,1044,620,240,280,1796,200,True,True,True,True,True,True,True,True,2902,496,1044,620,240,280,1796,200,0,0,0,0,0,0,0,0,WPT Ready,0,0,False,0,0,0,0,0,0,75%,50%,False,0x00,False,63%,0us,0.000V,0.000V,True,False,Charge Active,v01.23.7357,False,False,0x00,0x00,0x00,0x00,0x00,0x00,0x00,200,13,0,0,0,False,1.0V,0.030,1467mV,1,False,False,v01.20.7357
26-05-31 16:45:34.510012,2902,496,1044,620,240,280,1796,200,True,True,True,True,True,True,True,True,2902,496,1044,620,240,280,1796,200,0,0,0,0,0,0,0,0,WPT Ready,0,0,False,0,0,0,0,0,0,75%,50%,False,0x00,False,63%,0us,0.000V,0.000V,True,False,Charge Active,v01.23.7357,False,False,0x00,0x00,0x00,0x00,0x00,0x00,0x00,200,13,0,0,0,False,1.0V,0.030,1467mV,1,False,False,v01.20.7357
26-05-31 16:45:34.717586,2902,496,1044,620,240,280,1796,200,True,True,True,True,True,True,True,True,2902,496,1044,620,240,280,1796,200,0,0,0,0,0,0,0,0,WPT Ready,0,0,False,0,0,0,0,0,0,75%,50%,False,0x00,False,63%,0us,0.000V,0.000V,True,False,Charge Active,v01.23.7357,False,False,0x00,0x00,0x00,0x00,0x00,0x00,0x00,200,13,0,0,0,False,1.0V,0.030,1467mV,1,False,False,v01.20.7357
26-05-31 16:45:34.921105,2902,496,1044,620,240,280,1796,200,True,True,True,True,True,True,True,True,2902,496,1044,620,240,280,1796,200,0,0,0,0,0,0,0,0,WPT Ready,0,0,False,0,0,0,0,0,0,75%,50%,False,0x00,False,63%,0us,0.000V,0.000V,True,False,Charge Active,v01.23.7357,False,False,0x00,0x00,0x00,0x00,0x00,0x00,0x00,200,13,0,0,0,False,1.0V,0.030,1467mV,1,False,False,v01.20.7357
26-05-31 16:45:35.130508,2902,496,1044,620,240,280,1796,200,True,True,True,True,True,True,True,True,2902,496,1044,620,240,280,1796,200,0,0,0,0,0,0,0,0,WPT Ready,0,0,False,0,0,0,0,0,0,75%,50%,False,0x00,False,63%,0us,0.000V,0.000V,True,False,Charge Active,v01.23.7357,False,False,0x00,0x00,0x00,0x00,0x00,0x00,0x00,200,13,0,0,0,False,1.0V,0.030,1467mV,1,False,False,v01.20.7357
26-05-31 16:45:35.295195,2902,496,1044,620,240,280,1796,200,True,True,True,True,True,True,True,True,2902,496,1044,620,240,280,1796,200,0,0,0,0,0,0,0,0,WPT Ready,0,0,False,0,0,0,0,0,0,75%,50%,False,0x00,False,63%,0us,0.000V,0.000V,True,False,Charge Active,v01.23.7357,False,False,0x00,0x00,0x00,0x00,0x00,0x00,0x00,200,13,0,0,0,False,1.0V,0.030,1467mV,1,False,False,v01.20.7357
26-05-31 16:45:35.528161,2902,496,1044,620,240,280,1796,200,True,True,True,True,True,True,True,True,2902,496,1044,620,240,280,1796,200,0,0,0,0,0,0,0,0,WPT Ready,0,0,False,0,0,0,0,0,0,75%,50%,False,0x00,False,63%,0us,0.000V,0.000V,True,False,Charge Active,v01.23.7357,False,False,0x00,0x00,0x00,0x00,0x00,0x00,0x00,200,13,0,0,0,False,1.0V,0.030,1467mV,1,False,False,v01.20.7357
26-05-31 16:45:35.690273,2902,496,1044,620,240,280,1796,200,True,True,True,True,True,True,True,True,2902,496,1044,620,240,280,1796,200,0,0,0,0,0,0,0,0,WPT Ready,0,0,False,0,0,0,0,0,0,75%,50%,False,0x00,False,63%,0us,0.000V,0.000V,True,False,Charge Active,v01.23.7357,False,False,0x00,0x00,0x00,0x00,0x00,0x00,0x00,200,13,0,0,0,False,1.0V,0.030,1467mV,1,False,False,v01.20.7357
26-05-31 16:45:35.893747,2902,496,1044,620,240,280,1796,200,True,True,True,True,True,True,True,True,2902,496,1044,620,240,280,1796,200,0,0,0,0,0,0,0,0,WPT Ready,0,0,False,0,0,0,0,0,0,75%,50%,False,0x00,False,63%,0us,0.000V,0.000V,True,False,Charge Active,v01.23.7357,False,False,0x00,0x00,0x00,0x00,0x00,0x00,0x00,200,13,0,0,0,False,1.0V,0.030,1467mV,1,False,False,v01.20.7357
26-05-31 16:45:36.134008,2902,496,1044,620,240,280,1796,200,True,True,True,True,True,True,True,True,2902,496,1044,620,240,280,1796,200,0,0,0,0,0,0,0,0,WPT Ready,0,0,False,0,0,0,0,0,0,75%,50%,False,0x00,False,63%,0us,0.000V,0.000V,True,False,Charge Active,v01.23.7357,False,False,0x00,0x00,0x00,0x00,0x00,0x00,0x00,200,13,0,0,0,False,1.0V,0.030,1467mV,1,False,False,v01.20.7357
26-05-31 16:45:36.332172,2902,496,1044,620,240,280,1796,200,True,True,True,True,True,True,True,True,2902,496,1044,620,240,280,1796,200,0,0,0,0,0,0,0,0,WPT Ready,0,0,False,0,0,0,0,0,0,75%,50%,False,0x00,False,63%,0us,0.000V,0.000V,True,False,Charge Active,v01.23.7357,False,False,0x00,0x00,0x00,0x00,0x00,0x00,0x00,200,13,0,0,0,False,1.0V,0.030,1467mV,1,False,False,v01.20.7357
26-05-31 16:45:36.532764,2902,496,1044,620,240,280,1796,200,True,True,True,True,True,True,True,True,2902,496,1044,620,240,280,1796,200,0,0,0,0,0,0,0,0,WPT Ready,0,0,False,0,0,0,0,0,0,75%,50%,False,0x00,False,63%,0us,0.000V,0.000V,True,False,Charge Active,v01.23.7357,False,False,0x00,0x00,0x00,0x00,0x00,0x00,0x00,200,13,0,0,0,False,1.0V,0.030,1467mV,1,False,False,v01.20.7357
26-05-31 16:45:36.739314,2902,496,1044,620,240,280,1796,200,True,True,True,True,True,True,True,True,2902,496,1044,620,240,280,1796,200,0,0,0,0,0,0,0,0,WPT Ready,0,0,False,0,0,0,0,0,0,75%,50%,False,0x00,False,63%,0us,0.000V,0.000V,True,False,Charge Active,v01.23.7357,False,False,0x00,0x00,0x00,0x00,0x00,0x00,0x00,200,13,0,0,0,False,1.0V,0.030,1467mV,1,False,False,v01.20.7357
26-05-31 16:45:36.907521,2902,496,1044,620,240,280,1796,200,True,True,True,True,True,True,True,True,2902,496,1044,620,240,280,1796,200,0,0,0,0,0,0,0,0,WPT Ready,0,0,False,0,0,0,0,0,0,75%,50%,False,0x00,False,63%,0us,0.000V,0.000V,True,False,Charge Active,v01.23.7357,False,False,0x00,0x00,0x00,0x00,0x00,0x00,0x00,200,13,0,0,0,False,1.0V,0.030,1467mV,1,False,False,v01.20.7357
26-05-31 16:45:37.127844,2902,496,1044,620,240,280,1796,200,True,True,True,True,True,True,True,True,2902,496,1044,620,240,280,1796,200,0,0,0,0,0,0,0,0,WPT Ready,0,0,False,0,0,0,0,0,0,75%,50%,False,0x00,False,63%,0us,0.000V,0.000V,True,False,Charge Active,v01.23.7357,False,False,0x00,0x00,0x00,0x00,0x00,0x00,0x00,200,13,0,0,0,False,1.0V,0.030,1467mV,1,False,False,v01.20.7357
26-05-31 16:45:37.317122,2902,496,1044,620,240,280,1796,200,True,True,True,True,True,True,True,True,2902,496,1044,620,240,280,1796,200,0,0,0,0,0,0,0,0,WPT Ready,0,0,False,0,0,0,0,0,0,75%,50%,False,0x00,False,63%,0us,0.000V,0.000V,True,False,Charge Active,v01.23.7357,False,False,0x00,0x00,0x00,0x00,0x00,0x00,0x00,200,13,0,0,0,False,1.0V,0.030,1467mV,1,False,False,v01.20.7357
26-05-31 16:45:37.522595,2902,496,1044,620,240,280,1796,200,True,True,True,True,True,True,True,True,2902,496,1044,620,240,280,1796,200,0,0,0,0,0,0,0,0,WPT Ready,0,0,False,0,0,0,0,0,0,75%,50%,False,0x00,False,63%,0us,0.000V,0.000V,True,False,Charge Active,v01.23.7357,False,False,0x00,0x00,0x00,0x00,0x00,0x00,0x00,200,13,0,0,0,False,1.0V,0.030,1467mV,1,False,False,v01.20.7357
26-05-31 16:45:37.702336,2902,496,1044,620,240,280,1796,200,True,True,True,True,True,True,True,True,2902,496,1044,620,240,280,1796,200,0,0,0,0,0,0,0,0,WPT Ready,0,0,False,0,0,0,0,0,0,75%,50%,False,0x00,False,63%,0us,0.000V,0.000V,True,False,Charge Active,v01.23.7357,False,False,0x00,0x00,0x00,0x00,0x00,0x00,0x00,200,13,0,0,0,False,1.0V,0.030,1467mV,1,False,False,v01.20.7357
26-05-31 16:45:37.941519,2902,496,1044,620,240,280,1796,200,True,True,True,True,True,True,True,True,2902,496,1044,620,240,280,1796,200,0,0,0,0,0,0,0,0,WPT Ready,0,0,False,0,0,0,0,0,0,75%,50%,False,0x00,False,63%,0us,0.000V,0.000V,True,False,Charge Active,v01.23.7357,False,False,0x00,0x00,0x00,0x00,0x00,0x00,0x00,200,13,0,0,0,False,1.0V,0.030,1467mV,1,False,False,v01.20.7357
26-05-31 16:45:38.139123,2902,496,1044,620,240,280,1796,200,True,True,True,True,True,True,True,True,2902,496,1044,620,240,280,1796,200,0,0,0,0,0,0,0,0,WPT Ready,0,0,False,0,0,0,0,0,0,75%,50%,False,0x00,False,63%,0us,0.000V,0.000V,True,False,Charge Active,v01.23.7357,False,False,0x00,0x00,0x00,0x00,0x00,0x00,0x00,200,13,0,0,0,False,1.0V,0.030,1467mV,1,False,False,v01.20.7357
26-05-31 16:45:38.351939,2902,496,1044,620,240,280,1796,200,True,True,True,True,True,True,True,True,2902,496,1044,620,240,280,1796,200,0,0,0,0,0,0,0,0,WPT Ready,0,0,False,0,0,0,0,0,0,75%,50%,False,0x00,False,63%,0us,0.000V,0.000V,True,False,Charge Active,v01.23.7357,False,False,0x00,0x00,0x00,0x00,0x00,0x00,0x00,200,13,0,0,0,False,1.0V,0.030,1467mV,1,False,False,v01.20.7357
26-05-31 16:45:38.541983,2902,496,1044,620,240,280,1796,200,True,True,True,True,True,True,True,True,2902,496,1044,620,240,280,1796,200,0,0,0,0,0,0,0,0,WPT Ready,0,0,False,0,0,0,0,0,0,75%,50%,False,0x00,False,63%,0us,0.000V,0.000V,True,False,Charge Active,v01.23.7357,False,False,0x00,0x00,0x00,0x00,0x00,0x00,0x00,200,13,0,0,0,False,1.0V,0.030,1467mV,1,False,False,v01.20.7357
26-05-31 16:45:38.735114,2902,496,1044,620,240,280,1796,200,True,True,True,True,True,True,True,True,2902,496,1044,620,240,280,1796,200,0,0,0,0,0,0,0,0,WPT Ready,0,0,False,0,0,0,0,0,0,75%,50%,False,0x00,False,63%,0us,0.000V,0.000V,True,False,Charge Active,v01.23.7357,False,False,0x00,0x00,0x00,0x00,0x00,0x00,0x00,200,13,0,0,0,False,1.0V,0.030,1467mV,1,False,False,v01.20.7357
26-05-31 16:45:38.924952,2902,496,1044,620,240,280,1796,200,True,True,True,True,True,True,True,True,2902,496,1044,620,240,280,1796,200,0,0,0,0,0,0,0,0,WPT Ready,0,0,False,0,0,0,0,0,0,75%,50%,False,0x00,False,63%,0us,0.000V,0.000V,True,False,Charge Active,v01.23.7357,False,False,0x00,0x00,0x00,0x00,0x00,0x00,0x00,200,13,0,0,0,False,1.0V,0.030,1467mV,1,False,False,v01.20.7357
26-05-31 16:45:39.187478,2902,496,1044,620,240,280,1796,200,True,True,True,True,True,True,True,True,2902,496,1044,620,240,280,1796,200,0,0,0,0,0,0,0,0,WPT Ready,0,0,False,0,0,0,0,0,0,75%,50%,False,0x00,False,63%,0us,0.000V,0.000V,True,False,Charge Active,v01.23.7357,False,False,0x00,0x00,0x00,0x00,0x00,0x00,0x00,200,13,0,0,0,False,1.0V,0.030,1467mV,1,False,False,v01.20.7357
26-05-31 16:45:39.320475,2902,496,1044,620,240,280,1796,200,True,True,True,True,True,True,True,True,2902,496,1044,620,240,280,1796,200,0,0,0,0,0,0,0,0,WPT Ready,0,0,False,0,0,0,0,0,0,75%,50%,False,0x00,False,63%,0us,0.000V,0.000V,True,False,Charge Active,v01.23.7357,False,False,0x00,0x00,0x00,0x00,0x00,0x00,0x00,200,13,0,0,0,False,1.0V,0.030,1467mV,1,False,False,v01.20.7357
26-05-31 16:45:39.508013,2902,496,1044,620,240,280,1796,200,True,True,True,True,True,True,True,True,2902,496,1044,620,240,280,1796,200,0,0,0,0,0,0,0,0,WPT Ready,0,0,False,0,0,0,0,0,0,75%,50%,False,0x00,False,63%,0us,0.000V,0.000V,True,False,Charge Active,v01.23.7357,False,False,0x00,0x00,0x00,0x00,0x00,0x00,0x00,200,13,0,0,0,False,1.0V,0.030,1467mV,1,False,False,v01.20.7357
26-05-31 16:45:39.733642,2902,496,1044,620,240,280,1796,200,True,True,True,True,True,True,True,True,2902,496,1044,620,240,280,1796,200,0,0,0,0,0,0,0,0,WPT Ready,0,0,False,0,0,0,0,0,0,75%,50%,False,0x00,False,63%,0us,0.000V,0.000V,True,False,Charge Active,v01.23.7357,False,False,0x00,0x00,0x00,0x00,0x00,0x00,0x00,200,13,0,0,0,False,1.0V,0.030,1467mV,1,False,False,v01.20.7357
26-05-31 16:45:39.916950,2902,496,1044,620,240,280,1796,200,True,True,True,True,True,True,True,True,2902,496,1044,620,240,280,1796,200,0,0,0,0,0,0,0,0,WPT Ready,0,0,False,0,0,0,0,0,0,75%,50%,False,0x00,False,63%,0us,0.000V,0.000V,True,False,Charge Active,v01.23.7357,False,False,0x00,0x00,0x00,0x00,0x00,0x00,0x00,200,13,0,0,0,False,1.0V,0.030,1467mV,1,False,False,v01.20.7357
26-05-31 16:45:40.098614,2902,496,1044,620,240,280,1796,200,True,True,True,True,True,True,True,True,2902,496,1044,620,240,280,1796,200,0,0,0,0,0,0,0,0,WPT Ready,0,0,False,0,0,0,0,0,0,75%,50%,False,0x00,False,63%,0us,0.000V,0.000V,True,False,Charge Active,v01.23.7357,False,False,0x00,0x00,0x00,0x00,0x00,0x00,0x00,200,13,0,0,0,False,1.0V,0.030,1467mV,1,False,False,v01.20.7357
26-05-31 16:45:40.312520,2902,496,1044,620,240,280,1796,200,True,True,True,True,True,True,True,True,2902,496,1044,620,240,280,1796,200,0,0,0,0,0,0,0,0,WPT Ready,0,0,False,0,0,0,0,0,0,75%,50%,False,0x00,False,63%,0us,0.000V,0.000V,True,False,Charge Active,v01.23.7357,False,False,0x00,0x00,0x00,0x00,0x00,0x00,0x00,200,13,0,0,0,False,1.0V,0.030,1467mV,1,False,False,v01.20.7357
26-05-31 16:45:40.491333,2902,496,1044,620,240,280,1796,200,True,True,True,True,True,True,True,True,2902,496,1044,620,240,280,1796,200,0,0,0,0,0,0,0,0,WPT Ready,0,0,False,0,0,0,0,0,0,75%,50%,False,0x00,False,63%,0us,0.000V,0.000V,True,False,Charge Active,v01.23.7357,False,False,0x00,0x00,0x00,0x00,0x00,0x00,0x00,200,13,0,0,0,False,1.0V,0.030,1467mV,1,False,False,v01.20.7357
26-05-31 16:45:40.688726,2902,496,1044,620,240,280,1796,200,True,True,True,True,True,True,True,True,2902,496,1044,620,240,280,1796,200,0,0,0,0,0,0,0,0,WPT Ready,0,0,False,0,0,0,0,0,0,75%,50%,False,0x00,False,63%,0us,0.000V,0.000V,True,False,Charge Active,v01.23.7357,False,False,0x00,0x00,0x00,0x00,0x00,0x00,0x00,200,13,0,0,0,False,1.0V,0.030,1467mV,1,False,False,v01.20.7357
26-05-31 16:45:40.910402,2902,496,1044,620,240,280,1796,200,True,True,True,True,True,True,True,True,2902,496,1044,620,240,280,1796,200,0,0,0,0,0,0,0,0,WPT Ready,0,0,False,0,0,0,0,0,0,75%,50%,False,0x00,False,63%,0us,0.000V,0.000V,True,False,Charge Active,v01.23.7357,False,False,0x00,0x00,0x00,0x00,0x00,0x00,0x00,200,13,0,0,0,False,1.0V,0.030,1467mV,1,False,False,v01.20.7357
26-05-31 16:45:41.156584,2902,496,1044,620,240,280,1796,200,True,True,True,True,True,True,True,True,2902,496,1044,620,240,280,1796,200,0,0,0,0,0,0,0,0,WPT Ready,0,0,False,0,0,0,0,0,0,75%,50%,False,0x00,False,63%,0us,0.000V,0.000V,True,False,Charge Active,v01.23.7357,False,False,0x00,0x00,0x00,0x00,0x00,0x00,0x00,200,13,0,0,0,False,1.0V,0.030,1467mV,1,False,False,v01.20.7357
26-05-31 16:45:41.339664,2902,496,1044,620,240,280,1796,200,True,True,True,True,True,True,True,True,2902,496,1044,620,240,280,1796,200,0,0,0,0,0,0,0,0,WPT Ready,0,0,False,0,0,0,0,0,0,75%,50%,False,0x00,False,63%,0us,0.000V,0.000V,True,False,Charge Active,v01.23.7357,False,False,0x00,0x00,0x00,0x00,0x00,0x00,0x00,200,13,0,0,0,False,1.0V,0.030,1467mV,1,False,False,v01.20.7357
26-05-31 16:45:41.543564,2902,496,1044,620,240,280,1796,200,True,True,True,True,True,True,True,True,2902,496,1044,620,240,280,1796,200,0,0,0,0,0,0,0,0,WPT Ready,0,0,False,0,0,0,0,0,0,75%,50%,False,0x00,False,63%,0us,0.000V,0.000V,True,False,Charge Active,v01.23.7357,False,False,0x00,0x00,0x00,0x00,0x00,0x00,0x00,200,13,0,0,0,False,1.0V,0.030,1467mV,1,False,False,v01.20.7357
26-05-31 16:45:41.698934,2902,496,1044,620,240,280,1796,200,True,True,True,True,True,True,True,True,2902,496,1044,620,240,280,1796,200,0,0,0,0,0,0,0,0,WPT Ready,0,0,False,0,0,0,0,0,0,75%,50%,False,0x00,False,63%,0us,0.000V,0.000V,True,False,Charge Active,v01.23.7357,False,False,0x00,0x00,0x00,0x00,0x00,0x00,0x00,200,13,0,0,0,False,1.0V,0.030,1467mV,1,False,False,v01.20.7357
26-05-31 16:45:41.939570,2902,496,1044,620,240,280,1796,200,True,True,True,True,True,True,True,True,2902,496,1044,620,240,280,1796,200,0,0,0,0,0,0,0,0,WPT Ready,0,0,False,0,0,0,0,0,0,75%,50%,False,0x00,False,63%,0us,0.000V,0.000V,True,False,Charge Active,v01.23.7357,False,False,0x00,0x00,0x00,0x00,0x00,0x00,0x00,200,13,0,0,0,False,1.0V,0.030,1467mV,1,False,False,v01.20.7357
26-05-31 16:45:42.100926,2902,496,1044,620,240,280,1796,200,True,True,True,True,True,True,True,True,2902,496,1044,620,240,280,1796,200,0,0,0,0,0,0,0,0,WPT Ready,0,0,False,0,0,0,0,0,0,75%,50%,False,0x00,False,63%,0us,0.000V,0.000V,True,False,Charge Active,v01.23.7357,False,False,0x00,0x00,0x00,0x00,0x00,0x00,0x00,200,13,0,0,0,False,1.0V,0.030,1467mV,1,False,False,v01.20.7357
26-05-31 16:45:42.288774,2902,496,1044,620,240,280,1796,200,True,True,True,True,True,True,True,True,2902,496,1044,620,240,280,1796,200,0,0,0,0,0,0,0,0,WPT Ready,0,0,False,0,0,0,0,0,0,75%,50%,False,0x00,False,63%,0us,0.000V,0.000V,True,False,Charge Active,v01.23.7357,False,False,0x00,0x00,0x00,0x00,0x00,0x00,0x00,200,13,0,0,0,False,1.0V,0.030,1467mV,1,False,False,v01.20.7357
26-05-31 16:45:42.506493,2902,496,1044,620,240,280,1796,200,True,True,True,True,True,True,True,True,2902,496,1044,620,240,280,1796,200,0,0,0,0,0,0,0,0,WPT Ready,0,0,False,0,0,0,0,0,0,75%,50%,False,0x00,False,63%,0us,0.000V,0.000V,True,False,Charge Active,v01.23.7357,False,False,0x00,0x00,0x00,0x00,0x00,0x00,0x00,200,13,0,0,0,False,1.0V,0.030,1467mV,1,False,False,v01.20.7357
26-05-31 16:45:42.692806,2902,496,1044,620,240,280,1796,200,True,True,True,True,True,True,True,True,2902,496,1044,620,240,280,1796,200,0,0,0,0,0,0,0,0,WPT Ready,0,0,False,0,0,0,0,0,0,75%,50%,False,0x00,False,63%,0us,0.000V,0.000V,True,False,Charge Active,v01.23.7357,False,False,0x00,0x00,0x00,0x00,0x00,0x00,0x00,200,13,0,0,0,False,1.0V,0.030,1467mV,1,False,False,v01.20.7357
26-05-31 16:45:42.906675,2902,496,1044,620,240,280,1796,200,True,True,True,True,True,True,True,True,2902,496,1044,620,240,280,1796,200,0,0,0,0,0,0,0,0,WPT Ready,0,0,False,0,0,0,0,0,0,75%,50%,False,0x00,False,63%,0us,0.000V,0.000V,True,False,Charge Active,v01.23.7357,False,False,0x00,0x00,0x00,0x00,0x00,0x00,0x00,200,13,0,0,0,False,1.0V,0.030,1467mV,1,False,False,v01.20.7357
26-05-31 16:45:43.144095,2902,496,1044,620,240,280,1796,200,True,True,True,True,True,True,True,True,2902,496,1044,620,240,280,1796,200,0,0,0,0,0,0,0,0,WPT Ready,0,0,False,0,0,0,0,0,0,75%,50%,False,0x00,False,63%,0us,0.000V,0.000V,True,False,Charge Active,v01.23.7357,False,False,0x00,0x00,0x00,0x00,0x00,0x00,0x00,200,13,0,0,0,False,1.0V,0.030,1467mV,1,False,False,v01.20.7357
26-05-31 16:45:43.307773,2902,496,1044,620,240,280,1796,200,True,True,True,True,True,True,True,True,2902,496,1044,620,240,280,1796,200,0,0,0,0,0,0,0,0,WPT Ready,0,0,False,0,0,0,0,0,0,75%,50%,False,0x00,False,63%,0us,0.000V,0.000V,True,False,Charge Active,v01.23.7357,False,False,0x00,0x00,0x00,0x00,0x00,0x00,0x00,200,13,0,0,0,False,1.0V,0.030,1467mV,1,False,False,v01.20.7357
26-05-31 16:45:43.498718,2902,496,1044,620,240,280,1796,200,True,True,True,True,True,True,True,True,2902,496,1044,620,240,280,1796,200,0,0,0,0,0,0,0,0,WPT Ready,0,0,False,0,0,0,0,0,0,75%,50%,False,0x00,False,63%,0us,0.000V,0.000V,True,False,Charge Active,v01.23.7357,False,False,0x00,0x00,0x00,0x00,0x00,0x00,0x00,200,13,0,0,0,False,1.0V,0.030,1467mV,1,False,False,v01.20.7357
26-05-31 16:45:43.728330,2902,496,1044,620,240,280,1796,200,True,True,True,True,True,True,True,True,2902,496,1044,620,240,280,1796,200,0,0,0,0,0,0,0,0,WPT Ready,0,0,False,0,0,0,0,0,0,75%,50%,False,0x00,False,63%,0us,0.000V,0.000V,True,False,Charge Active,v01.23.7357,False,False,0x00,0x00,0x00,0x00,0x00,0x00,0x00,200,13,0,0,0,False,1.0V,0.030,1467mV,1,False,False,v01.20.7357
26-05-31 16:45:43.906058,2902,496,1044,620,240,280,1796,200,True,True,True,True,True,True,True,True,2902,496,1044,620,240,280,1796,200,0,0,0,0,0,0,0,0,WPT Ready,0,0,False,0,0,0,0,0,0,75%,50%,False,0x00,False,63%,0us,0.000V,0.000V,True,False,Charge Active,v01.23.7357,False,False,0x00,0x00,0x00,0x00,0x00,0x00,0x00,200,13,0,0,0,False,1.0V,0.030,1467mV,1,False,False,v01.20.7357
26-05-31 16:45:44.148381,2902,496,1044,620,240,280,1796,200,True,True,True,True,True,True,True,True,2902,496,1044,620,240,280,1796,200,0,0,0,0,0,0,0,0,WPT Ready,0,0,False,0,0,0,0,0,0,75%,50%,False,0x00,False,63%,0us,0.000V,0.000V,True,False,Charge Active,v01.23.7357,False,False,0x00,0x00,0x00,0x00,0x00,0x00,0x00,200,13,0,0,0,False,1.0V,0.030,1467mV,1,False,False,v01.20.7357
26-05-31 16:45:44.344899,2902,496,1044,620,240,280,1796,200,True,True,True,True,True,True,True,True,2902,496,1044,620,240,280,1796,200,0,0,0,0,0,0,0,0,WPT Ready,0,0,False,0,0,0,0,0,0,75%,50%,False,0x00,False,63%,0us,0.000V,0.000V,True,False,Charge Active,v01.23.7357,False,False,0x00,0x00,0x00,0x00,0x00,0x00,0x00,200,13,0,0,0,False,1.0V,0.030,1467mV,1,False,False,v01.20.7357
26-05-31 16:45:44.546501,2902,496,1044,620,240,280,1796,200,True,True,True,True,True,True,True,True,2902,496,1044,620,240,280,1796,200,0,0,0,0,0,0,0,0,WPT Ready,0,0,False,0,0,0,0,0,0,75%,50%,False,0x00,False,63%,0us,0.000V,0.000V,True,False,Charge Active,v01.23.7357,False,False,0x00,0x00,0x00,0x00,0x00,0x00,0x00,200,13,0,0,0,False,1.0V,0.030,1467mV,1,False,False,v01.20.7357
26-05-31 16:45:44.714605,2902,496,1044,620,240,280,1796,200,True,True,True,True,True,True,True,True,2902,496,1044,620,240,280,1796,200,0,0,0,0,0,0,0,0,WPT Ready,0,0,False,0,0,0,0,0,0,75%,50%,False,0x00,False,63%,0us,0.000V,0.000V,True,False,Charge Active,v01.23.7357,False,False,0x00,0x00,0x00,0x00,0x00,0x00,0x00,200,13,0,0,0,False,1.0V,0.030,1467mV,1,False,False,v01.20.7357
26-05-31 16:45:44.892363,2902,496,1044,620,240,280,1796,200,True,True,True,True,True,True,True,True,2902,496,1044,620,240,280,1796,200,0,0,0,0,0,0,0,0,WPT Ready,0,0,False,0,0,0,0,0,0,75%,50%,False,0x00,False,63%,0us,0.000V,0.000V,True,False,Charge Active,v01.23.7357,False,False,0x00,0x00,0x00,0x00,0x00,0x00,0x00,200,13,0,0,0,False,1.0V,0.030,1467mV,1,False,False,v01.20.7357
26-05-31 16:45:45.113977,2902,496,1044,620,240,280,1796,200,True,True,True,True,True,True,True,True,2902,496,1044,620,240,280,1796,200,0,0,0,0,0,0,0,0,WPT Ready,0,0,False,0,0,0,0,0,0,75%,50%,False,0x00,False,63%,0us,0.000V,0.000V,True,False,Charge Active,v01.23.7357,False,False,0x00,0x00,0x00,0x00,0x00,0x00,0x00,200,13,0,0,0,False,1.0V,0.030,1467mV,1,False,False,v01.20.7357
26-05-31 16:45:45.306862,2902,496,1044,620,240,280,1796,200,True,True,True,True,True,True,True,True,2902,496,1044,620,240,280,1796,200,0,0,0,0,0,0,0,0,WPT Ready,0,0,False,0,0,0,0,0,0,75%,50%,False,0x00,False,63%,0us,0.000V,0.000V,True,False,Charge Active,v01.23.7357,False,False,0x00,0x00,0x00,0x00,0x00,0x00,0x00,200,13,0,0,0,False,1.0V,0.030,1467mV,1,False,False,v01.20.7357
26-05-31 16:45:45.516494,2902,496,1044,620,240,280,1796,200,True,True,True,True,True,True,True,True,2902,496,1044,620,240,280,1796,200,0,0,0,0,0,0,0,0,WPT Ready,0,0,False,0,0,0,0,0,0,75%,50%,False,0x00,False,63%,0us,0.000V,0.000V,True,False,Charge Active,v01.23.7357,False,False,0x00,0x00,0x00,0x00,0x00,0x00,0x00,200,13,0,0,0,False,1.0V,0.030,1467mV,1,False,False,v01.20.7357
26-05-31 16:45:45.707517,2902,496,1044,620,240,280,1796,200,True,True,True,True,True,True,True,True,2902,496,1044,620,240,280,1796,200,0,0,0,0,0,0,0,0,WPT Ready,0,0,False,0,0,0,0,0,0,75%,50%,False,0x00,False,63%,0us,0.000V,0.000V,True,False,Charge Active,v01.23.7357,False,False,0x00,0x00,0x00,0x00,0x00,0x00,0x00,200,13,0,0,0,False,1.0V,0.030,1467mV,1,False,False,v01.20.7357
26-05-31 16:45:45.922779,2902,496,1044,620,240,280,1796,200,True,True,True,True,True,True,True,True,2902,496,1044,620,240,280,1796,200,0,0,0,0,0,0,0,0,WPT Ready,0,0,False,0,0,0,0,0,0,75%,50%,False,0x00,False,63%,0us,0.000V,0.000V,True,False,Charge Active,v01.23.7357,False,False,0x00,0x00,0x00,0x00,0x00,0x00,0x00,200,13,0,0,0,False,1.0V,0.030,1467mV,1,False,False,v01.20.7357
26-05-31 16:45:46.103112,2902,496,1044,620,240,280,1796,200,True,True,True,True,True,True,True,True,2902,496,1044,620,240,280,1796,200,0,0,0,0,0,0,0,0,WPT Ready,0,0,False,0,0,0,0,0,0,75%,50%,False,0x00,False,63%,0us,0.000V,0.000V,True,False,Charge Active,v01.23.7357,False,False,0x00,0x00,0x00,0x00,0x00,0x00,0x00,200,13,0,0,0,False,1.0V,0.030,1467mV,1,False,False,v01.20.7357
26-05-31 16:45:46.338182,2902,496,1044,620,240,280,1796,200,True,True,True,True,True,True,True,True,2902,496,1044,620,240,280,1796,200,0,0,0,0,0,0,0,0,WPT Ready,0,0,False,0,0,0,0,0,0,75%,50%,False,0x00,False,63%,0us,0.000V,0.000V,True,False,Charge Active,v01.23.7357,False,False,0x00,0x00,0x00,0x00,0x00,0x00,0x00,200,13,0,0,0,False,1.0V,0.030,1467mV,1,False,False,v01.20.7357
26-05-31 16:45:46.536978,2902,496,1044,620,240,280,1796,200,True,True,True,True,True,True,True,True,2902,496,1044,620,240,280,1796,200,0,0,0,0,0,0,0,0,WPT Ready,0,0,False,0,0,0,0,0,0,75%,50%,False,0x00,False,63%,0us,0.000V,0.000V,True,False,Charge Active,v01.23.7357,False,False,0x00,0x00,0x00,0x00,0x00,0x00,0x00,200,13,0,0,0,False,1.0V,0.030,1467mV,1,False,False,v01.20.7357
26-05-31 16:45:46.708247,2902,496,1044,620,240,280,1796,200,True,True,True,True,True,True,True,True,2902,496,1044,620,240,280,1796,200,0,0,0,0,0,0,0,0,WPT Ready,0,0,False,0,0,0,0,0,0,75%,50%,False,0x00,False,63%,0us,0.000V,0.000V,True,False,Charge Active,v01.23.7357,False,False,0x00,0x00,0x00,0x00,0x00,0x00,0x00,200,13,0,0,0,False,1.0V,0.030,1467mV,1,False,False,v01.20.7357
26-05-31 16:45:46.975174,2902,496,1044,620,240,280,1796,200,True,True,True,True,True,True,True,True,2902,496,1044,620,240,280,1796,200,0,0,0,0,0,0,0,0,WPT Ready,0,0,False,0,0,0,0,0,0,75%,50%,False,0x00,False,63%,0us,0.000V,0.000V,True,False,Charge Active,v01.23.7357,False,False,0x00,0x00,0x00,0x00,0x00,0x00,0x00,200,13,0,0,0,False,1.0V,0.030,1467mV,1,False,False,v01.20.7357
26-05-31 16:45:47.097290,2902,496,1044,620,240,280,1796,200,True,True,True,True,True,True,True,True,2902,496,1044,620,240,280,1796,200,0,0,0,0,0,0,0,0,WPT Ready,0,0,False,0,0,0,0,0,0,75%,50%,False,0x00,False,63%,0us,0.000V,0.000V,True,False,Charge Active,v01.23.7357,False,False,0x00,0x00,0x00,0x00,0x00,0x00,0x00,200,13,0,0,0,False,1.0V,0.030,1467mV,1,False,False,v01.20.7357
26-05-31 16:45:47.336194,2902,496,1044,620,240,280,1796,200,True,True,True,True,True,True,True,True,2902,496,1044,620,240,280,1796,200,0,0,0,0,0,0,0,0,WPT Ready,0,0,False,0,0,0,0,0,0,75%,50%,False,0x00,False,63%,0us,0.000V,0.000V,True,False,Charge Active,v01.23.7357,False,False,0x00,0x00,0x00,0x00,0x00,0x00,0x00,200,13,0,0,0,False,1.0V,0.030,1467mV,1,False,False,v01.20.7357
26-05-31 16:45:47.541361,2902,496,1044,620,240,280,1796,200,True,True,True,True,True,True,True,True,2902,496,1044,620,240,280,1796,200,0,0,0,0,0,0,0,0,WPT Ready,0,0,False,0,0,0,0,0,0,75%,50%,False,0x00,False,63%,0us,0.000V,0.000V,True,False,Charge Active,v01.23.7357,False,False,0x00,0x00,0x00,0x00,0x00,0x00,0x00,200,13,0,0,0,False,1.0V,0.030,1467mV,1,False,False,v01.20.7357
26-05-31 16:45:47.734541,2902,496,1044,620,240,280,1796,200,True,True,True,True,True,True,True,True,2902,496,1044,620,240,280,1796,200,0,0,0,0,0,0,0,0,WPT Ready,0,0,False,0,0,0,0,0,0,75%,50%,False,0x00,False,63%,0us,0.000V,0.000V,True,False,Charge Active,v01.23.7357,False,False,0x00,0x00,0x00,0x00,0x00,0x00,0x00,200,13,0,0,0,False,1.0V,0.030,1467mV,1,False,False,v01.20.7357
26-05-31 16:45:47.922953,2902,496,1044,620,240,280,1796,200,True,True,True,True,True,True,True,True,2902,496,1044,620,240,280,1796,200,0,0,0,0,0,0,0,0,WPT Ready,0,0,False,0,0,0,0,0,0,75%,50%,False,0x00,False,63%,0us,0.000V,0.000V,True,False,Charge Active,v01.23.7357,False,False,0x00,0x00,0x00,0x00,0x00,0x00,0x00,200,13,0,0,0,False,1.0V,0.030,1467mV,1,False,False,v01.20.7357
26-05-31 16:45:48.129696,2902,496,1044,620,240,280,1796,200,True,True,True,True,True,True,True,True,2902,496,1044,620,240,280,1796,200,0,0,0,0,0,0,0,0,WPT Ready,0,0,False,0,0,0,0,0,0,75%,50%,False,0x00,False,63%,0us,0.000V,0.000V,True,False,Charge Active,v01.23.7357,False,False,0x00,0x00,0x00,0x00,0x00,0x00,0x00,200,13,0,0,0,False,1.0V,0.030,1467mV,1,False,False,v01.20.7357
26-05-31 16:45:48.315172,2902,496,1044,620,240,280,1796,200,True,True,True,True,True,True,True,True,2902,496,1044,620,240,280,1796,200,0,0,0,0,0,0,0,0,WPT Ready,0,0,False,0,0,0,0,0,0,75%,50%,False,0x00,False,63%,0us,0.000V,0.000V,True,False,Charge Active,v01.23.7357,False,False,0x00,0x00,0x00,0x00,0x00,0x00,0x00,200,13,0,0,0,False,1.0V,0.030,1467mV,1,False,False,v01.20.7357
26-05-31 16:45:48.512097,2902,496,1044,620,240,280,1796,200,True,True,True,True,True,True,True,True,2902,496,1044,620,240,280,1796,200,0,0,0,0,0,0,0,0,WPT Ready,0,0,False,0,0,0,0,0,0,75%,50%,False,0x00,False,63%,0us,0.000V,0.000V,True,False,Charge Active,v01.23.7357,False,False,0x00,0x00,0x00,0x00,0x00,0x00,0x00,200,13,0,0,0,False,1.0V,0.030,1467mV,1,False,False,v01.20.7357
26-05-31 16:45:48.712567,2902,496,1044,620,240,280,1796,200,True,True,True,True,True,True,True,True,2902,496,1044,620,240,280,1796,200,0,0,0,0,0,0,0,0,WPT Ready,0,0,False,0,0,0,0,0,0,75%,50%,False,0x00,False,63%,0us,0.000V,0.000V,True,False,Charge Active,v01.23.7357,False,False,0x00,0x00,0x00,0x00,0x00,0x00,0x00,200,13,0,0,0,False,1.0V,0.030,1467mV,1,False,False,v01.20.7357
26-05-31 16:45:48.930650,2902,496,1044,620,240,280,1796,200,True,True,True,True,True,True,True,True,2902,496,1044,620,240,280,1796,200,0,0,0,0,0,0,0,0,WPT Ready,0,0,False,0,0,0,0,0,0,75%,50%,False,0x00,False,63%,0us,0.000V,0.000V,True,False,Charge Active,v01.23.7357,False,False,0x00,0x00,0x00,0x00,0x00,0x00,0x00,200,13,0,0,0,False,1.0V,0.030,1467mV,1,False,False,v01.20.7357
26-05-31 16:45:49.125149,2902,496,1044,620,240,280,1796,200,True,True,True,True,True,True,True,True,2902,496,1044,620,240,280,1796,200,0,0,0,0,0,0,0,0,WPT Ready,0,0,False,0,0,0,0,0,0,75%,50%,False,0x00,False,63%,0us,0.000V,0.000V,True,False,Charge Active,v01.23.7357,False,False,0x00,0x00,0x00,0x00,0x00,0x00,0x00,200,13,0,0,0,False,1.0V,0.030,1467mV,1,False,False,v01.20.7357
26-05-31 16:45:49.312833,2902,496,1044,620,240,280,1796,200,True,True,True,True,True,True,True,True,2902,496,1044,620,240,280,1796,200,0,0,0,0,0,0,0,0,WPT Ready,0,0,False,0,0,0,0,0,0,75%,50%,False,0x00,False,63%,0us,0.000V,0.000V,True,False,Charge Active,v01.23.7357,False,False,0x00,0x00,0x00,0x00,0x00,0x00,0x00,200,13,0,0,0,False,1.0V,0.030,1467mV,1,False,False,v01.20.7357
26-05-31 16:45:49.527473,2902,496,1044,620,240,280,1796,200,True,True,True,True,True,True,True,True,2902,496,1044,620,240,280,1796,200,0,0,0,0,0,0,0,0,WPT Ready,0,0,False,0,0,0,0,0,0,75%,50%,False,0x00,False,63%,0us,0.000V,0.000V,True,False,Charge Active,v01.23.7357,False,False,0x00,0x00,0x00,0x00,0x00,0x00,0x00,200,13,0,0,0,False,1.0V,0.030,1467mV,1,False,False,v01.20.7357
26-05-31 16:45:49.695255,2902,496,1044,620,240,280,1796,200,True,True,True,True,True,True,True,True,2902,496,1044,620,240,280,1796,200,0,0,0,0,0,0,0,0,WPT Ready,0,0,False,0,0,0,0,0,0,75%,50%,False,0x00,False,63%,0us,0.000V,0.000V,True,False,Charge Active,v01.23.7357,False,False,0x00,0x00,0x00,0x00,0x00,0x00,0x00,200,13,0,0,0,False,1.0V,0.030,1467mV,1,False,False,v01.20.7357
26-05-31 16:45:49.908030,2902,496,1044,620,240,280,1796,200,True,True,True,True,True,True,True,True,2902,496,1044,620,240,280,1796,200,0,0,0,0,0,0,0,0,WPT Ready,0,0,False,0,0,0,0,0,0,75%,50%,False,0x00,False,63%,0us,0.000V,0.000V,True,False,Charge Active,v01.23.7357,False,False,0x00,0x00,0x00,0x00,0x00,0x00,0x00,200,13,0,0,0,False,1.0V,0.030,1467mV,1,False,False,v01.20.7357
26-05-31 16:45:50.091508,2902,496,1044,620,240,280,1796,200,True,True,True,True,True,True,True,True,2902,496,1044,620,240,280,1796,200,0,0,0,0,0,0,0,0,WPT Ready,0,0,False,0,0,0,0,0,0,75%,50%,False,0x00,False,63%,0us,0.000V,0.000V,True,False,Charge Active,v01.23.7357,False,False,0x00,0x00,0x00,0x00,0x00,0x00,0x00,200,13,0,0,0,False,1.0V,0.030,1467mV,1,False,False,v01.20.7357
26-05-31 16:45:50.306540,2902,496,1044,620,240,280,1796,200,True,True,True,True,True,True,True,True,2902,496,1044,620,240,280,1796,200,0,0,0,0,0,0,0,0,WPT Ready,0,0,False,0,0,0,0,0,0,75%,50%,False,0x00,False,63%,0us,0.000V,0.000V,True,False,Charge Active,v01.23.7357,False,False,0x00,0x00,0x00,0x00,0x00,0x00,0x00,200,13,0,0,0,False,1.0V,0.030,1467mV,1,False,False,v01.20.7357
26-05-31 16:45:50.489343,2902,496,1044,620,240,280,1796,200,True,True,True,True,True,True,True,True,2902,496,1044,620,240,280,1796,200,0,0,0,0,0,0,0,0,WPT Ready,0,0,False,0,0,0,0,0,0,75%,50%,False,0x00,False,63%,0us,0.000V,0.000V,True,False,Charge Active,v01.23.7357,False,False,0x00,0x00,0x00,0x00,0x00,0x00,0x00,200,13,0,0,0,False,1.0V,0.030,1467mV,1,False,False,v01.20.7357
26-05-31 16:45:50.704612,2902,496,1044,620,240,280,1796,200,True,True,True,True,True,True,True,True,2902,496,1044,620,240,280,1796,200,0,0,0,0,0,0,0,0,WPT Ready,0,0,False,0,0,0,0,0,0,75%,50%,False,0x00,False,63%,0us,0.000V,0.000V,True,False,Charge Active,v01.23.7357,False,False,0x00,0x00,0x00,0x00,0x00,0x00,0x00,200,13,0,0,0,False,1.0V,0.030,1467mV,1,False,False,v01.20.7357
26-05-31 16:45:50.903628,2902,496,1044,620,240,280,1796,200,True,True,True,True,True,True,True,True,2902,496,1044,620,240,280,1796,200,0,0,0,0,0,0,0,0,WPT Ready,0,0,False,0,0,0,0,0,0,75%,50%,False,0x00,False,63%,0us,0.000V,0.000V,True,False,Charge Active,v01.23.7357,False,False,0x00,0x00,0x00,0x00,0x00,0x00,0x00,200,13,0,0,0,False,1.0V,0.030,1467mV,1,False,False,v01.20.7357
26-05-31 16:45:51.096434,2902,496,1044,620,240,280,1796,200,True,True,True,True,True,True,True,True,2902,496,1044,620,240,280,1796,200,0,0,0,0,0,0,0,0,WPT Ready,0,0,False,0,0,0,0,0,0,75%,50%,False,0x00,False,63%,0us,0.000V,0.000V,True,False,Charge Active,v01.23.7357,False,False,0x00,0x00,0x00,0x00,0x00,0x00,0x00,200,13,0,0,0,False,1.0V,0.030,1467mV,1,False,False,v01.20.7357
26-05-31 16:45:51.299182,2902,496,1044,620,240,280,1796,200,True,True,True,True,True,True,True,True,2902,496,1044,620,240,280,1796,200,0,0,0,0,0,0,0,0,WPT Ready,0,0,False,0,0,0,0,0,0,75%,50%,False,0x00,False,63%,0us,0.000V,0.000V,True,False,Charge Active,v01.23.7357,False,False,0x00,0x00,0x00,0x00,0x00,0x00,0x00,200,13,0,0,0,False,1.0V,0.030,1467mV,1,False,False,v01.20.7357
26-05-31 16:45:51.509497,2902,496,1044,620,240,280,1796,200,True,True,True,True,True,True,True,True,2902,496,1044,620,240,280,1796,200,0,0,0,0,0,0,0,0,WPT Ready,0,0,False,0,0,0,0,0,0,75%,50%,False,0x00,False,63%,0us,0.000V,0.000V,True,False,Charge Active,v01.23.7357,False,False,0x00,0x00,0x00,0x00,0x00,0x00,0x00,200,13,0,0,0,False,1.0V,0.030,1467mV,1,False,False,v01.20.7357
26-05-31 16:45:51.708421,2902,496,1044,620,240,280,1796,200,True,True,True,True,True,True,True,True,2902,496,1044,620,240,280,1796,200,0,0,0,0,0,0,0,0,WPT Ready,0,0,False,0,0,0,0,0,0,75%,50%,False,0x00,False,63%,0us,0.000V,0.000V,True,False,Charge Active,v01.23.7357,False,False,0x00,0x00,0x00,0x00,0x00,0x00,0x00,200,13,0,0,0,False,1.0V,0.030,1467mV,1,False,False,v01.20.7357
26-05-31 16:45:51.900606,2902,496,1044,620,240,280,1796,200,True,True,True,True,True,True,True,True,2902,496,1044,620,240,280,1796,200,0,0,0,0,0,0,0,0,WPT Ready,0,0,False,0,0,0,0,0,0,75%,50%,False,0x00,False,63%,0us,0.000V,0.000V,True,False,Charge Active,v01.23.7357,False,False,0x00,0x00,0x00,0x00,0x00,0x00,0x00,200,13,0,0,0,False,1.0V,0.030,1467mV,1,False,False,v01.20.7357
26-05-31 16:45:52.106284,2902,496,1044,620,240,280,1796,200,True,True,True,True,True,True,True,True,2902,496,1044,620,240,280,1796,200,0,0,0,0,0,0,0,0,WPT Ready,0,0,False,0,0,0,0,0,0,75%,50%,False,0x00,False,63%,0us,0.000V,0.000V,True,False,Charge Active,v01.23.7357,False,False,0x00,0x00,0x00,0x00,0x00,0x00,0x00,200,13,0,0,0,False,1.0V,0.030,1467mV,1,False,False,v01.20.7357
26-05-31 16:45:52.319495,2902,496,1044,620,240,280,1796,200,True,True,True,True,True,True,True,True,2902,496,1044,620,240,280,1796,200,0,0,0,0,0,0,0,0,WPT Ready,0,0,False,0,0,0,0,0,0,75%,50%,False,0x00,False,63%,0us,0.000V,0.000V,True,False,Charge Active,v01.23.7357,False,False,0x00,0x00,0x00,0x00,0x00,0x00,0x00,200,13,0,0,0,False,1.0V,0.030,1467mV,1,False,False,v01.20.7357
26-05-31 16:45:52.506218,2902,496,1044,620,240,280,1796,200,True,True,True,True,True,True,True,True,2902,496,1044,620,240,280,1796,200,0,0,0,0,0,0,0,0,WPT Ready,0,0,False,0,0,0,0,0,0,75%,50%,False,0x00,False,63%,0us,0.000V,0.000V,True,False,Charge Active,v01.23.7357,False,False,0x00,0x00,0x00,0x00,0x00,0x00,0x00,200,13,0,0,0,False,1.0V,0.030,1467mV,1,False,False,v01.20.7357
26-05-31 16:45:52.708015,2902,496,1044,620,240,280,1796,200,True,True,True,True,True,True,True,True,2902,496,1044,620,240,280,1796,200,0,0,0,0,0,0,0,0,WPT Ready,0,0,False,0,0,0,0,0,0,75%,50%,False,0x00,False,63%,0us,0.000V,0.000V,True,False,Charge Active,v01.23.7357,False,False,0x00,0x00,0x00,0x00,0x00,0x00,0x00,200,13,0,0,0,False,1.0V,0.030,1467mV,1,False,False,v01.20.7357
26-05-31 16:45:52.940745,2902,496,1044,620,240,280,1796,200,True,True,True,True,True,True,True,True,2902,496,1044,620,240,280,1796,200,0,0,0,0,0,0,0,0,WPT Ready,0,0,False,0,0,0,0,0,0,75%,50%,False,0x00,False,63%,0us,0.000V,0.000V,True,False,Charge Active,v01.23.7357,False,False,0x00,0x00,0x00,0x00,0x00,0x00,0x00,200,13,0,0,0,False,1.0V,0.030,1467mV,1,False,False,v01.20.7357
26-05-31 16:45:53.093827,2902,496,1044,620,240,280,1796,200,True,True,True,True,True,True,True,True,2902,496,1044,620,240,280,1796,200,0,0,0,0,0,0,0,0,WPT Ready,0,0,False,0,0,0,0,0,0,75%,50%,False,0x00,False,63%,0us,0.000V,0.000V,True,False,Charge Active,v01.23.7357,False,False,0x00,0x00,0x00,0x00,0x00,0x00,0x00,200,13,0,0,0,False,1.0V,0.030,1467mV,1,False,False,v01.20.7357
26-05-31 16:45:53.334569,2902,496,1044,620,240,280,1796,200,True,True,True,True,True,True,True,True,2902,496,1044,620,240,280,1796,200,0,0,0,0,0,0,0,0,WPT Ready,0,0,False,0,0,0,0,0,0,75%,50%,False,0x00,False,63%,0us,0.000V,0.000V,True,False,Charge Active,v01.23.7357,False,False,0x00,0x00,0x00,0x00,0x00,0x00,0x00,200,13,0,0,0,False,1.0V,0.030,1467mV,1,False,False,v01.20.7357
26-05-31 16:45:53.518932,2902,496,1044,620,240,280,1796,200,True,True,True,True,True,True,True,True,2902,496,1044,620,240,280,1796,200,0,0,0,0,0,0,0,0,WPT Ready,0,0,False,0,0,0,0,0,0,75%,50%,False,0x00,False,63%,0us,0.000V,0.000V,True,False,Charge Active,v01.23.7357,False,False,0x00,0x00,0x00,0x00,0x00,0x00,0x00,200,13,0,0,0,False,1.0V,0.030,1467mV,1,False,False,v01.20.7357
26-05-31 16:45:53.712278,2902,496,1044,620,240,280,1796,200,True,True,True,True,True,True,True,True,2902,496,1044,620,240,280,1796,200,0,0,0,0,0,0,0,0,WPT Ready,0,0,False,0,0,0,0,0,0,75%,50%,False,0x00,False,63%,0us,0.000V,0.000V,True,False,Charge Active,v01.23.7357,False,False,0x00,0x00,0x00,0x00,0x00,0x00,0x00,200,13,0,0,0,False,1.0V,0.030,1467mV,1,False,False,v01.20.7357
26-05-31 16:45:53.897102,2902,496,1044,620,240,280,1796,200,True,True,True,True,True,True,True,True,2902,496,1044,620,240,280,1796,200,0,0,0,0,0,0,0,0,WPT Ready,0,0,False,0,0,0,0,0,0,75%,50%,False,0x00,False,63%,0us,0.000V,0.000V,True,False,Charge Active,v01.23.7357,False,False,0x00,0x00,0x00,0x00,0x00,0x00,0x00,200,13,0,0,0,False,1.0V,0.030,1467mV,1,False,False,v01.20.7357
26-05-31 16:45:54.148075,2902,496,1044,620,240,280,1796,200,True,True,True,True,True,True,True,True,2902,496,1044,620,240,280,1796,200,0,0,0,0,0,0,0,0,WPT Ready,0,0,False,0,0,0,0,0,0,75%,50%,False,0x00,False,63%,0us,0.000V,0.000V,True,False,Charge Active,v01.23.7357,False,False,0x00,0x00,0x00,0x00,0x00,0x00,0x00,200,13,0,0,0,False,1.0V,0.030,1467mV,1,False,False,v01.20.7357
26-05-31 16:45:54.321826,2902,496,1044,620,240,280,1796,200,True,True,True,True,True,True,True,True,2902,496,1044,620,240,280,1796,200,0,0,0,0,0,0,0,0,WPT Ready,0,0,False,0,0,0,0,0,0,75%,50%,False,0x00,False,63%,0us,0.000V,0.000V,True,False,Charge Active,v01.23.7357,False,False,0x00,0x00,0x00,0x00,0x00,0x00,0x00,200,13,0,0,0,False,1.0V,0.030,1467mV,1,False,False,v01.20.7357
26-05-31 16:45:54.523735,2902,496,1044,620,240,280,1796,200,True,True,True,True,True,True,True,True,2902,496,1044,620,240,280,1796,200,0,0,0,0,0,0,0,0,WPT Ready,0,0,False,0,0,0,0,0,0,75%,50%,False,0x00,False,63%,0us,0.000V,0.000V,True,False,Charge Active,v01.23.7357,False,False,0x00,0x00,0x00,0x00,0x00,0x00,0x00,200,13,0,0,0,False,1.0V,0.030,1467mV,1,False,False,v01.20.7357
26-05-31 16:45:54.720072,2902,496,1044,620,240,280,1796,200,True,True,True,True,True,True,True,True,2902,496,1044,620,240,280,1796,200,0,0,0,0,0,0,0,0,WPT Ready,0,0,False,0,0,0,0,0,0,75%,50%,False,0x00,False,63%,0us,0.000V,0.000V,True,False,Charge Active,v01.23.7357,False,False,0x00,0x00,0x00,0x00,0x00,0x00,0x00,200,13,0,0,0,False,1.0V,0.030,1467mV,1,False,False,v01.20.7357
26-05-31 16:45:54.914672,2902,496,1044,620,240,280,1796,200,True,True,True,True,True,True,True,True,2902,496,1044,620,240,280,1796,200,0,0,0,0,0,0,0,0,WPT Ready,0,0,False,0,0,0,0,0,0,75%,50%,False,0x00,False,63%,0us,0.000V,0.000V,True,False,Charge Active,v01.23.7357,False,False,0x00,0x00,0x00,0x00,0x00,0x00,0x00,200,13,0,0,0,False,1.0V,0.030,1467mV,1,False,False,v01.20.7357
26-05-31 16:45:55.152151,2902,496,1044,620,240,280,1796,200,True,True,True,True,True,True,True,True,2902,496,1044,620,240,280,1796,200,0,0,0,0,0,0,0,0,WPT Ready,0,0,False,0,0,0,0,0,0,75%,50%,False,0x00,False,63%,0us,0.000V,0.000V,True,False,Charge Active,v01.23.7357,False,False,0x00,0x00,0x00,0x00,0x00,0x00,0x00,200,13,0,0,0,False,1.0V,0.030,1467mV,1,False,False,v01.20.7357
26-05-31 16:45:55.300806,2902,496,1044,620,240,280,1796,200,True,True,True,True,True,True,True,True,2902,496,1044,620,240,280,1796,200,0,0,0,0,0,0,0,0,WPT Ready,0,0,False,0,0,0,0,0,0,75%,50%,False,0x00,False,63%,0us,0.000V,0.000V,True,False,Charge Active,v01.23.7357,False,False,0x00,0x00,0x00,0x00,0x00,0x00,0x00,200,13,0,0,0,False,1.0V,0.030,1467mV,1,False,False,v01.20.7357
26-05-31 16:45:55.489408,2902,496,1044,620,240,280,1796,200,True,True,True,True,True,True,True,True,2902,496,1044,620,240,280,1796,200,0,0,0,0,0,0,0,0,WPT Ready,0,0,False,0,0,0,0,0,0,75%,50%,False,0x00,False,63%,0us,0.000V,0.000V,True,False,Charge Active,v01.23.7357,False,False,0x00,0x00,0x00,0x00,0x00,0x00,0x00,200,13,0,0,0,False,1.0V,0.030,1467mV,1,False,False,v01.20.7357
26-05-31 16:45:55.702025,2902,496,1044,620,240,280,1796,200,True,True,True,True,True,True,True,True,2902,496,1044,620,240,280,1796,200,0,0,0,0,0,0,0,0,WPT Ready,0,0,False,0,0,0,0,0,0,75%,50%,False,0x00,False,63%,0us,0.000V,0.000V,True,False,Charge Active,v01.23.7357,False,False,0x00,0x00,0x00,0x00,0x00,0x00,0x00,200,13,0,0,0,False,1.0V,0.030,1467mV,1,False,False,v01.20.7357
26-05-31 16:45:55.925619,2902,496,1044,620,240,280,1796,200,True,True,True,True,True,True,True,True,2902,496,1044,620,240,280,1796,200,0,0,0,0,0,0,0,0,WPT Ready,0,0,False,0,0,0,0,0,0,75%,50%,False,0x00,False,63%,0us,0.000V,0.000V,True,False,Charge Active,v01.23.7357,False,False,0x00,0x00,0x00,0x00,0x00,0x00,0x00,200,13,0,0,0,False,1.0V,0.030,1467mV,1,False,False,v01.20.7357
26-05-31 16:45:56.112673,2902,496,1044,620,240,280,1796,200,True,True,True,True,True,True,True,True,2902,496,1044,620,240,280,1796,200,0,0,0,0,0,0,0,0,WPT Ready,0,0,False,0,0,0,0,0,0,75%,50%,False,0x00,False,63%,0us,0.000V,0.000V,True,False,Charge Active,v01.23.7357,False,False,0x00,0x00,0x00,0x00,0x00,0x00,0x00,200,13,0,0,0,False,1.0V,0.030,1467mV,1,False,False,v01.20.7357
26-05-31 16:45:56.329807,2902,496,1044,620,240,280,1796,200,True,True,True,True,True,True,True,True,2902,496,1044,620,240,280,1796,200,0,0,0,0,0,0,0,0,WPT Ready,0,0,False,0,0,0,0,0,0,75%,50%,False,0x00,False,63%,0us,0.000V,0.000V,True,False,Charge Active,v01.23.7357,False,False,0x00,0x00,0x00,0x00,0x00,0x00,0x00,200,13,0,0,0,False,1.0V,0.030,1467mV,1,False,False,v01.20.7357
26-05-31 16:45:56.496752,2902,496,1044,620,240,280,1796,200,True,True,True,True,True,True,True,True,2902,496,1044,620,240,280,1796,200,0,0,0,0,0,0,0,0,WPT Ready,0,0,False,0,0,0,0,0,0,75%,50%,False,0x00,False,63%,0us,0.000V,0.000V,True,False,Charge Active,v01.23.7357,False,False,0x00,0x00,0x00,0x00,0x00,0x00,0x00,200,13,0,0,0,False,1.0V,0.030,1467mV,1,False,False,v01.20.7357
26-05-31 16:45:56.701501,2902,496,1044,620,240,280,1796,200,True,True,True,True,True,True,True,True,2902,496,1044,620,240,280,1796,200,0,0,0,0,0,0,0,0,WPT Ready,0,0,False,0,0,0,0,0,0,75%,50%,False,0x00,False,63%,0us,0.000V,0.000V,True,False,Charge Active,v01.23.7357,False,False,0x00,0x00,0x00,0x00,0x00,0x00,0x00,200,13,0,0,0,False,1.0V,0.030,1467mV,1,False,False,v01.20.7357
26-05-31 16:45:56.906477,2902,496,1044,620,240,280,1796,200,True,True,True,True,True,True,True,True,2902,496,1044,620,240,280,1796,200,0,0,0,0,0,0,0,0,WPT Ready,0,0,False,0,0,0,0,0,0,75%,50%,False,0x00,False,63%,0us,0.000V,0.000V,True,False,Charge Active,v01.23.7357,False,False,0x00,0x00,0x00,0x00,0x00,0x00,0x00,200,13,0,0,0,False,1.0V,0.030,1467mV,1,False,False,v01.20.7357
26-05-31 16:45:57.104448,2902,496,1044,620,240,280,1796,200,True,True,True,True,True,True,True,True,2902,496,1044,620,240,280,1796,200,0,0,0,0,0,0,0,0,WPT Ready,0,0,False,0,0,0,0,0,0,75%,50%,False,0x00,False,63%,0us,0.000V,0.000V,True,False,Charge Active,v01.23.7357,False,False,0x00,0x00,0x00,0x00,0x00,0x00,0x00,200,13,0,0,0,False,1.0V,0.030,1467mV,1,False,False,v01.20.7357
26-05-31 16:45:57.308404,2902,496,1044,620,240,280,1796,200,True,True,True,True,True,True,True,True,2902,496,1044,620,240,280,1796,200,0,0,0,0,0,0,0,0,WPT Ready,0,0,False,0,0,0,0,0,0,75%,50%,False,0x00,False,63%,0us,0.000V,0.000V,True,False,Charge Active,v01.23.7357,False,False,0x00,0x00,0x00,0x00,0x00,0x00,0x00,200,13,0,0,0,False,1.0V,0.030,1467mV,1,False,False,v01.20.7357
26-05-31 16:45:57.537207,2902,496,1044,620,240,280,1796,200,True,True,True,True,True,True,True,True,2902,496,1044,620,240,280,1796,200,0,0,0,0,0,0,0,0,WPT Ready,0,0,False,0,0,0,0,0,0,75%,50%,False,0x00,False,63%,0us,0.000V,0.000V,True,False,Charge Active,v01.23.7357,False,False,0x00,0x00,0x00,0x00,0x00,0x00,0x00,200,13,0,0,0,False,1.0V,0.030,1467mV,1,False,False,v01.20.7357
26-05-31 16:45:57.712931,2902,496,1044,620,240,280,1796,200,True,True,True,True,True,True,True,True,2902,496,1044,620,240,280,1796,200,0,0,0,0,0,0,0,0,WPT Ready,0,0,False,0,0,0,0,0,0,75%,50%,False,0x00,False,63%,0us,0.000V,0.000V,True,False,Charge Active,v01.23.7357,False,False,0x00,0x00,0x00,0x00,0x00,0x00,0x00,200,13,0,0,0,False,1.0V,0.030,1467mV,1,False,False,v01.20.7357
26-05-31 16:45:57.891929,2902,496,1044,620,240,280,1796,200,True,True,True,True,True,True,True,True,2902,496,1044,620,240,280,1796,200,0,0,0,0,0,0,0,0,WPT Ready,0,0,False,0,0,0,0,0,0,75%,50%,False,0x00,False,63%,0us,0.000V,0.000V,True,False,Charge Active,v01.23.7357,False,False,0x00,0x00,0x00,0x00,0x00,0x00,0x00,200,13,0,0,0,False,1.0V,0.030,1467mV,1,False,False,v01.20.7357
26-05-31 16:45:58.104656,2902,496,1044,620,240,280,1796,200,True,True,True,True,True,True,True,True,2902,496,1044,620,240,280,1796,200,0,0,0,0,0,0,0,0,WPT Ready,0,0,False,0,0,0,0,0,0,75%,50%,False,0x00,False,63%,0us,0.000V,0.000V,True,False,Charge Active,v01.23.7357,False,False,0x00,0x00,0x00,0x00,0x00,0x00,0x00,200,13,0,0,0,False,1.0V,0.030,1467mV,1,False,False,v01.20.7357
26-05-31 16:45:58.332798,2902,496,1044,620,240,280,1796,200,True,True,True,True,True,True,True,True,2902,496,1044,620,240,280,1796,200,0,0,0,0,0,0,0,0,WPT Ready,0,0,False,0,0,0,0,0,0,75%,50%,False,0x00,False,63%,0us,0.000V,0.000V,True,False,Charge Active,v01.23.7357,False,False,0x00,0x00,0x00,0x00,0x00,0x00,0x00,200,13,0,0,0,False,1.0V,0.030,1467mV,1,False,False,v01.20.7357
26-05-31 16:45:58.502676,2902,496,1044,620,240,280,1796,200,True,True,True,True,True,True,True,True,2902,496,1044,620,240,280,1796,200,0,0,0,0,0,0,0,0,WPT Ready,0,0,False,0,0,0,0,0,0,75%,50%,False,0x00,False,63%,0us,0.000V,0.000V,True,False,Charge Active,v01.23.7357,False,False,0x00,0x00,0x00,0x00,0x00,0x00,0x00,200,13,0,0,0,False,1.0V,0.030,1467mV,1,False,False,v01.20.7357
26-05-31 16:45:58.724774,2902,496,1044,620,240,280,1796,200,True,True,True,True,True,True,True,True,2902,496,1044,620,240,280,1796,200,0,0,0,0,0,0,0,0,WPT Ready,0,0,False,0,0,0,0,0,0,75%,50%,False,0x00,False,63%,0us,0.000V,0.000V,True,False,Charge Active,v01.23.7357,False,False,0x00,0x00,0x00,0x00,0x00,0x00,0x00,200,13,0,0,0,False,1.0V,0.030,1467mV,1,False,False,v01.20.7357
26-05-31 16:45:58.935814,2902,496,1044,620,240,280,1796,200,True,True,True,True,True,True,True,True,2902,496,1044,620,240,280,1796,200,0,0,0,0,0,0,0,0,WPT Ready,0,0,False,0,0,0,0,0,0,75%,50%,False,0x00,False,63%,0us,0.000V,0.000V,True,False,Charge Active,v01.23.7357,False,False,0x00,0x00,0x00,0x00,0x00,0x00,0x00,200,13,0,0,0,False,1.0V,0.030,1467mV,1,False,False,v01.20.7357
26-05-31 16:45:59.089482,2902,496,1044,620,240,280,1796,200,True,True,True,True,True,True,True,True,2902,496,1044,620,240,280,1796,200,0,0,0,0,0,0,0,0,WPT Ready,0,0,False,0,0,0,0,0,0,75%,50%,False,0x00,False,63%,0us,0.000V,0.000V,True,False,Charge Active,v01.23.7357,False,False,0x00,0x00,0x00,0x00,0x00,0x00,0x00,200,13,0,0,0,False,1.0V,0.030,1467mV,1,False,False,v01.20.7357
26-05-31 16:45:59.331803,2902,496,1044,620,240,280,1796,200,True,True,True,True,True,True,True,True,2902,496,1044,620,240,280,1796,200,0,0,0,0,0,0,0,0,WPT Ready,0,0,False,0,0,0,0,0,0,75%,50%,False,0x00,False,63%,0us,0.000V,0.000V,True,False,Charge Active,v01.23.7357,False,False,0x00,0x00,0x00,0x00,0x00,0x00,0x00,200,13,0,0,0,False,1.0V,0.030,1467mV,1,False,False,v01.20.7357
26-05-31 16:45:59.501458,2902,496,1044,620,240,280,1796,200,True,True,True,True,True,True,True,True,2902,496,1044,620,240,280,1796,200,0,0,0,0,0,0,0,0,WPT Ready,0,0,False,0,0,0,0,0,0,75%,50%,False,0x00,False,63%,0us,0.000V,0.000V,True,False,Charge Active,v01.23.7357,False,False,0x00,0x00,0x00,0x00,0x00,0x00,0x00,200,13,0,0,0,False,1.0V,0.030,1467mV,1,False,False,v01.20.7357
26-05-31 16:45:59.741227,2902,496,1044,620,240,280,1796,200,True,True,True,True,True,True,True,True,2902,496,1044,620,240,280,1796,200,0,0,0,0,0,0,0,0,WPT Ready,0,0,False,0,0,0,0,0,0,75%,50%,False,0x00,False,63%,0us,0.000V,0.000V,True,False,Charge Active,v01.23.7357,False,False,0x00,0x00,0x00,0x00,0x00,0x00,0x00,200,13,0,0,0,False,1.0V,0.030,1467mV,1,False,False,v01.20.7357
26-05-31 16:45:59.944588,2902,496,1044,620,240,280,1796,200,True,True,True,True,True,True,True,True,2902,496,1044,620,240,280,1796,200,0,0,0,0,0,0,0,0,WPT Ready,0,0,False,0,0,0,0,0,0,75%,50%,False,0x00,False,63%,0us,0.000V,0.000V,True,False,Charge Active,v01.23.7357,False,False,0x00,0x00,0x00,0x00,0x00,0x00,0x00,200,13,0,0,0,False,1.0V,0.030,1467mV,1,False,False,v01.20.7357
26-05-31 16:46:00.143190,2902,496,1044,620,240,280,1796,200,True,True,True,True,True,True,True,True,2902,496,1044,620,240,280,1796,200,0,0,0,0,0,0,0,0,WPT Ready,0,0,False,0,0,0,0,0,0,75%,50%,False,0x00,False,63%,0us,0.000V,0.000V,True,False,Charge Active,v01.23.7357,False,False,0x00,0x00,0x00,0x00,0x00,0x00,0x00,200,13,0,0,0,False,1.0V,0.030,1467mV,1,False,False,v01.20.7357
26-05-31 16:46:00.343616,2902,496,1044,620,240,280,1796,200,True,True,True,True,True,True,True,True,2902,496,1044,620,240,280,1796,200,0,0,0,0,0,0,0,0,WPT Ready,0,0,False,0,0,0,0,0,0,75%,50%,False,0x00,False,63%,0us,0.000V,0.000V,True,False,Charge Active,v01.23.7357,False,False,0x00,0x00,0x00,0x00,0x00,0x00,0x00,200,13,0,0,0,False,1.0V,0.030,1467mV,1,False,False,v01.20.7357
26-05-31 16:46:00.517665,2902,496,1044,620,240,280,1796,200,True,True,True,True,True,True,True,True,2902,496,1044,620,240,280,1796,200,0,0,0,0,0,0,0,0,WPT Ready,0,0,False,0,0,0,0,0,0,75%,50%,False,0x00,False,63%,0us,0.000V,0.000V,True,False,Charge Active,v01.23.7357,False,False,0x00,0x00,0x00,0x00,0x00,0x00,0x00,200,13,0,0,0,False,1.0V,0.030,1467mV,1,False,False,v01.20.7357
26-05-31 16:46:00.691657,2902,496,1044,620,240,280,1796,200,True,True,True,True,True,True,True,True,2902,496,1044,620,240,280,1796,200,0,0,0,0,0,0,0,0,WPT Ready,0,0,False,0,0,0,0,0,0,75%,50%,False,0x00,False,63%,0us,0.000V,0.000V,True,False,Charge Active,v01.23.7357,False,False,0x00,0x00,0x00,0x00,0x00,0x00,0x00,200,13,0,0,0,False,1.0V,0.030,1467mV,1,False,False,v01.20.7357
26-05-31 16:46:00.893204,2902,496,1044,620,240,280,1796,200,True,True,True,True,True,True,True,True,2902,496,1044,620,240,280,1796,200,0,0,0,0,0,0,0,0,WPT Ready,0,0,False,0,0,0,0,0,0,75%,50%,False,0x00,False,63%,0us,0.000V,0.000V,True,False,Charge Active,v01.23.7357,False,False,0x00,0x00,0x00,0x00,0x00,0x00,0x00,200,13,0,0,0,False,1.0V,0.030,1467mV,1,False,False,v01.20.7357
26-05-31 16:46:01.107836,2902,496,1044,620,240,280,1796,200,True,True,True,True,True,True,True,True,2902,496,1044,620,240,280,1796,200,0,0,0,0,0,0,0,0,WPT Ready,0,0,False,0,0,0,0,0,0,75%,50%,False,0x00,False,63%,0us,0.000V,0.000V,True,False,Charge Active,v01.23.7357,False,False,0x00,0x00,0x00,0x00,0x00,0x00,0x00,200,13,0,0,0,False,1.0V,0.030,1467mV,1,False,False,v01.20.7357
26-05-31 16:46:01.332368,2902,496,1044,620,240,280,1796,200,True,True,True,True,True,True,True,True,2902,496,1044,620,240,280,1796,200,0,0,0,0,0,0,0,0,WPT Ready,0,0,False,0,0,0,0,0,0,75%,50%,False,0x00,False,63%,0us,0.000V,0.000V,True,False,Charge Active,v01.23.7357,False,False,0x00,0x00,0x00,0x00,0x00,0x00,0x00,200,13,0,0,0,False,1.0V,0.030,1467mV,1,False,False,v01.20.7357
26-05-31 16:46:01.533960,2902,496,1044,620,240,280,1796,200,True,True,True,True,True,True,True,True,2902,496,1044,620,240,280,1796,200,0,0,0,0,0,0,0,0,WPT Ready,0,0,False,0,0,0,0,0,0,75%,50%,False,0x00,False,63%,0us,0.000V,0.000V,True,False,Charge Active,v01.23.7357,False,False,0x00,0x00,0x00,0x00,0x00,0x00,0x00,200,13,0,0,0,False,1.0V,0.030,1467mV,1,False,False,v01.20.7357
26-05-31 16:46:01.703865,2902,496,1044,620,240,280,1796,200,True,True,True,True,True,True,True,True,2902,496,1044,620,240,280,1796,200,0,0,0,0,0,0,0,0,WPT Ready,0,0,False,0,0,0,0,0,0,75%,50%,False,0x00,False,63%,0us,0.000V,0.000V,True,False,Charge Active,v01.23.7357,False,False,0x00,0x00,0x00,0x00,0x00,0x00,0x00,200,13,0,0,0,False,1.0V,0.030,1467mV,1,False,False,v01.20.7357
26-05-31 16:46:01.934970,2902,496,1044,620,240,280,1796,200,True,True,True,True,True,True,True,True,2902,496,1044,620,240,280,1796,200,0,0,0,0,0,0,0,0,WPT Ready,0,0,False,0,0,0,0,0,0,75%,50%,False,0x00,False,63%,0us,0.000V,0.000V,True,False,Charge Active,v01.23.7357,False,False,0x00,0x00,0x00,0x00,0x00,0x00,0x00,200,13,0,0,0,False,1.0V,0.030,1467mV,1,False,False,v01.20.7357
26-05-31 16:46:02.097874,2902,496,1044,620,240,280,1796,200,True,True,True,True,True,True,True,True,2902,496,1044,620,240,280,1796,200,0,0,0,0,0,0,0,0,WPT Ready,0,0,False,0,0,0,0,0,0,75%,50%,False,0x00,False,63%,0us,0.000V,0.000V,True,False,Charge Active,v01.23.7357,False,False,0x00,0x00,0x00,0x00,0x00,0x00,0x00,200,13,0,0,0,False,1.0V,0.030,1467mV,1,False,False,v01.20.7357
26-05-31 16:46:02.347254,2902,496,1044,620,240,280,1796,200,True,True,True,True,True,True,True,True,2902,496,1044,620,240,280,1796,200,0,0,0,0,0,0,0,0,WPT Ready,0,0,False,0,0,0,0,0,0,75%,50%,False,0x00,False,63%,0us,0.000V,0.000V,True,False,Charge Active,v01.23.7357,False,False,0x00,0x00,0x00,0x00,0x00,0x00,0x00,200,13,0,0,0,False,1.0V,0.030,1467mV,1,False,False,v01.20.7357
26-05-31 16:46:02.511676,2902,496,1044,620,240,280,1796,200,True,True,True,True,True,True,True,True,2902,496,1044,620,240,280,1796,200,0,0,0,0,0,0,0,0,WPT Ready,0,0,False,0,0,0,0,0,0,75%,50%,False,0x00,False,63%,0us,0.000V,0.000V,True,False,Charge Active,v01.23.7357,False,False,0x00,0x00,0x00,0x00,0x00,0x00,0x00,200,13,0,0,0,False,1.0V,0.030,1467mV,1,False,False,v01.20.7357
26-05-31 16:46:02.696356,2902,496,1044,620,240,280,1796,200,True,True,True,True,True,True,True,True,2902,496,1044,620,240,280,1796,200,0,0,0,0,0,0,0,0,WPT Ready,0,0,False,0,0,0,0,0,0,75%,50%,False,0x00,False,63%,0us,0.000V,0.000V,True,False,Charge Active,v01.23.7357,False,False,0x00,0x00,0x00,0x00,0x00,0x00,0x00,200,13,0,0,0,False,1.0V,0.030,1467mV,1,False,False,v01.20.7357
26-05-31 16:46:02.904240,2902,496,1044,620,240,280,1796,200,True,True,True,True,True,True,True,True,2902,496,1044,620,240,280,1796,200,0,0,0,0,0,0,0,0,WPT Ready,0,0,False,0,0,0,0,0,0,75%,50%,False,0x00,False,63%,0us,0.000V,0.000V,True,False,Charge Active,v01.23.7357,False,False,0x00,0x00,0x00,0x00,0x00,0x00,0x00,200,13,0,0,0,False,1.0V,0.030,1467mV,1,False,False,v01.20.7357
26-05-31 16:46:03.140047,2902,496,1044,620,240,280,1796,200,True,True,True,True,True,True,True,True,2902,496,1044,620,240,280,1796,200,0,0,0,0,0,0,0,0,WPT Ready,0,0,False,0,0,0,0,0,0,75%,50%,False,0x00,False,63%,0us,0.000V,0.000V,True,False,Charge Active,v01.23.7357,False,False,0x00,0x00,0x00,0x00,0x00,0x00,0x00,200,13,0,0,0,False,1.0V,0.030,1467mV,1,False,False,v01.20.7357
26-05-31 16:46:03.314017,2902,496,1044,620,240,280,1796,200,True,True,True,True,True,True,True,True,2902,496,1044,620,240,280,1796,200,0,0,0,0,0,0,0,0,WPT Ready,0,0,False,0,0,0,0,0,0,75%,50%,False,0x00,False,63%,0us,0.000V,0.000V,True,False,Charge Active,v01.23.7357,False,False,0x00,0x00,0x00,0x00,0x00,0x00,0x00,200,13,0,0,0,False,1.0V,0.030,1467mV,1,False,False,v01.20.7357
26-05-31 16:46:03.522198,2902,496,1044,620,240,280,1796,200,True,True,True,True,True,True,True,True,2902,496,1044,620,240,280,1796,200,0,0,0,0,0,0,0,0,WPT Ready,0,0,False,0,0,0,0,0,0,75%,50%,False,0x00,False,63%,0us,0.000V,0.000V,True,False,Charge Active,v01.23.7357,False,False,0x00,0x00,0x00,0x00,0x00,0x00,0x00,200,13,0,0,0,False,1.0V,0.030,1467mV,1,False,False,v01.20.7357
26-05-31 16:46:03.697173,2902,496,1044,620,240,280,1796,200,True,True,True,True,True,True,True,True,2902,496,1044,620,240,280,1796,200,0,0,0,0,0,0,0,0,WPT Ready,0,0,False,0,0,0,0,0,0,75%,50%,False,0x00,False,63%,0us,0.000V,0.000V,True,False,Charge Active,v01.23.7357,False,False,0x00,0x00,0x00,0x00,0x00,0x00,0x00,200,13,0,0,0,False,1.0V,0.030,1467mV,1,False,False,v01.20.7357
26-05-31 16:46:03.893600,2902,496,1044,620,240,280,1796,200,True,True,True,True,True,True,True,True,2902,496,1044,620,240,280,1796,200,0,0,0,0,0,0,0,0,WPT Ready,0,0,False,0,0,0,0,0,0,75%,50%,False,0x00,False,63%,0us,0.000V,0.000V,True,False,Charge Active,v01.23.7357,False,False,0x00,0x00,0x00,0x00,0x00,0x00,0x00,200,13,0,0,0,False,1.0V,0.030,1467mV,1,False,False,v01.20.7357
26-05-31 16:46:04.132360,2902,496,1044,620,240,280,1796,200,True,True,True,True,True,True,True,True,2902,496,1044,620,240,280,1796,200,0,0,0,0,0,0,0,0,WPT Ready,0,0,False,0,0,0,0,0,0,75%,50%,False,0x00,False,63%,0us,0.000V,0.000V,True,False,Charge Active,v01.23.7357,False,False,0x00,0x00,0x00,0x00,0x00,0x00,0x00,200,13,0,0,0,False,1.0V,0.030,1467mV,1,False,False,v01.20.7357
26-05-31 16:46:04.344999,2902,496,1044,620,240,280,1796,200,True,True,True,True,True,True,True,True,2902,496,1044,620,240,280,1796,200,0,0,0,0,0,0,0,0,WPT Ready,0,0,False,0,0,0,0,0,0,75%,50%,False,0x00,False,63%,0us,0.000V,0.000V,True,False,Charge Active,v01.23.7357,False,False,0x00,0x00,0x00,0x00,0x00,0x00,0x00,200,13,0,0,0,False,1.0V,0.030,1467mV,1,False,False,v01.20.7357
26-05-31 16:46:04.559215,2902,496,1044,620,240,280,1796,200,True,True,True,True,True,True,True,True,2902,496,1044,620,240,280,1796,200,0,0,0,0,0,0,0,0,WPT Ready,0,0,False,0,0,0,0,0,0,75%,50%,False,0x00,False,63%,0us,0.000V,0.000V,True,False,Charge Active,v01.23.7357,False,False,0x00,0x00,0x00,0x00,0x00,0x00,0x00,200,13,0,0,0,False,1.0V,0.030,1467mV,1,False,False,v01.20.7357
26-05-31 16:46:04.745621,2902,496,1044,620,240,280,1796,200,True,True,True,True,True,True,True,True,2902,496,1044,620,240,280,1796,200,0,0,0,0,0,0,0,0,WPT Ready,0,0,False,0,0,0,0,0,0,75%,50%,False,0x00,False,63%,0us,0.000V,0.000V,True,False,Charge Active,v01.23.7357,False,False,0x00,0x00,0x00,0x00,0x00,0x00,0x00,200,13,0,0,0,False,1.0V,0.030,1467mV,1,False,False,v01.20.7357
26-05-31 16:46:04.906713,2902,496,1044,620,240,280,1796,200,True,True,True,True,True,True,True,True,2902,496,1044,620,240,280,1796,200,0,0,0,0,0,0,0,0,WPT Ready,0,0,False,0,0,0,0,0,0,75%,50%,False,0x00,False,63%,0us,0.000V,0.000V,True,False,Charge Active,v01.23.7357,False,False,0x00,0x00,0x00,0x00,0x00,0x00,0x00,200,13,0,0,0,False,1.0V,0.030,1467mV,1,False,False,v01.20.7357
26-05-31 16:46:05.145169,2902,496,1044,620,240,280,1796,200,True,True,True,True,True,True,True,True,2902,496,1044,620,240,280,1796,200,0,0,0,0,0,0,0,0,WPT Ready,0,0,False,0,0,0,0,0,0,75%,50%,False,0x00,False,63%,0us,0.000V,0.000V,True,False,Charge Active,v01.23.7357,False,False,0x00,0x00,0x00,0x00,0x00,0x00,0x00,200,13,0,0,0,False,1.0V,0.030,1467mV,1,False,False,v01.20.7357
26-05-31 16:46:05.306054,2902,496,1044,620,240,280,1796,200,True,True,True,True,True,True,True,True,2902,496,1044,620,240,280,1796,200,0,0,0,0,0,0,0,0,WPT Ready,0,0,False,0,0,0,0,0,0,75%,50%,False,0x00,False,63%,0us,0.000V,0.000V,True,False,Charge Active,v01.23.7357,False,False,0x00,0x00,0x00,0x00,0x00,0x00,0x00,200,13,0,0,0,False,1.0V,0.030,1467mV,1,False,False,v01.20.7357
26-05-31 16:46:05.538227,2902,496,1044,620,240,280,1796,200,True,True,True,True,True,True,True,True,2902,496,1044,620,240,280,1796,200,0,0,0,0,0,0,0,0,WPT Ready,0,0,False,0,0,0,0,0,0,75%,50%,False,0x00,False,63%,0us,0.000V,0.000V,True,False,Charge Active,v01.23.7357,False,False,0x00,0x00,0x00,0x00,0x00,0x00,0x00,200,13,0,0,0,False,1.0V,0.030,1467mV,1,False,False,v01.20.7357
26-05-31 16:46:05.690485,2902,496,1044,620,240,280,1796,200,True,True,True,True,True,True,True,True,2902,496,1044,620,240,280,1796,200,0,0,0,0,0,0,0,0,WPT Ready,0,0,False,0,0,0,0,0,0,75%,50%,False,0x00,False,63%,0us,0.000V,0.000V,True,False,Charge Active,v01.23.7357,False,False,0x00,0x00,0x00,0x00,0x00,0x00,0x00,200,13,0,0,0,False,1.0V,0.030,1467mV,1,False,False,v01.20.7357
26-05-31 16:46:05.892661,2902,496,1044,620,240,280,1796,200,True,True,True,True,True,True,True,True,2902,496,1044,620,240,280,1796,200,0,0,0,0,0,0,0,0,WPT Ready,0,0,False,0,0,0,0,0,0,75%,50%,False,0x00,False,63%,0us,0.000V,0.000V,True,False,Charge Active,v01.23.7357,False,False,0x00,0x00,0x00,0x00,0x00,0x00,0x00,200,13,0,0,0,False,1.0V,0.030,1467mV,1,False,False,v01.20.7357
26-05-31 16:46:06.108831,2902,496,1044,620,240,280,1796,200,True,True,True,True,True,True,True,True,2902,496,1044,620,240,280,1796,200,0,0,0,0,0,0,0,0,WPT Ready,0,0,False,0,0,0,0,0,0,75%,50%,False,0x00,False,63%,0us,0.000V,0.000V,True,False,Charge Active,v01.23.7357,False,False,0x00,0x00,0x00,0x00,0x00,0x00,0x00,200,13,0,0,0,False,1.0V,0.030,1467mV,1,False,False,v01.20.7357
26-05-31 16:46:06.313463,2902,496,1044,620,240,280,1796,200,True,True,True,True,True,True,True,True,2902,496,1044,620,240,280,1796,200,0,0,0,0,0,0,0,0,WPT Ready,0,0,False,0,0,0,0,0,0,75%,50%,False,0x00,False,63%,0us,0.000V,0.000V,True,False,Charge Active,v01.23.7357,False,False,0x00,0x00,0x00,0x00,0x00,0x00,0x00,200,13,0,0,0,False,1.0V,0.030,1467mV,1,False,False,v01.20.7357
26-05-31 16:46:06.510913,2902,496,1044,620,240,280,1796,200,True,True,True,True,True,True,True,True,2902,496,1044,620,240,280,1796,200,0,0,0,0,0,0,0,0,WPT Ready,0,0,False,0,0,0,0,0,0,75%,50%,False,0x00,False,63%,0us,0.000V,0.000V,True,False,Charge Active,v01.23.7357,False,False,0x00,0x00,0x00,0x00,0x00,0x00,0x00,200,13,0,0,0,False,1.0V,0.030,1467mV,1,False,False,v01.20.7357
26-05-31 16:46:06.691308,2902,496,1044,620,240,280,1796,200,True,True,True,True,True,True,True,True,2902,496,1044,620,240,280,1796,200,0,0,0,0,0,0,0,0,WPT Ready,0,0,False,0,0,0,0,0,0,75%,50%,False,0x00,False,63%,0us,0.000V,0.000V,True,False,Charge Active,v01.23.7357,False,False,0x00,0x00,0x00,0x00,0x00,0x00,0x00,200,13,0,0,0,False,1.0V,0.030,1467mV,1,False,False,v01.20.7357
26-05-31 16:46:06.957596,2902,496,1044,620,240,280,1796,200,True,True,True,True,True,True,True,True,2902,496,1044,620,240,280,1796,200,0,0,0,0,0,0,0,0,WPT Ready,0,0,False,0,0,0,0,0,0,75%,50%,False,0x00,False,63%,0us,0.000V,0.000V,True,False,Charge Active,v01.23.7357,False,False,0x00,0x00,0x00,0x00,0x00,0x00,0x00,200,13,0,0,0,False,1.0V,0.030,1467mV,1,False,False,v01.20.7357
26-05-31 16:46:07.114189,2902,496,1044,620,240,280,1796,200,True,True,True,True,True,True,True,True,2902,496,1044,620,240,280,1796,200,0,0,0,0,0,0,0,0,WPT Ready,0,0,False,0,0,0,0,0,0,75%,50%,False,0x00,False,63%,0us,0.000V,0.000V,True,False,Charge Active,v01.23.7357,False,False,0x00,0x00,0x00,0x00,0x00,0x00,0x00,200,13,0,0,0,False,1.0V,0.030,1467mV,1,False,False,v01.20.7357
26-05-31 16:46:07.288929,2902,496,1044,620,240,280,1796,200,True,True,True,True,True,True,True,True,2902,496,1044,620,240,280,1796,200,0,0,0,0,0,0,0,0,WPT Ready,0,0,False,0,0,0,0,0,0,75%,50%,False,0x00,False,63%,0us,0.000V,0.000V,True,False,Charge Active,v01.23.7357,False,False,0x00,0x00,0x00,0x00,0x00,0x00,0x00,200,13,0,0,0,False,1.0V,0.030,1467mV,1,False,False,v01.20.7357
26-05-31 16:46:07.501929,2902,496,1044,620,240,280,1796,200,True,True,True,True,True,True,True,True,2902,496,1044,620,240,280,1796,200,0,0,0,0,0,0,0,0,WPT Ready,0,0,False,0,0,0,0,0,0,75%,50%,False,0x00,False,63%,0us,0.000V,0.000V,True,False,Charge Active,v01.23.7357,False,False,0x00,0x00,0x00,0x00,0x00,0x00,0x00,200,13,0,0,0,False,1.0V,0.030,1467mV,1,False,False,v01.20.7357
26-05-31 16:46:07.743101,2902,496,1044,620,240,280,1796,200,True,True,True,True,True,True,True,True,2902,496,1044,620,240,280,1796,200,0,0,0,0,0,0,0,0,WPT Ready,0,0,False,0,0,0,0,0,0,75%,50%,False,0x00,False,63%,0us,0.000V,0.000V,True,False,Charge Active,v01.23.7357,False,False,0x00,0x00,0x00,0x00,0x00,0x00,0x00,200,13,0,0,0,False,1.0V,0.030,1467mV,1,False,False,v01.20.7357
26-05-31 16:46:07.918656,2902,496,1044,620,240,280,1796,200,True,True,True,True,True,True,True,True,2902,496,1044,620,240,280,1796,200,0,0,0,0,0,0,0,0,WPT Ready,0,0,False,0,0,0,0,0,0,75%,50%,False,0x00,False,63%,0us,0.000V,0.000V,True,False,Charge Active,v01.23.7357,False,False,0x00,0x00,0x00,0x00,0x00,0x00,0x00,200,13,0,0,0,False,1.0V,0.030,1467mV,1,False,False,v01.20.7357
26-05-31 16:46:08.099312,2902,496,1044,620,240,280,1796,200,True,True,True,True,True,True,True,True,2902,496,1044,620,240,280,1796,200,0,0,0,0,0,0,0,0,WPT Ready,0,0,False,0,0,0,0,0,0,75%,50%,False,0x00,False,63%,0us,0.000V,0.000V,True,False,Charge Active,v01.23.7357,False,False,0x00,0x00,0x00,0x00,0x00,0x00,0x00,200,13,0,0,0,False,1.0V,0.030,1467mV,1,False,False,v01.20.7357
26-05-31 16:46:08.323266,2902,496,1044,620,240,280,1796,200,True,True,True,True,True,True,True,True,2902,496,1044,620,240,280,1796,200,0,0,0,0,0,0,0,0,WPT Ready,0,0,False,0,0,0,0,0,0,75%,50%,False,0x00,False,63%,0us,0.000V,0.000V,True,False,Charge Active,v01.23.7357,False,False,0x00,0x00,0x00,0x00,0x00,0x00,0x00,200,13,0,0,0,False,1.0V,0.030,1467mV,1,False,False,v01.20.7357
26-05-31 16:46:08.547250,2902,496,1044,620,240,280,1796,200,True,True,True,True,True,True,True,True,2902,496,1044,620,240,280,1796,200,0,0,0,0,0,0,0,0,WPT Ready,0,0,False,0,0,0,0,0,0,75%,50%,False,0x00,False,63%,0us,0.000V,0.000V,True,False,Charge Active,v01.23.7357,False,False,0x00,0x00,0x00,0x00,0x00,0x00,0x00,200,13,0,0,0,False,1.0V,0.030,1467mV,1,False,False,v01.20.7357
26-05-31 16:46:08.716056,2902,496,1044,620,240,280,1796,200,True,True,True,True,True,True,True,True,2902,496,1044,620,240,280,1796,200,0,0,0,0,0,0,0,0,WPT Ready,0,0,False,0,0,0,0,0,0,75%,50%,False,0x00,False,63%,0us,0.000V,0.000V,True,False,Charge Active,v01.23.7357,False,False,0x00,0x00,0x00,0x00,0x00,0x00,0x00,200,13,0,0,0,False,1.0V,0.030,1467mV,1,False,False,v01.20.7357
26-05-31 16:46:08.956095,2902,496,1044,620,240,280,1796,200,True,True,True,True,True,True,True,True,2902,496,1044,620,240,280,1796,200,0,0,0,0,0,0,0,0,WPT Ready,0,0,False,0,0,0,0,0,0,75%,50%,False,0x00,False,63%,0us,0.000V,0.000V,True,False,Charge Active,v01.23.7357,False,False,0x00,0x00,0x00,0x00,0x00,0x00,0x00,200,13,0,0,0,False,1.0V,0.030,1467mV,1,False,False,v01.20.7357
26-05-31 16:46:09.129817,2902,496,1044,620,240,280,1796,200,True,True,True,True,True,True,True,True,2902,496,1044,620,240,280,1796,200,0,0,0,0,0,0,0,0,WPT Ready,0,0,False,0,0,0,0,0,0,75%,50%,False,0x00,False,63%,0us,0.000V,0.000V,True,False,Charge Active,v01.23.7357,False,False,0x00,0x00,0x00,0x00,0x00,0x00,0x00,200,13,0,0,0,False,1.0V,0.030,1467mV,1,False,False,v01.20.7357
26-05-31 16:46:09.303268,2902,496,1044,620,240,280,1796,200,True,True,True,True,True,True,True,True,2902,496,1044,620,240,280,1796,200,0,0,0,0,0,0,0,0,WPT Ready,0,0,False,0,0,0,0,0,0,75%,50%,False,0x00,False,63%,0us,0.000V,0.000V,True,False,Charge Active,v01.23.7357,False,False,0x00,0x00,0x00,0x00,0x00,0x00,0x00,200,13,0,0,0,False,1.0V,0.030,1467mV,1,False,False,v01.20.7357
26-05-31 16:46:09.538009,2902,496,1044,620,240,280,1796,200,True,True,True,True,True,True,True,True,2902,496,1044,620,240,280,1796,200,0,0,0,0,0,0,0,0,WPT Ready,0,0,False,0,0,0,0,0,0,75%,50%,False,0x00,False,63%,0us,0.000V,0.000V,True,False,Charge Active,v01.23.7357,False,False,0x00,0x00,0x00,0x00,0x00,0x00,0x00,200,13,0,0,0,False,1.0V,0.030,1467mV,1,False,False,v01.20.7357
26-05-31 16:46:09.715919,2902,496,1044,620,240,280,1796,200,True,True,True,True,True,True,True,True,2902,496,1044,620,240,280,1796,200,0,0,0,0,0,0,0,0,WPT Ready,0,0,False,0,0,0,0,0,0,75%,50%,False,0x00,False,63%,0us,0.000V,0.000V,True,False,Charge Active,v01.23.7357,False,False,0x00,0x00,0x00,0x00,0x00,0x00,0x00,200,13,0,0,0,False,1.0V,0.030,1467mV,1,False,False,v01.20.7357
26-05-31 16:46:09.939319,2902,496,1044,620,240,280,1796,200,True,True,True,True,True,True,True,True,2902,496,1044,620,240,280,1796,200,0,0,0,0,0,0,0,0,WPT Ready,0,0,False,0,0,0,0,0,0,75%,50%,False,0x00,False,63%,0us,0.000V,0.000V,True,False,Charge Active,v01.23.7357,False,False,0x00,0x00,0x00,0x00,0x00,0x00,0x00,200,13,0,0,0,False,1.0V,0.030,1467mV,1,False,False,v01.20.7357
26-05-31 16:46:10.113356,2902,496,1044,620,240,280,1796,200,True,True,True,True,True,True,True,True,2902,496,1044,620,240,280,1796,200,0,0,0,0,0,0,0,0,WPT Ready,0,0,False,0,0,0,0,0,0,75%,50%,False,0x00,False,63%,0us,0.000V,0.000V,True,False,Charge Active,v01.23.7357,False,False,0x00,0x00,0x00,0x00,0x00,0x00,0x00,200,13,0,0,0,False,1.0V,0.030,1467mV,1,False,False,v01.20.7357
26-05-31 16:46:10.290593,2902,496,1044,620,240,280,1796,200,True,True,True,True,True,True,True,True,2902,496,1044,620,240,280,1796,200,0,0,0,0,0,0,0,0,WPT Ready,0,0,False,0,0,0,0,0,0,75%,50%,False,0x00,False,63%,0us,0.000V,0.000V,True,False,Charge Active,v01.23.7357,False,False,0x00,0x00,0x00,0x00,0x00,0x00,0x00,200,13,0,0,0,False,1.0V,0.030,1467mV,1,False,False,v01.20.7357
26-05-31 16:46:10.568126,2902,496,1044,620,240,280,1796,200,True,True,True,True,True,True,True,True,2902,496,1044,620,240,280,1796,200,0,0,0,0,0,0,0,0,WPT Ready,0,0,False,0,0,0,0,0,0,75%,50%,False,0x00,False,63%,0us,0.000V,0.000V,True,False,Charge Active,v01.23.7357,False,False,0x00,0x00,0x00,0x00,0x00,0x00,0x00,200,13,0,0,0,False,1.0V,0.030,1467mV,1,False,False,v01.20.7357
26-05-31 16:46:10.732803,2902,496,1044,620,240,280,1796,200,True,True,True,True,True,True,True,True,2902,496,1044,620,240,280,1796,200,0,0,0,0,0,0,0,0,WPT Ready,0,0,False,0,0,0,0,0,0,75%,50%,False,0x00,False,63%,0us,0.000V,0.000V,True,False,Charge Active,v01.23.7357,False,False,0x00,0x00,0x00,0x00,0x00,0x00,0x00,200,13,0,0,0,False,1.0V,0.030,1467mV,1,False,False,v01.20.7357
26-05-31 16:46:10.901944,2902,496,1044,620,240,280,1796,200,True,True,True,True,True,True,True,True,2902,496,1044,620,240,280,1796,200,0,0,0,0,0,0,0,0,WPT Ready,0,0,False,0,0,0,0,0,0,75%,50%,False,0x00,False,63%,0us,0.000V,0.000V,True,False,Charge Active,v01.23.7357,False,False,0x00,0x00,0x00,0x00,0x00,0x00,0x00,200,13,0,0,0,False,1.0V,0.030,1467mV,1,False,False,v01.20.7357
26-05-31 16:46:11.139243,2902,496,1044,620,240,280,1796,200,True,True,True,True,True,True,True,True,2902,496,1044,620,240,280,1796,200,0,0,0,0,0,0,0,0,WPT Ready,0,0,False,0,0,0,0,0,0,75%,50%,False,0x00,False,63%,0us,0.000V,0.000V,True,False,Charge Active,v01.23.7357,False,False,0x00,0x00,0x00,0x00,0x00,0x00,0x00,200,13,0,0,0,False,1.0V,0.030,1467mV,1,False,False,v01.20.7357
26-05-31 16:46:11.296402,2902,496,1044,620,240,280,1796,200,True,True,True,True,True,True,True,True,2902,496,1044,620,240,280,1796,200,0,0,0,0,0,0,0,0,WPT Ready,0,0,False,0,0,0,0,0,0,75%,50%,False,0x00,False,63%,0us,0.000V,0.000V,True,False,Charge Active,v01.23.7357,False,False,0x00,0x00,0x00,0x00,0x00,0x00,0x00,200,13,0,0,0,False,1.0V,0.030,1467mV,1,False,False,v01.20.7357
26-05-31 16:46:11.518373,2902,496,1044,620,240,280,1796,200,True,True,True,True,True,True,True,True,2902,496,1044,620,240,280,1796,200,0,0,0,0,0,0,0,0,WPT Ready,0,0,False,0,0,0,0,0,0,75%,50%,False,0x00,False,63%,0us,0.000V,0.000V,True,False,Charge Active,v01.23.7357,False,False,0x00,0x00,0x00,0x00,0x00,0x00,0x00,200,13,0,0,0,False,1.0V,0.030,1467mV,1,False,False,v01.20.7357
26-05-31 16:46:11.717378,2902,496,1044,620,240,280,1796,200,True,True,True,True,True,True,True,True,2902,496,1044,620,240,280,1796,200,0,0,0,0,0,0,0,0,WPT Ready,0,0,False,0,0,0,0,0,0,75%,50%,False,0x00,False,63%,0us,0.000V,0.000V,True,False,Charge Active,v01.23.7357,False,False,0x00,0x00,0x00,0x00,0x00,0x00,0x00,200,13,0,0,0,False,1.0V,0.030,1467mV,1,False,False,v01.20.7357
26-05-31 16:46:11.906553,2902,496,1044,620,240,280,1796,200,True,True,True,True,True,True,True,True,2902,496,1044,620,240,280,1796,200,0,0,0,0,0,0,0,0,WPT Ready,0,0,False,0,0,0,0,0,0,75%,50%,False,0x00,False,63%,0us,0.000V,0.000V,True,False,Charge Active,v01.23.7357,False,False,0x00,0x00,0x00,0x00,0x00,0x00,0x00,200,13,0,0,0,False,1.0V,0.030,1467mV,1,False,False,v01.20.7357
26-05-31 16:46:12.140962,2902,496,1044,620,240,280,1796,200,True,True,True,True,True,True,True,True,2902,496,1044,620,240,280,1796,200,0,0,0,0,0,0,0,0,WPT Ready,0,0,False,0,0,0,0,0,0,75%,50%,False,0x00,False,63%,0us,0.000V,0.000V,True,False,Charge Active,v01.23.7357,False,False,0x00,0x00,0x00,0x00,0x00,0x00,0x00,200,13,0,0,0,False,1.0V,0.030,1467mV,1,False,False,v01.20.7357
26-05-31 16:46:12.298374,2902,496,1044,620,240,280,1796,200,True,True,True,True,True,True,True,True,2902,496,1044,620,240,280,1796,200,0,0,0,0,0,0,0,0,WPT Ready,0,0,False,0,0,0,0,0,0,75%,50%,False,0x00,False,63%,0us,0.000V,0.000V,True,False,Charge Active,v01.23.7357,False,False,0x00,0x00,0x00,0x00,0x00,0x00,0x00,200,13,0,0,0,False,1.0V,0.030,1467mV,1,False,False,v01.20.7357
26-05-31 16:46:12.533874,2902,496,1044,620,240,280,1796,200,True,True,True,True,True,True,True,True,2902,496,1044,620,240,280,1796,200,0,0,0,0,0,0,0,0,WPT Ready,0,0,False,0,0,0,0,0,0,75%,50%,False,0x00,False,63%,0us,0.000V,0.000V,True,False,Charge Active,v01.23.7357,False,False,0x00,0x00,0x00,0x00,0x00,0x00,0x00,200,13,0,0,0,False,1.0V,0.030,1467mV,1,False,False,v01.20.7357
26-05-31 16:46:12.739282,2902,496,1044,620,240,280,1796,200,True,True,True,True,True,True,True,True,2902,496,1044,620,240,280,1796,200,0,0,0,0,0,0,0,0,WPT Ready,0,0,False,0,0,0,0,0,0,75%,50%,False,0x00,False,63%,0us,0.000V,0.000V,True,False,Charge Active,v01.23.7357,False,False,0x00,0x00,0x00,0x00,0x00,0x00,0x00,200,13,0,0,0,False,1.0V,0.030,1467mV,1,False,False,v01.20.7357
26-05-31 16:46:12.925075,2902,496,1044,620,240,280,1796,200,True,True,True,True,True,True,True,True,2902,496,1044,620,240,280,1796,200,0,0,0,0,0,0,0,0,WPT Ready,0,0,False,0,0,0,0,0,0,75%,50%,False,0x00,False,63%,0us,0.000V,0.000V,True,False,Charge Active,v01.23.7357,False,False,0x00,0x00,0x00,0x00,0x00,0x00,0x00,200,13,0,0,0,False,1.0V,0.030,1467mV,1,False,False,v01.20.7357
26-05-31 16:46:13.140120,2902,496,1044,620,240,280,1796,200,True,True,True,True,True,True,True,True,2902,496,1044,620,240,280,1796,200,0,0,0,0,0,0,0,0,WPT Ready,0,0,False,0,0,0,0,0,0,75%,50%,False,0x00,False,63%,0us,0.000V,0.000V,True,False,Charge Active,v01.23.7357,False,False,0x00,0x00,0x00,0x00,0x00,0x00,0x00,200,13,0,0,0,False,1.0V,0.030,1467mV,1,False,False,v01.20.7357
26-05-31 16:46:13.297466,2902,496,1044,620,240,280,1796,200,True,True,True,True,True,True,True,True,2902,496,1044,620,240,280,1796,200,0,0,0,0,0,0,0,0,WPT Ready,0,0,False,0,0,0,0,0,0,75%,50%,False,0x00,False,63%,0us,0.000V,0.000V,True,False,Charge Active,v01.23.7357,False,False,0x00,0x00,0x00,0x00,0x00,0x00,0x00,200,13,0,0,0,False,1.0V,0.030,1467mV,1,False,False,v01.20.7357
26-05-31 16:46:13.521167,2902,496,1044,620,240,280,1796,200,True,True,True,True,True,True,True,True,2902,496,1044,620,240,280,1796,200,0,0,0,0,0,0,0,0,WPT Ready,0,0,False,0,0,0,0,0,0,75%,50%,False,0x00,False,63%,0us,0.000V,0.000V,True,False,Charge Active,v01.23.7357,False,False,0x00,0x00,0x00,0x00,0x00,0x00,0x00,200,13,0,0,0,False,1.0V,0.030,1467mV,1,False,False,v01.20.7357
26-05-31 16:46:13.699601,2902,496,1044,620,240,280,1796,200,True,True,True,True,True,True,True,True,2902,496,1044,620,240,280,1796,200,0,0,0,0,0,0,0,0,WPT Ready,0,0,False,0,0,0,0,0,0,75%,50%,False,0x00,False,63%,0us,0.000V,0.000V,True,False,Charge Active,v01.23.7357,False,False,0x00,0x00,0x00,0x00,0x00,0x00,0x00,200,13,0,0,0,False,1.0V,0.030,1467mV,1,False,False,v01.20.7357
26-05-31 16:46:13.920178,2902,496,1044,620,240,280,1796,200,True,True,True,True,True,True,True,True,2902,496,1044,620,240,280,1796,200,0,0,0,0,0,0,0,0,WPT Ready,0,0,False,0,0,0,0,0,0,75%,50%,False,0x00,False,63%,0us,0.000V,0.000V,True,False,Charge Active,v01.23.7357,False,False,0x00,0x00,0x00,0x00,0x00,0x00,0x00,200,13,0,0,0,False,1.0V,0.030,1467mV,1,False,False,v01.20.7357
26-05-31 16:46:14.100316,2902,496,1044,620,240,280,1796,200,True,True,True,True,True,True,True,True,2902,496,1044,620,240,280,1796,200,0,0,0,0,0,0,0,0,WPT Ready,0,0,False,0,0,0,0,0,0,75%,50%,False,0x00,False,63%,0us,0.000V,0.000V,True,False,Charge Active,v01.23.7357,False,False,0x00,0x00,0x00,0x00,0x00,0x00,0x00,200,13,0,0,0,False,1.0V,0.030,1467mV,1,False,False,v01.20.7357
26-05-31 16:46:14.304682,2902,496,1044,620,240,280,1796,200,True,True,True,True,True,True,True,True,2902,496,1044,620,240,280,1796,200,0,0,0,0,0,0,0,0,WPT Ready,0,0,False,0,0,0,0,0,0,75%,50%,False,0x00,False,63%,0us,0.000V,0.000V,True,False,Charge Active,v01.23.7357,False,False,0x00,0x00,0x00,0x00,0x00,0x00,0x00,200,13,0,0,0,False,1.0V,0.030,1467mV,1,False,False,v01.20.7357
26-05-31 16:46:14.540043,2902,496,1044,620,240,280,1796,200,True,True,True,True,True,True,True,True,2902,496,1044,620,240,280,1796,200,0,0,0,0,0,0,0,0,WPT Ready,0,0,False,0,0,0,0,0,0,75%,50%,False,0x00,False,63%,0us,0.000V,0.000V,True,False,Charge Active,v01.23.7357,False,False,0x00,0x00,0x00,0x00,0x00,0x00,0x00,200,13,0,0,0,False,1.0V,0.030,1467mV,1,False,False,v01.20.7357
26-05-31 16:46:14.701770,2902,496,1044,620,240,280,1796,200,True,True,True,True,True,True,True,True,2902,496,1044,620,240,280,1796,200,0,0,0,0,0,0,0,0,WPT Ready,0,0,False,0,0,0,0,0,0,75%,50%,False,0x00,False,63%,0us,0.000V,0.000V,True,False,Charge Active,v01.23.7357,False,False,0x00,0x00,0x00,0x00,0x00,0x00,0x00,200,13,0,0,0,False,1.0V,0.030,1467mV,1,False,False,v01.20.7357
26-05-31 16:46:14.914742,2902,496,1044,620,240,280,1796,200,True,True,True,True,True,True,True,True,2902,496,1044,620,240,280,1796,200,0,0,0,0,0,0,0,0,WPT Ready,0,0,False,0,0,0,0,0,0,75%,50%,False,0x00,False,63%,0us,0.000V,0.000V,True,False,Charge Active,v01.23.7357,False,False,0x00,0x00,0x00,0x00,0x00,0x00,0x00,200,13,0,0,0,False,1.0V,0.030,1467mV,1,False,False,v01.20.7357
26-05-31 16:46:15.143275,2902,496,1044,620,240,280,1796,200,True,True,True,True,True,True,True,True,2902,496,1044,620,240,280,1796,200,0,0,0,0,0,0,0,0,WPT Ready,0,0,False,0,0,0,0,0,0,75%,50%,False,0x00,False,63%,0us,0.000V,0.000V,True,False,Charge Active,v01.23.7357,False,False,0x00,0x00,0x00,0x00,0x00,0x00,0x00,200,13,0,0,0,False,1.0V,0.030,1467mV,1,False,False,v01.20.7357
26-05-31 16:46:15.304169,2902,496,1044,620,240,280,1796,200,True,True,True,True,True,True,True,True,2902,496,1044,620,240,280,1796,200,0,0,0,0,0,0,0,0,WPT Ready,0,0,False,0,0,0,0,0,0,75%,50%,False,0x00,False,63%,0us,0.000V,0.000V,True,False,Charge Active,v01.23.7357,False,False,0x00,0x00,0x00,0x00,0x00,0x00,0x00,200,13,0,0,0,False,1.0V,0.030,1467mV,1,False,False,v01.20.7357
26-05-31 16:46:15.543461,2902,496,1044,620,240,280,1796,200,True,True,True,True,True,True,True,True,2902,496,1044,620,240,280,1796,200,0,0,0,0,0,0,0,0,WPT Ready,0,0,False,0,0,0,0,0,0,75%,50%,False,0x00,False,63%,0us,0.000V,0.000V,True,False,Charge Active,v01.23.7357,False,False,0x00,0x00,0x00,0x00,0x00,0x00,0x00,200,13,0,0,0,False,1.0V,0.030,1467mV,1,False,False,v01.20.7357
26-05-31 16:46:15.709592,2902,496,1044,620,240,280,1796,200,True,True,True,True,True,True,True,True,2902,496,1044,620,240,280,1796,200,0,0,0,0,0,0,0,0,WPT Ready,0,0,False,0,0,0,0,0,0,75%,50%,False,0x00,False,63%,0us,0.000V,0.000V,True,False,Charge Active,v01.23.7357,False,False,0x00,0x00,0x00,0x00,0x00,0x00,0x00,200,13,0,0,0,False,1.0V,0.030,1467mV,1,False,False,v01.20.7357
26-05-31 16:46:15.906813,2902,496,1044,620,240,280,1796,200,True,True,True,True,True,True,True,True,2902,496,1044,620,240,280,1796,200,0,0,0,0,0,0,0,0,WPT Ready,0,0,False,0,0,0,0,0,0,75%,50%,False,0x00,False,63%,0us,0.000V,0.000V,True,False,Charge Active,v01.23.7357,False,False,0x00,0x00,0x00,0x00,0x00,0x00,0x00,200,13,0,0,0,False,1.0V,0.030,1467mV,1,False,False,v01.20.7357
26-05-31 16:46:16.109400,2902,496,1044,620,240,280,1796,200,True,True,True,True,True,True,True,True,2902,496,1044,620,240,280,1796,200,0,0,0,0,0,0,0,0,WPT Ready,0,0,False,0,0,0,0,0,0,75%,50%,False,0x00,False,63%,0us,0.000V,0.000V,True,False,Charge Active,v01.23.7357,False,False,0x00,0x00,0x00,0x00,0x00,0x00,0x00,200,13,0,0,0,False,1.0V,0.030,1467mV,1,False,False,v01.20.7357
26-05-31 16:46:16.328146,2902,496,1044,620,240,280,1796,200,True,True,True,True,True,True,True,True,2902,496,1044,620,240,280,1796,200,0,0,0,0,0,0,0,0,WPT Ready,0,0,False,0,0,0,0,0,0,75%,50%,False,0x00,False,63%,0us,0.000V,0.000V,True,False,Charge Active,v01.23.7357,False,False,0x00,0x00,0x00,0x00,0x00,0x00,0x00,200,13,0,0,0,False,1.0V,0.030,1467mV,1,False,False,v01.20.7357
26-05-31 16:46:16.526622,2902,496,1044,620,240,280,1796,200,True,True,True,True,True,True,True,True,2902,496,1044,620,240,280,1796,200,0,0,0,0,0,0,0,0,WPT Ready,0,0,False,0,0,0,0,0,0,75%,50%,False,0x00,False,63%,0us,0.000V,0.000V,True,False,Charge Active,v01.23.7357,False,False,0x00,0x00,0x00,0x00,0x00,0x00,0x00,200,13,0,0,0,False,1.0V,0.030,1467mV,1,False,False,v01.20.7357
26-05-31 16:46:16.718760,2902,496,1044,620,240,280,1796,200,True,True,True,True,True,True,True,True,2902,496,1044,620,240,280,1796,200,0,0,0,0,0,0,0,0,WPT Ready,0,0,False,0,0,0,0,0,0,75%,50%,False,0x00,False,63%,0us,0.000V,0.000V,True,False,Charge Active,v01.23.7357,False,False,0x00,0x00,0x00,0x00,0x00,0x00,0x00,200,13,0,0,0,False,1.0V,0.030,1467mV,1,False,False,v01.20.7357
26-05-31 16:46:16.896202,2902,496,1044,620,240,280,1796,200,True,True,True,True,True,True,True,True,2902,496,1044,620,240,280,1796,200,0,0,0,0,0,0,0,0,WPT Ready,0,0,False,0,0,0,0,0,0,75%,50%,False,0x00,False,63%,0us,0.000V,0.000V,True,False,Charge Active,v01.23.7357,False,False,0x00,0x00,0x00,0x00,0x00,0x00,0x00,200,13,0,0,0,False,1.0V,0.030,1467mV,1,False,False,v01.20.7357
26-05-31 16:46:17.096277,2902,496,1044,620,240,280,1796,200,True,True,True,True,True,True,True,True,2902,496,1044,620,240,280,1796,200,0,0,0,0,0,0,0,0,WPT Ready,0,0,False,0,0,0,0,0,0,75%,50%,False,0x00,False,63%,0us,0.000V,0.000V,True,False,Charge Active,v01.23.7357,False,False,0x00,0x00,0x00,0x00,0x00,0x00,0x00,200,13,0,0,0,False,1.0V,0.030,1467mV,1,False,False,v01.20.7357
26-05-31 16:46:17.302673,2902,496,1044,620,240,280,1796,200,True,True,True,True,True,True,True,True,2902,496,1044,620,240,280,1796,200,0,0,0,0,0,0,0,0,WPT Ready,0,0,False,0,0,0,0,0,0,75%,50%,False,0x00,False,63%,0us,0.000V,0.000V,True,False,Charge Active,v01.23.7357,False,False,0x00,0x00,0x00,0x00,0x00,0x00,0x00,200,13,0,0,0,False,1.0V,0.030,1467mV,1,False,False,v01.20.7357
26-05-31 16:46:17.513510,2902,496,1044,620,240,280,1796,200,True,True,True,True,True,True,True,True,2902,496,1044,620,240,280,1796,200,0,0,0,0,0,0,0,0,WPT Ready,0,0,False,0,0,0,0,0,0,75%,50%,False,0x00,False,63%,0us,0.000V,0.000V,True,False,Charge Active,v01.23.7357,False,False,0x00,0x00,0x00,0x00,0x00,0x00,0x00,200,13,0,0,0,False,1.0V,0.030,1467mV,1,False,False,v01.20.7357
26-05-31 16:46:17.697462,2902,496,1044,620,240,280,1796,200,True,True,True,True,True,True,True,True,2902,496,1044,620,240,280,1796,200,0,0,0,0,0,0,0,0,WPT Ready,0,0,False,0,0,0,0,0,0,75%,50%,False,0x00,False,63%,0us,0.000V,0.000V,True,False,Charge Active,v01.23.7357,False,False,0x00,0x00,0x00,0x00,0x00,0x00,0x00,200,13,0,0,0,False,1.0V,0.030,1467mV,1,False,False,v01.20.7357
26-05-31 16:46:17.907856,2902,496,1044,620,240,280,1796,200,True,True,True,True,True,True,True,True,2902,496,1044,620,240,280,1796,200,0,0,0,0,0,0,0,0,WPT Ready,0,0,False,0,0,0,0,0,0,75%,50%,False,0x00,False,63%,0us,0.000V,0.000V,True,False,Charge Active,v01.23.7357,False,False,0x00,0x00,0x00,0x00,0x00,0x00,0x00,200,13,0,0,0,False,1.0V,0.030,1467mV,1,False,False,v01.20.7357
26-05-31 16:46:18.089816,2902,496,1044,620,240,280,1796,200,True,True,True,True,True,True,True,True,2902,496,1044,620,240,280,1796,200,0,0,0,0,0,0,0,0,WPT Ready,0,0,False,0,0,0,0,0,0,75%,50%,False,0x00,False,63%,0us,0.000V,0.000V,True,False,Charge Active,v01.23.7357,False,False,0x00,0x00,0x00,0x00,0x00,0x00,0x00,200,13,0,0,0,False,1.0V,0.030,1467mV,1,False,False,v01.20.7357
26-05-31 16:46:18.322096,2902,496,1044,620,240,280,1796,200,True,True,True,True,True,True,True,True,2902,496,1044,620,240,280,1796,200,0,0,0,0,0,0,0,0,WPT Ready,0,0,False,0,0,0,0,0,0,75%,50%,False,0x00,False,63%,0us,0.000V,0.000V,True,False,Charge Active,v01.23.7357,False,False,0x00,0x00,0x00,0x00,0x00,0x00,0x00,200,13,0,0,0,False,1.0V,0.030,1467mV,1,False,False,v01.20.7357
26-05-31 16:46:18.535673,2902,496,1044,620,240,280,1796,200,True,True,True,True,True,True,True,True,2902,496,1044,620,240,280,1796,200,0,0,0,0,0,0,0,0,WPT Ready,0,0,False,0,0,0,0,0,0,75%,50%,False,0x00,False,63%,0us,0.000V,0.000V,True,False,Charge Active,v01.23.7357,False,False,0x00,0x00,0x00,0x00,0x00,0x00,0x00,200,13,0,0,0,False,1.0V,0.030,1467mV,1,False,False,v01.20.7357
26-05-31 16:46:18.692681,2902,496,1044,620,240,280,1796,200,True,True,True,True,True,True,True,True,2902,496,1044,620,240,280,1796,200,0,0,0,0,0,0,0,0,WPT Ready,0,0,False,0,0,0,0,0,0,75%,50%,False,0x00,False,63%,0us,0.000V,0.000V,True,False,Charge Active,v01.23.7357,False,False,0x00,0x00,0x00,0x00,0x00,0x00,0x00,200,13,0,0,0,False,1.0V,0.030,1467mV,1,False,False,v01.20.7357
26-05-31 16:46:18.907125,2902,496,1044,620,240,280,1796,200,True,True,True,True,True,True,True,True,2902,496,1044,620,240,280,1796,200,0,0,0,0,0,0,0,0,WPT Ready,0,0,False,0,0,0,0,0,0,75%,50%,False,0x00,False,63%,0us,0.000V,0.000V,True,False,Charge Active,v01.23.7357,False,False,0x00,0x00,0x00,0x00,0x00,0x00,0x00,200,13,0,0,0,False,1.0V,0.030,1467mV,1,False,False,v01.20.7357
26-05-31 16:46:19.124769,2902,496,1044,620,240,280,1796,200,True,True,True,True,True,True,True,True,2902,496,1044,620,240,280,1796,200,0,0,0,0,0,0,0,0,WPT Ready,0,0,False,0,0,0,0,0,0,75%,50%,False,0x00,False,63%,0us,0.000V,0.000V,True,False,Charge Active,v01.23.7357,False,False,0x00,0x00,0x00,0x00,0x00,0x00,0x00,200,13,0,0,0,False,1.0V,0.030,1467mV,1,False,False,v01.20.7357
26-05-31 16:46:19.334486,2902,496,1044,620,240,280,1796,200,True,True,True,True,True,True,True,True,2902,496,1044,620,240,280,1796,200,0,0,0,0,0,0,0,0,WPT Ready,0,0,False,0,0,0,0,0,0,75%,50%,False,0x00,False,63%,0us,0.000V,0.000V,True,False,Charge Active,v01.23.7357,False,False,0x00,0x00,0x00,0x00,0x00,0x00,0x00,200,13,0,0,0,False,1.0V,0.030,1467mV,1,False,False,v01.20.7357
26-05-31 16:46:19.551899,2902,496,1044,620,240,280,1796,200,True,True,True,True,True,True,True,True,2902,496,1044,620,240,280,1796,200,0,0,0,0,0,0,0,0,WPT Ready,0,0,False,0,0,0,0,0,0,75%,50%,False,0x00,False,63%,0us,0.000V,0.000V,True,False,Charge Active,v01.23.7357,False,False,0x00,0x00,0x00,0x00,0x00,0x00,0x00,200,13,0,0,0,False,1.0V,0.030,1467mV,1,False,False,v01.20.7357
26-05-31 16:46:19.709313,2902,496,1044,620,240,280,1796,200,True,True,True,True,True,True,True,True,2902,496,1044,620,240,280,1796,200,0,0,0,0,0,0,0,0,WPT Ready,0,0,False,0,0,0,0,0,0,75%,50%,False,0x00,False,63%,0us,0.000V,0.000V,True,False,Charge Active,v01.23.7357,False,False,0x00,0x00,0x00,0x00,0x00,0x00,0x00,200,13,0,0,0,False,1.0V,0.030,1467mV,1,False,False,v01.20.7357
26-05-31 16:46:19.906305,2902,496,1044,620,240,280,1796,200,True,True,True,True,True,True,True,True,2902,496,1044,620,240,280,1796,200,0,0,0,0,0,0,0,0,WPT Ready,0,0,False,0,0,0,0,0,0,75%,50%,False,0x00,False,63%,0us,0.000V,0.000V,True,False,Charge Active,v01.23.7357,False,False,0x00,0x00,0x00,0x00,0x00,0x00,0x00,200,13,0,0,0,False,1.0V,0.030,1467mV,1,False,False,v01.20.7357
26-05-31 16:46:20.128344,2902,496,1044,620,240,280,1796,200,True,True,True,True,True,True,True,True,2902,496,1044,620,240,280,1796,200,0,0,0,0,0,0,0,0,WPT Ready,0,0,False,0,0,0,0,0,0,75%,50%,False,0x00,False,63%,0us,0.000V,0.000V,True,False,Charge Active,v01.23.7357,False,False,0x00,0x00,0x00,0x00,0x00,0x00,0x00,200,13,0,0,0,False,1.0V,0.030,1467mV,1,False,False,v01.20.7357
26-05-31 16:46:20.349322,2902,496,1044,620,240,280,1796,200,True,True,True,True,True,True,True,True,2902,496,1044,620,240,280,1796,200,0,0,0,0,0,0,0,0,WPT Ready,0,0,False,0,0,0,0,0,0,75%,50%,False,0x00,False,63%,0us,0.000V,0.000V,True,False,Charge Active,v01.23.7357,False,False,0x00,0x00,0x00,0x00,0x00,0x00,0x00,200,13,0,0,0,False,1.0V,0.030,1467mV,1,False,False,v01.20.7357
26-05-31 16:46:20.499246,2902,496,1044,620,240,280,1796,200,True,True,True,True,True,True,True,True,2902,496,1044,620,240,280,1796,200,0,0,0,0,0,0,0,0,WPT Ready,0,0,False,0,0,0,0,0,0,75%,50%,False,0x00,False,63%,0us,0.000V,0.000V,True,False,Charge Active,v01.23.7357,False,False,0x00,0x00,0x00,0x00,0x00,0x00,0x00,200,13,0,0,0,False,1.0V,0.030,1467mV,1,False,False,v01.20.7357
26-05-31 16:46:20.721244,2902,496,1044,620,240,280,1796,200,True,True,True,True,True,True,True,True,2902,496,1044,620,240,280,1796,200,0,0,0,0,0,0,0,0,WPT Ready,0,0,False,0,0,0,0,0,0,75%,50%,False,0x00,False,63%,0us,0.000V,0.000V,True,False,Charge Active,v01.23.7357,False,False,0x00,0x00,0x00,0x00,0x00,0x00,0x00,200,13,0,0,0,False,1.0V,0.030,1467mV,1,False,False,v01.20.7357
26-05-31 16:46:20.953420,2902,496,1044,620,240,280,1796,200,True,True,True,True,True,True,True,True,2902,496,1044,620,240,280,1796,200,0,0,0,0,0,0,0,0,WPT Ready,0,0,False,0,0,0,0,0,0,75%,50%,False,0x00,False,63%,0us,0.000V,0.000V,True,False,Charge Active,v01.23.7357,False,False,0x00,0x00,0x00,0x00,0x00,0x00,0x00,200,13,0,0,0,False,1.0V,0.030,1467mV,1,False,False,v01.20.7357
26-05-31 16:46:21.122315,2902,496,1044,620,240,280,1796,200,True,True,True,True,True,True,True,True,2902,496,1044,620,240,280,1796,200,0,0,0,0,0,0,0,0,WPT Ready,0,0,False,0,0,0,0,0,0,75%,50%,False,0x00,False,63%,0us,0.000V,0.000V,True,False,Charge Active,v01.23.7357,False,False,0x00,0x00,0x00,0x00,0x00,0x00,0x00,200,13,0,0,0,False,1.0V,0.030,1467mV,1,False,False,v01.20.7357
26-05-31 16:46:21.311485,2902,496,1044,620,240,280,1796,200,True,True,True,True,True,True,True,True,2902,496,1044,620,240,280,1796,200,0,0,0,0,0,0,0,0,WPT Ready,0,0,False,0,0,0,0,0,0,75%,50%,False,0x00,False,63%,0us,0.000V,0.000V,True,False,Charge Active,v01.23.7357,False,False,0x00,0x00,0x00,0x00,0x00,0x00,0x00,200,13,0,0,0,False,1.0V,0.030,1467mV,1,False,False,v01.20.7357
26-05-31 16:46:21.509852,2902,496,1044,620,240,280,1796,200,True,True,True,True,True,True,True,True,2902,496,1044,620,240,280,1796,200,0,0,0,0,0,0,0,0,WPT Ready,0,0,False,0,0,0,0,0,0,75%,50%,False,0x00,False,63%,0us,0.000V,0.000V,True,False,Charge Active,v01.23.7357,False,False,0x00,0x00,0x00,0x00,0x00,0x00,0x00,200,13,0,0,0,False,1.0V,0.030,1467mV,1,False,False,v01.20.7357
26-05-31 16:46:21.805434,2902,496,1044,620,240,280,1796,200,True,True,True,True,True,True,True,True,2902,496,1044,620,240,280,1796,200,0,0,0,0,0,0,0,0,WPT Ready,0,0,False,0,0,0,0,0,0,75%,50%,False,0x00,False,63%,0us,0.000V,0.000V,True,False,Charge Active,v01.23.7357,False,False,0x00,0x00,0x00,0x00,0x00,0x00,0x00,200,13,0,0,0,False,1.0V,0.030,1467mV,1,False,False,v01.20.7357
26-05-31 16:46:21.899893,2902,496,1044,620,240,280,1796,200,True,True,True,True,True,True,True,True,2902,496,1044,620,240,280,1796,200,0,0,0,0,0,0,0,0,WPT Ready,0,0,False,0,0,0,0,0,0,75%,50%,False,0x00,False,63%,0us,0.000V,0.000V,True,False,Charge Active,v01.23.7357,False,False,0x00,0x00,0x00,0x00,0x00,0x00,0x00,200,13,0,0,0,False,1.0V,0.030,1467mV,1,False,False,v01.20.7357
26-05-31 16:46:22.119791,2902,496,1044,620,240,280,1796,200,True,True,True,True,True,True,True,True,2902,496,1044,620,240,280,1796,200,0,0,0,0,0,0,0,0,WPT Ready,0,0,False,0,0,0,0,0,0,75%,50%,False,0x00,False,63%,0us,0.000V,0.000V,True,False,Charge Active,v01.23.7357,False,False,0x00,0x00,0x00,0x00,0x00,0x00,0x00,200,13,0,0,0,False,1.0V,0.030,1467mV,1,False,False,v01.20.7357
26-05-31 16:46:22.297541,2902,496,1044,620,240,280,1796,200,True,True,True,True,True,True,True,True,2902,496,1044,620,240,280,1796,200,0,0,0,0,0,0,0,0,WPT Ready,0,0,False,0,0,0,0,0,0,75%,50%,False,0x00,False,63%,0us,0.000V,0.000V,True,False,Charge Active,v01.23.7357,False,False,0x00,0x00,0x00,0x00,0x00,0x00,0x00,200,13,0,0,0,False,1.0V,0.030,1467mV,1,False,False,v01.20.7357
26-05-31 16:46:22.503724,2902,496,1044,620,240,280,1796,200,True,True,True,True,True,True,True,True,2902,496,1044,620,240,280,1796,200,0,0,0,0,0,0,0,0,WPT Ready,0,0,False,0,0,0,0,0,0,75%,50%,False,0x00,False,63%,0us,0.000V,0.000V,True,False,Charge Active,v01.23.7357,False,False,0x00,0x00,0x00,0x00,0x00,0x00,0x00,200,13,0,0,0,False,1.0V,0.030,1467mV,1,False,False,v01.20.7357
26-05-31 16:46:22.734972,2902,496,1044,620,240,280,1796,200,True,True,True,True,True,True,True,True,2902,496,1044,620,240,280,1796,200,0,0,0,0,0,0,0,0,WPT Ready,0,0,False,0,0,0,0,0,0,75%,50%,False,0x00,False,63%,0us,0.000V,0.000V,True,False,Charge Active,v01.23.7357,False,False,0x00,0x00,0x00,0x00,0x00,0x00,0x00,200,13,0,0,0,False,1.0V,0.030,1467mV,1,False,False,v01.20.7357
26-05-31 16:46:22.913095,2902,496,1044,620,240,280,1796,200,True,True,True,True,True,True,True,True,2902,496,1044,620,240,280,1796,200,0,0,0,0,0,0,0,0,WPT Ready,0,0,False,0,0,0,0,0,0,75%,50%,False,0x00,False,63%,0us,0.000V,0.000V,True,False,Charge Active,v01.23.7357,False,False,0x00,0x00,0x00,0x00,0x00,0x00,0x00,200,13,0,0,0,False,1.0V,0.030,1467mV,1,False,False,v01.20.7357
26-05-31 16:46:23.141923,2902,496,1044,620,240,280,1796,200,True,True,True,True,True,True,True,True,2902,496,1044,620,240,280,1796,200,0,0,0,0,0,0,0,0,WPT Ready,0,0,False,0,0,0,0,0,0,75%,50%,False,0x00,False,63%,0us,0.000V,0.000V,True,False,Charge Active,v01.23.7357,False,False,0x00,0x00,0x00,0x00,0x00,0x00,0x00,200,13,0,0,0,False,1.0V,0.030,1467mV,1,False,False,v01.20.7357
26-05-31 16:46:23.305541,2902,496,1044,620,240,280,1796,200,True,True,True,True,True,True,True,True,2902,496,1044,620,240,280,1796,200,0,0,0,0,0,0,0,0,WPT Ready,0,0,False,0,0,0,0,0,0,75%,50%,False,0x00,False,63%,0us,0.000V,0.000V,True,False,Charge Active,v01.23.7357,False,False,0x00,0x00,0x00,0x00,0x00,0x00,0x00,200,13,0,0,0,False,1.0V,0.030,1467mV,1,False,False,v01.20.7357
26-05-31 16:46:23.513999,2902,496,1044,620,240,280,1796,200,True,True,True,True,True,True,True,True,2902,496,1044,620,240,280,1796,200,0,0,0,0,0,0,0,0,WPT Ready,0,0,False,0,0,0,0,0,0,75%,50%,False,0x00,False,63%,0us,0.000V,0.000V,True,False,Charge Active,v01.23.7357,False,False,0x00,0x00,0x00,0x00,0x00,0x00,0x00,200,13,0,0,0,False,1.0V,0.030,1467mV,1,False,False,v01.20.7357
26-05-31 16:46:23.727927,2902,496,1044,620,240,280,1796,200,True,True,True,True,True,True,True,True,2902,496,1044,620,240,280,1796,200,0,0,0,0,0,0,0,0,WPT Ready,0,0,False,0,0,0,0,0,0,75%,50%,False,0x00,False,63%,0us,0.000V,0.000V,True,False,Charge Active,v01.23.7357,False,False,0x00,0x00,0x00,0x00,0x00,0x00,0x00,200,13,0,0,0,False,1.0V,0.030,1467mV,1,False,False,v01.20.7357
26-05-31 16:46:23.900348,2902,496,1044,620,240,280,1796,200,True,True,True,True,True,True,True,True,2902,496,1044,620,240,280,1796,200,0,0,0,0,0,0,0,0,WPT Ready,0,0,False,0,0,0,0,0,0,75%,50%,False,0x00,False,63%,0us,0.000V,0.000V,True,False,Charge Active,v01.23.7357,False,False,0x00,0x00,0x00,0x00,0x00,0x00,0x00,200,13,0,0,0,False,1.0V,0.030,1467mV,1,False,False,v01.20.7357
26-05-31 16:46:24.110033,2902,496,1044,620,240,280,1796,200,True,True,True,True,True,True,True,True,2902,496,1044,620,240,280,1796,200,0,0,0,0,0,0,0,0,WPT Ready,0,0,False,0,0,0,0,0,0,75%,50%,False,0x00,False,63%,0us,0.000V,0.000V,True,False,Charge Active,v01.23.7357,False,False,0x00,0x00,0x00,0x00,0x00,0x00,0x00,200,13,0,0,0,False,1.0V,0.030,1467mV,1,False,False,v01.20.7357
26-05-31 16:46:24.315929,2902,496,1044,620,240,280,1796,200,True,True,True,True,True,True,True,True,2902,496,1044,620,240,280,1796,200,0,0,0,0,0,0,0,0,WPT Ready,0,0,False,0,0,0,0,0,0,75%,50%,False,0x00,False,63%,0us,0.000V,0.000V,True,False,Charge Active,v01.23.7357,False,False,0x00,0x00,0x00,0x00,0x00,0x00,0x00,200,13,0,0,0,False,1.0V,0.030,1467mV,1,False,False,v01.20.7357
26-05-31 16:46:24.543439,2902,496,1044,620,240,280,1796,200,True,True,True,True,True,True,True,True,2902,496,1044,620,240,280,1796,200,0,0,0,0,0,0,0,0,WPT Ready,0,0,False,0,0,0,0,0,0,75%,50%,False,0x00,False,63%,0us,0.000V,0.000V,True,False,Charge Active,v01.23.7357,False,False,0x00,0x00,0x00,0x00,0x00,0x00,0x00,200,13,0,0,0,False,1.0V,0.030,1467mV,1,False,False,v01.20.7357
26-05-31 16:46:24.698972,2902,496,1044,620,240,280,1796,200,True,True,True,True,True,True,True,True,2902,496,1044,620,240,280,1796,200,0,0,0,0,0,0,0,0,WPT Ready,0,0,False,0,0,0,0,0,0,75%,50%,False,0x00,False,63%,0us,0.000V,0.000V,True,False,Charge Active,v01.23.7357,False,False,0x00,0x00,0x00,0x00,0x00,0x00,0x00,200,13,0,0,0,False,1.0V,0.030,1467mV,1,False,False,v01.20.7357
26-05-31 16:46:24.938376,2902,496,1044,620,240,280,1796,200,True,True,True,True,True,True,True,True,2902,496,1044,620,240,280,1796,200,0,0,0,0,0,0,0,0,WPT Ready,0,0,False,0,0,0,0,0,0,75%,50%,False,0x00,False,63%,0us,0.000V,0.000V,True,False,Charge Active,v01.23.7357,False,False,0x00,0x00,0x00,0x00,0x00,0x00,0x00,200,13,0,0,0,False,1.0V,0.030,1467mV,1,False,False,v01.20.7357
26-05-31 16:46:25.106885,2902,496,1044,620,240,280,1796,200,True,True,True,True,True,True,True,True,2902,496,1044,620,240,280,1796,200,0,0,0,0,0,0,0,0,WPT Ready,0,0,False,0,0,0,0,0,0,75%,50%,False,0x00,False,63%,0us,0.000V,0.000V,True,False,Charge Active,v01.23.7357,False,False,0x00,0x00,0x00,0x00,0x00,0x00,0x00,200,13,0,0,0,False,1.0V,0.030,1467mV,1,False,False,v01.20.7357
26-05-31 16:46:25.323637,2902,496,1044,620,240,280,1796,200,True,True,True,True,True,True,True,True,2902,496,1044,620,240,280,1796,200,0,0,0,0,0,0,0,0,WPT Ready,0,0,False,0,0,0,0,0,0,75%,50%,False,0x00,False,63%,0us,0.000V,0.000V,True,False,Charge Active,v01.23.7357,False,False,0x00,0x00,0x00,0x00,0x00,0x00,0x00,200,13,0,0,0,False,1.0V,0.030,1467mV,1,False,False,v01.20.7357
26-05-31 16:46:25.520190,2902,496,1044,620,240,280,1796,200,True,True,True,True,True,True,True,True,2902,496,1044,620,240,280,1796,200,0,0,0,0,0,0,0,0,WPT Ready,0,0,False,0,0,0,0,0,0,75%,50%,False,0x00,False,63%,0us,0.000V,0.000V,True,False,Charge Active,v01.23.7357,False,False,0x00,0x00,0x00,0x00,0x00,0x00,0x00,200,13,0,0,0,False,1.0V,0.030,1467mV,1,False,False,v01.20.7357
26-05-31 16:46:25.720329,2902,496,1044,620,240,280,1796,200,True,True,True,True,True,True,True,True,2902,496,1044,620,240,280,1796,200,0,0,0,0,0,0,0,0,WPT Ready,0,0,False,0,0,0,0,0,0,75%,50%,False,0x00,False,63%,0us,0.000V,0.000V,True,False,Charge Active,v01.23.7357,False,False,0x00,0x00,0x00,0x00,0x00,0x00,0x00,200,13,0,0,0,False,1.0V,0.030,1467mV,1,False,False,v01.20.7357
26-05-31 16:46:25.939853,2902,496,1044,620,240,280,1796,200,True,True,True,True,True,True,True,True,2902,496,1044,620,240,280,1796,200,0,0,0,0,0,0,0,0,WPT Ready,0,0,False,0,0,0,0,0,0,75%,50%,False,0x00,False,63%,0us,0.000V,0.000V,True,False,Charge Active,v01.23.7357,False,False,0x00,0x00,0x00,0x00,0x00,0x00,0x00,200,13,0,0,0,False,1.0V,0.030,1467mV,1,False,False,v01.20.7357
26-05-31 16:46:26.090028,2902,496,1044,620,240,280,1796,200,True,True,True,True,True,True,True,True,2902,496,1044,620,240,280,1796,200,0,0,0,0,0,0,0,0,WPT Ready,0,0,False,0,0,0,0,0,0,75%,50%,False,0x00,False,63%,0us,0.000V,0.000V,True,False,Charge Active,v01.23.7357,False,False,0x00,0x00,0x00,0x00,0x00,0x00,0x00,200,13,0,0,0,False,1.0V,0.030,1467mV,1,False,False,v01.20.7357
26-05-31 16:46:26.315218,2902,496,1044,620,240,280,1796,200,True,True,True,True,True,True,True,True,2902,496,1044,620,240,280,1796,200,0,0,0,0,0,0,0,0,WPT Ready,0,0,False,0,0,0,0,0,0,75%,50%,False,0x00,False,63%,0us,0.000V,0.000V,True,False,Charge Active,v01.23.7357,False,False,0x00,0x00,0x00,0x00,0x00,0x00,0x00,200,13,0,0,0,False,1.0V,0.030,1467mV,1,False,False,v01.20.7357
26-05-31 16:46:26.533505,2902,496,1044,620,240,280,1796,200,True,True,True,True,True,True,True,True,2902,496,1044,620,240,280,1796,200,0,0,0,0,0,0,0,0,WPT Ready,0,0,False,0,0,0,0,0,0,75%,50%,False,0x00,False,63%,0us,0.000V,0.000V,True,False,Charge Active,v01.23.7357,False,False,0x00,0x00,0x00,0x00,0x00,0x00,0x00,200,13,0,0,0,False,1.0V,0.030,1467mV,1,False,False,v01.20.7357
26-05-31 16:46:26.705898,2902,496,1044,620,240,280,1796,200,True,True,True,True,True,True,True,True,2902,496,1044,620,240,280,1796,200,0,0,0,0,0,0,0,0,WPT Ready,0,0,False,0,0,0,0,0,0,75%,50%,False,0x00,False,63%,0us,0.000V,0.000V,True,False,Charge Active,v01.23.7357,False,False,0x00,0x00,0x00,0x00,0x00,0x00,0x00,200,13,0,0,0,False,1.0V,0.030,1467mV,1,False,False,v01.20.7357
26-05-31 16:46:26.899050,2902,496,1044,620,240,280,1796,200,True,True,True,True,True,True,True,True,2902,496,1044,620,240,280,1796,200,0,0,0,0,0,0,0,0,WPT Ready,0,0,False,0,0,0,0,0,0,75%,50%,False,0x00,False,63%,0us,0.000V,0.000V,True,False,Charge Active,v01.23.7357,False,False,0x00,0x00,0x00,0x00,0x00,0x00,0x00,200,13,0,0,0,False,1.0V,0.030,1467mV,1,False,False,v01.20.7357
26-05-31 16:46:27.124152,2902,496,1044,620,240,280,1796,200,True,True,True,True,True,True,True,True,2902,496,1044,620,240,280,1796,200,0,0,0,0,0,0,0,0,WPT Ready,0,0,False,0,0,0,0,0,0,75%,50%,False,0x00,False,63%,0us,0.000V,0.000V,True,False,Charge Active,v01.23.7357,False,False,0x00,0x00,0x00,0x00,0x00,0x00,0x00,200,13,0,0,0,False,1.0V,0.030,1467mV,1,False,False,v01.20.7357
26-05-31 16:46:27.355266,2902,496,1044,620,240,280,1796,200,True,True,True,True,True,True,True,True,2902,496,1044,620,240,280,1796,200,0,0,0,0,0,0,0,0,WPT Ready,0,0,False,0,0,0,0,0,0,75%,50%,False,0x00,False,63%,0us,0.000V,0.000V,True,False,Charge Active,v01.23.7357,False,False,0x00,0x00,0x00,0x00,0x00,0x00,0x00,200,13,0,0,0,False,1.0V,0.030,1467mV,1,False,False,v01.20.7357
26-05-31 16:46:27.527529,2902,496,1044,620,240,280,1796,200,True,True,True,True,True,True,True,True,2902,496,1044,620,240,280,1796,200,0,0,0,0,0,0,0,0,WPT Ready,0,0,False,0,0,0,0,0,0,75%,50%,False,0x00,False,63%,0us,0.000V,0.000V,True,False,Charge Active,v01.23.7357,False,False,0x00,0x00,0x00,0x00,0x00,0x00,0x00,200,13,0,0,0,False,1.0V,0.030,1467mV,1,False,False,v01.20.7357
26-05-31 16:46:27.706290,2902,496,1044,620,240,280,1796,200,True,True,True,True,True,True,True,True,2902,496,1044,620,240,280,1796,200,0,0,0,0,0,0,0,0,WPT Ready,0,0,False,0,0,0,0,0,0,75%,50%,False,0x00,False,63%,0us,0.000V,0.000V,True,False,Charge Active,v01.23.7357,False,False,0x00,0x00,0x00,0x00,0x00,0x00,0x00,200,13,0,0,0,False,1.0V,0.030,1467mV,1,False,False,v01.20.7357
26-05-31 16:46:27.919522,2902,496,1044,620,240,280,1796,200,True,True,True,True,True,True,True,True,2902,496,1044,620,240,280,1796,200,0,0,0,0,0,0,0,0,WPT Ready,0,0,False,0,0,0,0,0,0,75%,50%,False,0x00,False,63%,0us,0.000V,0.000V,True,False,Charge Active,v01.23.7357,False,False,0x00,0x00,0x00,0x00,0x00,0x00,0x00,200,13,0,0,0,False,1.0V,0.030,1467mV,1,False,False,v01.20.7357
26-05-31 16:46:28.154552,2902,496,1044,620,240,280,1796,200,True,True,True,True,True,True,True,True,2902,496,1044,620,240,280,1796,200,0,0,0,0,0,0,0,0,WPT Ready,0,0,False,0,0,0,0,0,0,75%,50%,False,0x00,False,63%,0us,0.000V,0.000V,True,False,Charge Active,v01.23.7357,False,False,0x00,0x00,0x00,0x00,0x00,0x00,0x00,200,13,0,0,0,False,1.0V,0.030,1467mV,1,False,False,v01.20.7357
26-05-31 16:46:28.326089,2902,496,1044,620,240,280,1796,200,True,True,True,True,True,True,True,True,2902,496,1044,620,240,280,1796,200,0,0,0,0,0,0,0,0,WPT Ready,0,0,False,0,0,0,0,0,0,75%,50%,False,0x00,False,63%,0us,0.000V,0.000V,True,False,Charge Active,v01.23.7357,False,False,0x00,0x00,0x00,0x00,0x00,0x00,0x00,200,13,0,0,0,False,1.0V,0.030,1467mV,1,False,False,v01.20.7357
26-05-31 16:46:28.500712,2902,496,1044,620,240,280,1796,200,True,True,True,True,True,True,True,True,2902,496,1044,620,240,280,1796,200,0,0,0,0,0,0,0,0,WPT Ready,0,0,False,0,0,0,0,0,0,75%,50%,False,0x00,False,63%,0us,0.000V,0.000V,True,False,Charge Active,v01.23.7357,False,False,0x00,0x00,0x00,0x00,0x00,0x00,0x00,200,13,0,0,0,False,1.0V,0.030,1467mV,1,False,False,v01.20.7357
26-05-31 16:46:28.694995,2902,496,1044,620,240,280,1796,200,True,True,True,True,True,True,True,True,2902,496,1044,620,240,280,1796,200,0,0,0,0,0,0,0,0,WPT Ready,0,0,False,0,0,0,0,0,0,75%,50%,False,0x00,False,63%,0us,0.000V,0.000V,True,False,Charge Active,v01.23.7357,False,False,0x00,0x00,0x00,0x00,0x00,0x00,0x00,200,13,0,0,0,False,1.0V,0.030,1467mV,1,False,False,v01.20.7357
26-05-31 16:46:28.939778,2902,496,1044,620,240,280,1796,200,True,True,True,True,True,True,True,True,2902,496,1044,620,240,280,1796,200,0,0,0,0,0,0,0,0,WPT Ready,0,0,False,0,0,0,0,0,0,75%,50%,False,0x00,False,63%,0us,0.000V,0.000V,True,False,Charge Active,v01.23.7357,False,False,0x00,0x00,0x00,0x00,0x00,0x00,0x00,200,13,0,0,0,False,1.0V,0.030,1467mV,1,False,False,v01.20.7357
26-05-31 16:46:29.107916,2902,496,1044,620,240,280,1796,200,True,True,True,True,True,True,True,True,2902,496,1044,620,240,280,1796,200,0,0,0,0,0,0,0,0,WPT Ready,0,0,False,0,0,0,0,0,0,75%,50%,False,0x00,False,63%,0us,0.000V,0.000V,True,False,Charge Active,v01.23.7357,False,False,0x00,0x00,0x00,0x00,0x00,0x00,0x00,200,13,0,0,0,False,1.0V,0.030,1467mV,1,False,False,v01.20.7357
26-05-31 16:46:29.303736,2902,496,1044,620,240,280,1796,200,True,True,True,True,True,True,True,True,2902,496,1044,620,240,280,1796,200,0,0,0,0,0,0,0,0,WPT Ready,0,0,False,0,0,0,0,0,0,75%,50%,False,0x00,False,63%,0us,0.000V,0.000V,True,False,Charge Active,v01.23.7357,False,False,0x00,0x00,0x00,0x00,0x00,0x00,0x00,200,13,0,0,0,False,1.0V,0.030,1467mV,1,False,False,v01.20.7357
26-05-31 16:46:29.523783,2902,496,1044,620,240,280,1796,200,True,True,True,True,True,True,True,True,2902,496,1044,620,240,280,1796,200,0,0,0,0,0,0,0,0,WPT Ready,0,0,False,0,0,0,0,0,0,75%,50%,False,0x00,False,63%,0us,0.000V,0.000V,True,False,Charge Active,v01.23.7357,False,False,0x00,0x00,0x00,0x00,0x00,0x00,0x00,200,13,0,0,0,False,1.0V,0.030,1467mV,1,False,False,v01.20.7357
26-05-31 16:46:29.707620,2902,496,1044,620,240,280,1796,200,True,True,True,True,True,True,True,True,2902,496,1044,620,240,280,1796,200,0,0,0,0,0,0,0,0,WPT Ready,0,0,False,0,0,0,0,0,0,75%,50%,False,0x00,False,63%,0us,0.000V,0.000V,True,False,Charge Active,v01.23.7357,False,False,0x00,0x00,0x00,0x00,0x00,0x00,0x00,200,13,0,0,0,False,1.0V,0.030,1467mV,1,False,False,v01.20.7357
26-05-31 16:46:29.905290,2902,496,1044,620,240,280,1796,200,True,True,True,True,True,True,True,True,2902,496,1044,620,240,280,1796,200,0,0,0,0,0,0,0,0,WPT Ready,0,0,False,0,0,0,0,0,0,75%,50%,False,0x00,False,63%,0us,0.000V,0.000V,True,False,Charge Active,v01.23.7357,False,False,0x00,0x00,0x00,0x00,0x00,0x00,0x00,200,13,0,0,0,False,1.0V,0.030,1467mV,1,False,False,v01.20.7357
26-05-31 16:46:30.118889,2902,496,1044,620,240,280,1796,200,True,True,True,True,True,True,True,True,2902,496,1044,620,240,280,1796,200,0,0,0,0,0,0,0,0,WPT Ready,0,0,False,0,0,0,0,0,0,75%,50%,False,0x00,False,63%,0us,0.000V,0.000V,True,False,Charge Active,v01.23.7357,False,False,0x00,0x00,0x00,0x00,0x00,0x00,0x00,200,13,0,0,0,False,1.0V,0.030,1467mV,1,False,False,v01.20.7357
26-05-31 16:46:30.314730,2902,496,1044,620,240,280,1796,200,True,True,True,True,True,True,True,True,2902,496,1044,620,240,280,1796,200,0,0,0,0,0,0,0,0,WPT Ready,0,0,False,0,0,0,0,0,0,75%,50%,False,0x00,False,63%,0us,0.000V,0.000V,True,False,Charge Active,v01.23.7357,False,False,0x00,0x00,0x00,0x00,0x00,0x00,0x00,200,13,0,0,0,False,1.0V,0.030,1467mV,1,False,False,v01.20.7357
26-05-31 16:46:30.494421,2902,496,1044,620,240,280,1796,200,True,True,True,True,True,True,True,True,2902,496,1044,620,240,280,1796,200,0,0,0,0,0,0,0,0,WPT Ready,0,0,False,0,0,0,0,0,0,75%,50%,False,0x00,False,63%,0us,0.000V,0.000V,True,False,Charge Active,v01.23.7357,False,False,0x00,0x00,0x00,0x00,0x00,0x00,0x00,200,13,0,0,0,False,1.0V,0.030,1467mV,1,False,False,v01.20.7357
26-05-31 16:46:30.721464,2902,496,1044,620,240,280,1796,200,True,True,True,True,True,True,True,True,2902,496,1044,620,240,280,1796,200,0,0,0,0,0,0,0,0,WPT Ready,0,0,False,0,0,0,0,0,0,75%,50%,False,0x00,False,63%,0us,0.000V,0.000V,True,False,Charge Active,v01.23.7357,False,False,0x00,0x00,0x00,0x00,0x00,0x00,0x00,200,13,0,0,0,False,1.0V,0.030,1467mV,1,False,False,v01.20.7357
26-05-31 16:46:30.915625,2902,496,1044,620,240,280,1796,200,True,True,True,True,True,True,True,True,2902,496,1044,620,240,280,1796,200,0,0,0,0,0,0,0,0,WPT Ready,0,0,False,0,0,0,0,0,0,75%,50%,False,0x00,False,63%,0us,0.000V,0.000V,True,False,Charge Active,v01.23.7357,False,False,0x00,0x00,0x00,0x00,0x00,0x00,0x00,200,13,0,0,0,False,1.0V,0.030,1467mV,1,False,False,v01.20.7357
26-05-31 16:46:31.090197,2902,496,1044,620,240,280,1796,200,True,True,True,True,True,True,True,True,2902,496,1044,620,240,280,1796,200,0,0,0,0,0,0,0,0,WPT Ready,0,0,False,0,0,0,0,0,0,75%,50%,False,0x00,False,63%,0us,0.000V,0.000V,True,False,Charge Active,v01.23.7357,False,False,0x00,0x00,0x00,0x00,0x00,0x00,0x00,200,13,0,0,0,False,1.0V,0.030,1467mV,1,False,False,v01.20.7357
26-05-31 16:46:31.314514,2902,496,1044,620,240,280,1796,200,True,True,True,True,True,True,True,True,2902,496,1044,620,240,280,1796,200,0,0,0,0,0,0,0,0,WPT Ready,0,0,False,0,0,0,0,0,0,75%,50%,False,0x00,False,63%,0us,0.000V,0.000V,True,False,Charge Active,v01.23.7357,False,False,0x00,0x00,0x00,0x00,0x00,0x00,0x00,200,13,0,0,0,False,1.0V,0.030,1467mV,1,False,False,v01.20.7357
26-05-31 16:46:31.522706,2902,496,1044,620,240,280,1796,200,True,True,True,True,True,True,True,True,2902,496,1044,620,240,280,1796,200,0,0,0,0,0,0,0,0,WPT Ready,0,0,False,0,0,0,0,0,0,75%,50%,False,0x00,False,63%,0us,0.000V,0.000V,True,False,Charge Active,v01.23.7357,False,False,0x00,0x00,0x00,0x00,0x00,0x00,0x00,200,13,0,0,0,False,1.0V,0.030,1467mV,1,False,False,v01.20.7357
26-05-31 16:46:31.700744,2902,496,1044,620,240,280,1796,200,True,True,True,True,True,True,True,True,2902,496,1044,620,240,280,1796,200,0,0,0,0,0,0,0,0,WPT Ready,0,0,False,0,0,0,0,0,0,75%,50%,False,0x00,False,63%,0us,0.000V,0.000V,True,False,Charge Active,v01.23.7357,False,False,0x00,0x00,0x00,0x00,0x00,0x00,0x00,200,13,0,0,0,False,1.0V,0.030,1467mV,1,False,False,v01.20.7357
26-05-31 16:46:31.913301,2902,496,1044,620,240,280,1796,200,True,True,True,True,True,True,True,True,2902,496,1044,620,240,280,1796,200,0,0,0,0,0,0,0,0,WPT Ready,0,0,False,0,0,0,0,0,0,75%,50%,False,0x00,False,63%,0us,0.000V,0.000V,True,False,Charge Active,v01.23.7357,False,False,0x00,0x00,0x00,0x00,0x00,0x00,0x00,200,13,0,0,0,False,1.0V,0.030,1467mV,1,False,False,v01.20.7357
26-05-31 16:46:32.097329,2902,496,1044,620,240,280,1796,200,True,True,True,True,True,True,True,True,2902,496,1044,620,240,280,1796,200,0,0,0,0,0,0,0,0,WPT Ready,0,0,False,0,0,0,0,0,0,75%,50%,False,0x00,False,63%,0us,0.000V,0.000V,True,False,Charge Active,v01.23.7357,False,False,0x00,0x00,0x00,0x00,0x00,0x00,0x00,200,13,0,0,0,False,1.0V,0.030,1467mV,1,False,False,v01.20.7357
26-05-31 16:46:32.326401,2902,496,1044,620,240,280,1796,200,True,True,True,True,True,True,True,True,2902,496,1044,620,240,280,1796,200,0,0,0,0,0,0,0,0,WPT Ready,0,0,False,0,0,0,0,0,0,75%,50%,False,0x00,False,63%,0us,0.000V,0.000V,True,False,Charge Active,v01.23.7357,False,False,0x00,0x00,0x00,0x00,0x00,0x00,0x00,200,13,0,0,0,False,1.0V,0.030,1467mV,1,False,False,v01.20.7357
26-05-31 16:46:32.503896,2902,496,1044,620,240,280,1796,200,True,True,True,True,True,True,True,True,2902,496,1044,620,240,280,1796,200,0,0,0,0,0,0,0,0,WPT Ready,0,0,False,0,0,0,0,0,0,75%,50%,False,0x00,False,63%,0us,0.000V,0.000V,True,False,Charge Active,v01.23.7357,False,False,0x00,0x00,0x00,0x00,0x00,0x00,0x00,200,13,0,0,0,False,1.0V,0.030,1467mV,1,False,False,v01.20.7357
26-05-31 16:46:32.697852,2902,496,1044,620,240,280,1796,200,True,True,True,True,True,True,True,True,2902,496,1044,620,240,280,1796,200,0,0,0,0,0,0,0,0,WPT Ready,0,0,False,0,0,0,0,0,0,75%,50%,False,0x00,False,63%,0us,0.000V,0.000V,True,False,Charge Active,v01.23.7357,False,False,0x00,0x00,0x00,0x00,0x00,0x00,0x00,200,13,0,0,0,False,1.0V,0.030,1467mV,1,False,False,v01.20.7357
26-05-31 16:46:32.918824,2902,496,1044,620,240,280,1796,200,True,True,True,True,True,True,True,True,2902,496,1044,620,240,280,1796,200,0,0,0,0,0,0,0,0,WPT Ready,0,0,False,0,0,0,0,0,0,75%,50%,False,0x00,False,63%,0us,0.000V,0.000V,True,False,Charge Active,v01.23.7357,False,False,0x00,0x00,0x00,0x00,0x00,0x00,0x00,200,13,0,0,0,False,1.0V,0.030,1467mV,1,False,False,v01.20.7357
26-05-31 16:46:33.122427,2902,496,1044,620,240,280,1796,200,True,True,True,True,True,True,True,True,2902,496,1044,620,240,280,1796,200,0,0,0,0,0,0,0,0,WPT Ready,0,0,False,0,0,0,0,0,0,75%,50%,False,0x00,False,63%,0us,0.000V,0.000V,True,False,Charge Active,v01.23.7357,False,False,0x00,0x00,0x00,0x00,0x00,0x00,0x00,200,13,0,0,0,False,1.0V,0.030,1467mV,1,False,False,v01.20.7357
26-05-31 16:46:33.296430,2902,496,1044,620,240,280,1796,200,True,True,True,True,True,True,True,True,2902,496,1044,620,240,280,1796,200,0,0,0,0,0,0,0,0,WPT Ready,0,0,False,0,0,0,0,0,0,75%,50%,False,0x00,False,63%,0us,0.000V,0.000V,True,False,Charge Active,v01.23.7357,False,False,0x00,0x00,0x00,0x00,0x00,0x00,0x00,200,13,0,0,0,False,1.0V,0.030,1467mV,1,False,False,v01.20.7357
26-05-31 16:46:33.507592,2902,496,1044,620,240,280,1796,200,True,True,True,True,True,True,True,True,2902,496,1044,620,240,280,1796,200,0,0,0,0,0,0,0,0,WPT Ready,0,0,False,0,0,0,0,0,0,75%,50%,False,0x00,False,63%,0us,0.000V,0.000V,True,False,Charge Active,v01.23.7357,False,False,0x00,0x00,0x00,0x00,0x00,0x00,0x00,200,13,0,0,0,False,1.0V,0.030,1467mV,1,False,False,v01.20.7357
26-05-31 16:46:33.702847,2902,496,1044,620,240,280,1796,200,True,True,True,True,True,True,True,True,2902,496,1044,620,240,280,1796,200,0,0,0,0,0,0,0,0,WPT Ready,0,0,False,0,0,0,0,0,0,75%,50%,False,0x00,False,63%,0us,0.000V,0.000V,True,False,Charge Active,v01.23.7357,False,False,0x00,0x00,0x00,0x00,0x00,0x00,0x00,200,13,0,0,0,False,1.0V,0.030,1467mV,1,False,False,v01.20.7357
26-05-31 16:46:33.905096,2902,496,1044,620,240,280,1796,200,True,True,True,True,True,True,True,True,2902,496,1044,620,240,280,1796,200,0,0,0,0,0,0,0,0,WPT Ready,0,0,False,0,0,0,0,0,0,75%,50%,False,0x00,False,63%,0us,0.000V,0.000V,True,False,Charge Active,v01.23.7357,False,False,0x00,0x00,0x00,0x00,0x00,0x00,0x00,200,13,0,0,0,False,1.0V,0.030,1467mV,1,False,False,v01.20.7357
26-05-31 16:46:34.121260,2902,496,1044,620,240,280,1796,200,True,True,True,True,True,True,True,True,2902,496,1044,620,240,280,1796,200,0,0,0,0,0,0,0,0,WPT Ready,0,0,False,0,0,0,0,0,0,75%,50%,False,0x00,False,63%,0us,0.000V,0.000V,True,False,Charge Active,v01.23.7357,False,False,0x00,0x00,0x00,0x00,0x00,0x00,0x00,200,13,0,0,0,False,1.0V,0.030,1467mV,1,False,False,v01.20.7357
26-05-31 16:46:34.294025,2902,496,1044,620,240,280,1796,200,True,True,True,True,True,True,True,True,2902,496,1044,620,240,280,1796,200,0,0,0,0,0,0,0,0,WPT Ready,0,0,False,0,0,0,0,0,0,75%,50%,False,0x00,False,63%,0us,0.000V,0.000V,True,False,Charge Active,v01.23.7357,False,False,0x00,0x00,0x00,0x00,0x00,0x00,0x00,200,13,0,0,0,False,1.0V,0.030,1467mV,1,False,False,v01.20.7357
26-05-31 16:46:34.504711,2902,496,1044,620,240,280,1796,200,True,True,True,True,True,True,True,True,2902,496,1044,620,240,280,1796,200,0,0,0,0,0,0,0,0,WPT Ready,0,0,False,0,0,0,0,0,0,75%,50%,False,0x00,False,63%,0us,0.000V,0.000V,True,False,Charge Active,v01.23.7357,False,False,0x00,0x00,0x00,0x00,0x00,0x00,0x00,200,13,0,0,0,False,1.0V,0.030,1467mV,1,False,False,v01.20.7357
26-05-31 16:46:34.715448,2902,496,1044,620,240,280,1796,200,True,True,True,True,True,True,True,True,2902,496,1044,620,240,280,1796,200,0,0,0,0,0,0,0,0,WPT Ready,0,0,False,0,0,0,0,0,0,75%,50%,False,0x00,False,63%,0us,0.000V,0.000V,True,False,Charge Active,v01.23.7357,False,False,0x00,0x00,0x00,0x00,0x00,0x00,0x00,200,13,0,0,0,False,1.0V,0.030,1467mV,1,False,False,v01.20.7357
26-05-31 16:46:34.912800,2902,496,1044,620,240,280,1796,200,True,True,True,True,True,True,True,True,2902,496,1044,620,240,280,1796,200,0,0,0,0,0,0,0,0,WPT Ready,0,0,False,0,0,0,0,0,0,75%,50%,False,0x00,False,63%,0us,0.000V,0.000V,True,False,Charge Active,v01.23.7357,False,False,0x00,0x00,0x00,0x00,0x00,0x00,0x00,200,13,0,0,0,False,1.0V,0.030,1467mV,1,False,False,v01.20.7357
26-05-31 16:46:35.130184,2902,496,1044,620,240,280,1796,200,True,True,True,True,True,True,True,True,2902,496,1044,620,240,280,1796,200,0,0,0,0,0,0,0,0,WPT Ready,0,0,False,0,0,0,0,0,0,75%,50%,False,0x00,False,63%,0us,0.000V,0.000V,True,False,Charge Active,v01.23.7357,False,False,0x00,0x00,0x00,0x00,0x00,0x00,0x00,200,13,0,0,0,False,1.0V,0.030,1467mV,1,False,False,v01.20.7357
26-05-31 16:46:35.298401,2902,496,1044,620,240,280,1796,200,True,True,True,True,True,True,True,True,2902,496,1044,620,240,280,1796,200,0,0,0,0,0,0,0,0,WPT Ready,0,0,False,0,0,0,0,0,0,75%,50%,False,0x00,False,63%,0us,0.000V,0.000V,True,False,Charge Active,v01.23.7357,False,False,0x00,0x00,0x00,0x00,0x00,0x00,0x00,200,13,0,0,0,False,1.0V,0.030,1467mV,1,False,False,v01.20.7357
26-05-31 16:46:35.509398,2902,496,1044,620,240,280,1796,200,True,True,True,True,True,True,True,True,2902,496,1044,620,240,280,1796,200,0,0,0,0,0,0,0,0,WPT Ready,0,0,False,0,0,0,0,0,0,75%,50%,False,0x00,False,63%,0us,0.000V,0.000V,True,False,Charge Active,v01.23.7357,False,False,0x00,0x00,0x00,0x00,0x00,0x00,0x00,200,13,0,0,0,False,1.0V,0.030,1467mV,1,False,False,v01.20.7357
26-05-31 16:46:35.703170,2902,496,1044,620,240,280,1796,200,True,True,True,True,True,True,True,True,2902,496,1044,620,240,280,1796,200,0,0,0,0,0,0,0,0,WPT Ready,0,0,False,0,0,0,0,0,0,75%,50%,False,0x00,False,63%,0us,0.000V,0.000V,True,False,Charge Active,v01.23.7357,False,False,0x00,0x00,0x00,0x00,0x00,0x00,0x00,200,13,0,0,0,False,1.0V,0.030,1467mV,1,False,False,v01.20.7357
26-05-31 16:46:35.930011,2902,496,1044,620,240,280,1796,200,True,True,True,True,True,True,True,True,2902,496,1044,620,240,280,1796,200,0,0,0,0,0,0,0,0,WPT Ready,0,0,False,0,0,0,0,0,0,75%,50%,False,0x00,False,63%,0us,0.000V,0.000V,True,False,Charge Active,v01.23.7357,False,False,0x00,0x00,0x00,0x00,0x00,0x00,0x00,200,13,0,0,0,False,1.0V,0.030,1467mV,1,False,False,v01.20.7357
26-05-31 16:46:36.100173,2902,496,1044,620,240,280,1796,200,True,True,True,True,True,True,True,True,2902,496,1044,620,240,280,1796,200,0,0,0,0,0,0,0,0,WPT Ready,0,0,False,0,0,0,0,0,0,75%,50%,False,0x00,False,63%,0us,0.000V,0.000V,True,False,Charge Active,v01.23.7357,False,False,0x00,0x00,0x00,0x00,0x00,0x00,0x00,200,13,0,0,0,False,1.0V,0.030,1467mV,1,False,False,v01.20.7357
26-05-31 16:46:36.297827,2902,496,1044,620,240,280,1796,200,True,True,True,True,True,True,True,True,2902,496,1044,620,240,280,1796,200,0,0,0,0,0,0,0,0,WPT Ready,0,0,False,0,0,0,0,0,0,75%,50%,False,0x00,False,63%,0us,0.000V,0.000V,True,False,Charge Active,v01.23.7357,False,False,0x00,0x00,0x00,0x00,0x00,0x00,0x00,200,13,0,0,0,False,1.0V,0.030,1467mV,1,False,False,v01.20.7357
26-05-31 16:46:36.516209,2902,496,1044,620,240,280,1796,200,True,True,True,True,True,True,True,True,2902,496,1044,620,240,280,1796,200,0,0,0,0,0,0,0,0,WPT Ready,0,0,False,0,0,0,0,0,0,75%,50%,False,0x00,False,63%,0us,0.000V,0.000V,True,False,Charge Active,v01.23.7357,False,False,0x00,0x00,0x00,0x00,0x00,0x00,0x00,200,13,0,0,0,False,1.0V,0.030,1467mV,1,False,False,v01.20.7357
26-05-31 16:46:36.736362,2902,496,1044,620,240,280,1796,200,True,True,True,True,True,True,True,True,2902,496,1044,620,240,280,1796,200,0,0,0,0,0,0,0,0,WPT Ready,0,0,False,0,0,0,0,0,0,75%,50%,False,0x00,False,63%,0us,0.000V,0.000V,True,False,Charge Active,v01.23.7357,False,False,0x00,0x00,0x00,0x00,0x00,0x00,0x00,200,13,0,0,0,False,1.0V,0.030,1467mV,1,False,False,v01.20.7357
26-05-31 16:46:36.945875,2902,496,1044,620,240,280,1796,200,True,True,True,True,True,True,True,True,2902,496,1044,620,240,280,1796,200,0,0,0,0,0,0,0,0,WPT Ready,0,0,False,0,0,0,0,0,0,75%,50%,False,0x00,False,63%,0us,0.000V,0.000V,True,False,Charge Active,v01.23.7357,False,False,0x00,0x00,0x00,0x00,0x00,0x00,0x00,200,13,0,0,0,False,1.0V,0.030,1467mV,1,False,False,v01.20.7357
26-05-31 16:46:37.096794,2902,496,1044,620,240,280,1796,200,True,True,True,True,True,True,True,True,2902,496,1044,620,240,280,1796,200,0,0,0,0,0,0,0,0,WPT Ready,0,0,False,0,0,0,0,0,0,75%,50%,False,0x00,False,63%,0us,0.000V,0.000V,True,False,Charge Active,v01.23.7357,False,False,0x00,0x00,0x00,0x00,0x00,0x00,0x00,200,13,0,0,0,False,1.0V,0.030,1467mV,1,False,False,v01.20.7357
26-05-31 16:46:37.317565,2902,496,1044,620,240,280,1796,200,True,True,True,True,True,True,True,True,2902,496,1044,620,240,280,1796,200,0,0,0,0,0,0,0,0,WPT Ready,0,0,False,0,0,0,0,0,0,75%,50%,False,0x00,False,63%,0us,0.000V,0.000V,True,False,Charge Active,v01.23.7357,False,False,0x00,0x00,0x00,0x00,0x00,0x00,0x00,200,13,0,0,0,False,1.0V,0.030,1467mV,1,False,False,v01.20.7357
26-05-31 16:46:37.531929,2902,496,1044,620,240,280,1796,200,True,True,True,True,True,True,True,True,2902,496,1044,620,240,280,1796,200,0,0,0,0,0,0,0,0,WPT Ready,0,0,False,0,0,0,0,0,0,75%,50%,False,0x00,False,63%,0us,0.000V,0.000V,True,False,Charge Active,v01.23.7357,False,False,0x00,0x00,0x00,0x00,0x00,0x00,0x00,200,13,0,0,0,False,1.0V,0.030,1467mV,1,False,False,v01.20.7357
26-05-31 16:46:37.709343,2902,496,1044,620,240,280,1796,200,True,True,True,True,True,True,True,True,2902,496,1044,620,240,280,1796,200,0,0,0,0,0,0,0,0,WPT Ready,0,0,False,0,0,0,0,0,0,75%,50%,False,0x00,False,63%,0us,0.000V,0.000V,True,False,Charge Active,v01.23.7357,False,False,0x00,0x00,0x00,0x00,0x00,0x00,0x00,200,13,0,0,0,False,1.0V,0.030,1467mV,1,False,False,v01.20.7357
26-05-31 16:46:37.915282,2902,496,1044,620,240,280,1796,200,True,True,True,True,True,True,True,True,2902,496,1044,620,240,280,1796,200,0,0,0,0,0,0,0,0,WPT Ready,0,0,False,0,0,0,0,0,0,75%,50%,False,0x00,False,63%,0us,0.000V,0.000V,True,False,Charge Active,v01.23.7357,False,False,0x00,0x00,0x00,0x00,0x00,0x00,0x00,200,13,0,0,0,False,1.0V,0.030,1467mV,1,False,False,v01.20.7357
26-05-31 16:46:38.146278,2902,496,1044,620,240,280,1796,200,True,True,True,True,True,True,True,True,2902,496,1044,620,240,280,1796,200,0,0,0,0,0,0,0,0,WPT Ready,0,0,False,0,0,0,0,0,0,75%,50%,False,0x00,False,63%,0us,0.000V,0.000V,True,False,Charge Active,v01.23.7357,False,False,0x00,0x00,0x00,0x00,0x00,0x00,0x00,200,13,0,0,0,False,1.0V,0.030,1467mV,1,False,False,v01.20.7357
26-05-31 16:46:38.314412,2902,496,1044,620,240,280,1796,200,True,True,True,True,True,True,True,True,2902,496,1044,620,240,280,1796,200,0,0,0,0,0,0,0,0,WPT Ready,0,0,False,0,0,0,0,0,0,75%,50%,False,0x00,False,63%,0us,0.000V,0.000V,True,False,Charge Active,v01.23.7357,False,False,0x00,0x00,0x00,0x00,0x00,0x00,0x00,200,13,0,0,0,False,1.0V,0.030,1467mV,1,False,False,v01.20.7357
26-05-31 16:46:38.531235,2902,496,1044,620,240,280,1796,200,True,True,True,True,True,True,True,True,2902,496,1044,620,240,280,1796,200,0,0,0,0,0,0,0,0,WPT Ready,0,0,False,0,0,0,0,0,0,75%,50%,False,0x00,False,63%,0us,0.000V,0.000V,True,False,Charge Active,v01.23.7357,False,False,0x00,0x00,0x00,0x00,0x00,0x00,0x00,200,13,0,0,0,False,1.0V,0.030,1467mV,1,False,False,v01.20.7357
26-05-31 16:46:38.695045,2902,496,1044,620,240,280,1796,200,True,True,True,True,True,True,True,True,2902,496,1044,620,240,280,1796,200,0,0,0,0,0,0,0,0,WPT Ready,0,0,False,0,0,0,0,0,0,75%,50%,False,0x00,False,63%,0us,0.000V,0.000V,True,False,Charge Active,v01.23.7357,False,False,0x00,0x00,0x00,0x00,0x00,0x00,0x00,200,13,0,0,0,False,1.0V,0.030,1467mV,1,False,False,v01.20.7357
26-05-31 16:46:38.905978,2902,496,1044,620,240,280,1796,200,True,True,True,True,True,True,True,True,2902,496,1044,620,240,280,1796,200,0,0,0,0,0,0,0,0,WPT Ready,0,0,False,0,0,0,0,0,0,75%,50%,False,0x00,False,63%,0us,0.000V,0.000V,True,False,Charge Active,v01.23.7357,False,False,0x00,0x00,0x00,0x00,0x00,0x00,0x00,200,13,0,0,0,False,1.0V,0.030,1467mV,1,False,False,v01.20.7357
26-05-31 16:46:39.093873,2902,496,1044,620,240,280,1796,200,True,True,True,True,True,True,True,True,2902,496,1044,620,240,280,1796,200,0,0,0,0,0,0,0,0,WPT Ready,0,0,False,0,0,0,0,0,0,75%,50%,False,0x00,False,63%,0us,0.000V,0.000V,True,False,Charge Active,v01.23.7357,False,False,0x00,0x00,0x00,0x00,0x00,0x00,0x00,200,13,0,0,0,False,1.0V,0.030,1467mV,1,False,False,v01.20.7357
26-05-31 16:46:39.315622,2902,496,1044,620,240,280,1796,200,True,True,True,True,True,True,True,True,2902,496,1044,620,240,280,1796,200,0,0,0,0,0,0,0,0,WPT Ready,0,0,False,0,0,0,0,0,0,75%,50%,False,0x00,False,63%,0us,0.000V,0.000V,True,False,Charge Active,v01.23.7357,False,False,0x00,0x00,0x00,0x00,0x00,0x00,0x00,200,13,0,0,0,False,1.0V,0.030,1467mV,1,False,False,v01.20.7357
26-05-31 16:46:39.491393,2902,496,1044,620,240,280,1796,200,True,True,True,True,True,True,True,True,2902,496,1044,620,240,280,1796,200,0,0,0,0,0,0,0,0,WPT Ready,0,0,False,0,0,0,0,0,0,75%,50%,False,0x00,False,63%,0us,0.000V,0.000V,True,False,Charge Active,v01.23.7357,False,False,0x00,0x00,0x00,0x00,0x00,0x00,0x00,200,13,0,0,0,False,1.0V,0.030,1467mV,1,False,False,v01.20.7357
26-05-31 16:46:39.705755,2902,496,1044,620,240,280,1796,200,True,True,True,True,True,True,True,True,2902,496,1044,620,240,280,1796,200,0,0,0,0,0,0,0,0,WPT Ready,0,0,False,0,0,0,0,0,0,75%,50%,False,0x00,False,63%,0us,0.000V,0.000V,True,False,Charge Active,v01.23.7357,False,False,0x00,0x00,0x00,0x00,0x00,0x00,0x00,200,13,0,0,0,False,1.0V,0.030,1467mV,1,False,False,v01.20.7357
26-05-31 16:46:39.922295,2902,496,1044,620,240,280,1796,200,True,True,True,True,True,True,True,True,2902,496,1044,620,240,280,1796,200,0,0,0,0,0,0,0,0,WPT Ready,0,0,False,0,0,0,0,0,0,75%,50%,False,0x00,False,63%,0us,0.000V,0.000V,True,False,Charge Active,v01.23.7357,False,False,0x00,0x00,0x00,0x00,0x00,0x00,0x00,200,13,0,0,0,False,1.0V,0.030,1467mV,1,False,False,v01.20.7357
26-05-31 16:46:40.135102,2902,496,1044,620,240,280,1796,200,True,True,True,True,True,True,True,True,2902,496,1044,620,240,280,1796,200,0,0,0,0,0,0,0,0,WPT Ready,0,0,False,0,0,0,0,0,0,75%,50%,False,0x00,False,63%,0us,0.000V,0.000V,True,False,Charge Active,v01.23.7357,False,False,0x00,0x00,0x00,0x00,0x00,0x00,0x00,200,13,0,0,0,False,1.0V,0.030,1467mV,1,False,False,v01.20.7357
26-05-31 16:46:40.292453,2902,496,1044,620,240,280,1796,200,True,True,True,True,True,True,True,True,2902,496,1044,620,240,280,1796,200,0,0,0,0,0,0,0,0,WPT Ready,0,0,False,0,0,0,0,0,0,75%,50%,False,0x00,False,63%,0us,0.000V,0.000V,True,False,Charge Active,v01.23.7357,False,False,0x00,0x00,0x00,0x00,0x00,0x00,0x00,200,13,0,0,0,False,1.0V,0.030,1467mV,1,False,False,v01.20.7357
26-05-31 16:46:40.494939,2902,496,1044,620,240,280,1796,200,True,True,True,True,True,True,True,True,2902,496,1044,620,240,280,1796,200,0,0,0,0,0,0,0,0,WPT Ready,0,0,False,0,0,0,0,0,0,75%,50%,False,0x00,False,63%,0us,0.000V,0.000V,True,False,Charge Active,v01.23.7357,False,False,0x00,0x00,0x00,0x00,0x00,0x00,0x00,200,13,0,0,0,False,1.0V,0.030,1467mV,1,False,False,v01.20.7357
26-05-31 16:46:40.703466,2902,496,1044,620,240,280,1796,200,True,True,True,True,True,True,True,True,2902,496,1044,620,240,280,1796,200,0,0,0,0,0,0,0,0,WPT Ready,0,0,False,0,0,0,0,0,0,75%,50%,False,0x00,False,63%,0us,0.000V,0.000V,True,False,Charge Active,v01.23.7357,False,False,0x00,0x00,0x00,0x00,0x00,0x00,0x00,200,13,0,0,0,False,1.0V,0.030,1467mV,1,False,False,v01.20.7357
26-05-31 16:46:40.921808,2902,496,1044,620,240,280,1796,200,True,True,True,True,True,True,True,True,2902,496,1044,620,240,280,1796,200,0,0,0,0,0,0,0,0,WPT Ready,0,0,False,0,0,0,0,0,0,75%,50%,False,0x00,False,63%,0us,0.000V,0.000V,True,False,Charge Active,v01.23.7357,False,False,0x00,0x00,0x00,0x00,0x00,0x00,0x00,200,13,0,0,0,False,1.0V,0.030,1467mV,1,False,False,v01.20.7357
26-05-31 16:46:41.137538,2902,496,1044,620,240,280,1796,200,True,True,True,True,True,True,True,True,2902,496,1044,620,240,280,1796,200,0,0,0,0,0,0,0,0,WPT Ready,0,0,False,0,0,0,0,0,0,75%,50%,False,0x00,False,63%,0us,0.000V,0.000V,True,False,Charge Active,v01.23.7357,False,False,0x00,0x00,0x00,0x00,0x00,0x00,0x00,200,13,0,0,0,False,1.0V,0.030,1467mV,1,False,False,v01.20.7357
26-05-31 16:46:41.302639,2902,496,1044,620,240,280,1796,200,True,True,True,True,True,True,True,True,2902,496,1044,620,240,280,1796,200,0,0,0,0,0,0,0,0,WPT Ready,0,0,False,0,0,0,0,0,0,75%,50%,False,0x00,False,63%,0us,0.000V,0.000V,True,False,Charge Active,v01.23.7357,False,False,0x00,0x00,0x00,0x00,0x00,0x00,0x00,200,13,0,0,0,False,1.0V,0.030,1467mV,1,False,False,v01.20.7357
26-05-31 16:46:41.494143,2902,496,1044,620,240,280,1796,200,True,True,True,True,True,True,True,True,2902,496,1044,620,240,280,1796,200,0,0,0,0,0,0,0,0,WPT Ready,0,0,False,0,0,0,0,0,0,75%,50%,False,0x00,False,63%,0us,0.000V,0.000V,True,False,Charge Active,v01.23.7357,False,False,0x00,0x00,0x00,0x00,0x00,0x00,0x00,200,13,0,0,0,False,1.0V,0.030,1467mV,1,False,False,v01.20.7357
26-05-31 16:46:41.714677,2902,496,1044,620,240,280,1796,200,True,True,True,True,True,True,True,True,2902,496,1044,620,240,280,1796,200,0,0,0,0,0,0,0,0,WPT Ready,0,0,False,0,0,0,0,0,0,75%,50%,False,0x00,False,63%,0us,0.000V,0.000V,True,False,Charge Active,v01.23.7357,False,False,0x00,0x00,0x00,0x00,0x00,0x00,0x00,200,13,0,0,0,False,1.0V,0.030,1467mV,1,False,False,v01.20.7357
26-05-31 16:46:41.892848,2902,496,1044,620,240,280,1796,200,True,True,True,True,True,True,True,True,2902,496,1044,620,240,280,1796,200,0,0,0,0,0,0,0,0,WPT Ready,0,0,False,0,0,0,0,0,0,75%,50%,False,0x00,False,63%,0us,0.000V,0.000V,True,False,Charge Active,v01.23.7357,False,False,0x00,0x00,0x00,0x00,0x00,0x00,0x00,200,13,0,0,0,False,1.0V,0.030,1467mV,1,False,False,v01.20.7357
26-05-31 16:46:42.090174,2902,496,1044,620,240,280,1796,200,True,True,True,True,True,True,True,True,2902,496,1044,620,240,280,1796,200,0,0,0,0,0,0,0,0,WPT Ready,0,0,False,0,0,0,0,0,0,75%,50%,False,0x00,False,63%,0us,0.000V,0.000V,True,False,Charge Active,v01.23.7357,False,False,0x00,0x00,0x00,0x00,0x00,0x00,0x00,200,13,0,0,0,False,1.0V,0.030,1467mV,1,False,False,v01.20.7357
26-05-31 16:46:42.301443,2902,496,1044,620,240,280,1796,200,True,True,True,True,True,True,True,True,2902,496,1044,620,240,280,1796,200,0,0,0,0,0,0,0,0,WPT Ready,0,0,False,0,0,0,0,0,0,75%,50%,False,0x00,False,63%,0us,0.000V,0.000V,True,False,Charge Active,v01.23.7357,False,False,0x00,0x00,0x00,0x00,0x00,0x00,0x00,200,13,0,0,0,False,1.0V,0.030,1467mV,1,False,False,v01.20.7357
26-05-31 16:46:42.524402,2902,496,1044,620,240,280,1796,200,True,True,True,True,True,True,True,True,2902,496,1044,620,240,280,1796,200,0,0,0,0,0,0,0,0,WPT Ready,0,0,False,0,0,0,0,0,0,75%,50%,False,0x00,False,63%,0us,0.000V,0.000V,True,False,Charge Active,v01.23.7357,False,False,0x00,0x00,0x00,0x00,0x00,0x00,0x00,200,13,0,0,0,False,1.0V,0.030,1467mV,1,False,False,v01.20.7357
26-05-31 16:46:42.738903,2902,496,1044,620,240,280,1796,200,True,True,True,True,True,True,True,True,2902,496,1044,620,240,280,1796,200,0,0,0,0,0,0,0,0,WPT Ready,0,0,False,0,0,0,0,0,0,75%,50%,False,0x00,False,63%,0us,0.000V,0.000V,True,False,Charge Active,v01.23.7357,False,False,0x00,0x00,0x00,0x00,0x00,0x00,0x00,200,13,0,0,0,False,1.0V,0.030,1467mV,1,False,False,v01.20.7357
26-05-31 16:46:42.905702,2902,496,1044,620,240,280,1796,200,True,True,True,True,True,True,True,True,2902,496,1044,620,240,280,1796,200,0,0,0,0,0,0,0,0,WPT Ready,0,0,False,0,0,0,0,0,0,75%,50%,False,0x00,False,63%,0us,0.000V,0.000V,True,False,Charge Active,v01.23.7357,False,False,0x00,0x00,0x00,0x00,0x00,0x00,0x00,200,13,0,0,0,False,1.0V,0.030,1467mV,1,False,False,v01.20.7357
26-05-31 16:46:43.107340,2902,496,1044,620,240,280,1796,200,True,True,True,True,True,True,True,True,2902,496,1044,620,240,280,1796,200,0,0,0,0,0,0,0,0,WPT Ready,0,0,False,0,0,0,0,0,0,75%,50%,False,0x00,False,63%,0us,0.000V,0.000V,True,False,Charge Active,v01.23.7357,False,False,0x00,0x00,0x00,0x00,0x00,0x00,0x00,200,13,0,0,0,False,1.0V,0.030,1467mV,1,False,False,v01.20.7357
26-05-31 16:46:43.297032,2902,496,1044,620,240,280,1796,200,True,True,True,True,True,True,True,True,2902,496,1044,620,240,280,1796,200,0,0,0,0,0,0,0,0,WPT Ready,0,0,False,0,0,0,0,0,0,75%,50%,False,0x00,False,63%,0us,0.000V,0.000V,True,False,Charge Active,v01.23.7357,False,False,0x00,0x00,0x00,0x00,0x00,0x00,0x00,200,13,0,0,0,False,1.0V,0.030,1467mV,1,False,False,v01.20.7357
26-05-31 16:46:43.518365,2902,496,1044,620,240,280,1796,200,True,True,True,True,True,True,True,True,2902,496,1044,620,240,280,1796,200,0,0,0,0,0,0,0,0,WPT Ready,0,0,False,0,0,0,0,0,0,75%,50%,False,0x00,False,63%,0us,0.000V,0.000V,True,False,Charge Active,v01.23.7357,False,False,0x00,0x00,0x00,0x00,0x00,0x00,0x00,200,13,0,0,0,False,1.0V,0.030,1467mV,1,False,False,v01.20.7357
26-05-31 16:46:43.740208,2902,496,1044,620,240,280,1796,200,True,True,True,True,True,True,True,True,2902,496,1044,620,240,280,1796,200,0,0,0,0,0,0,0,0,WPT Ready,0,0,False,0,0,0,0,0,0,75%,50%,False,0x00,False,63%,0us,0.000V,0.000V,True,False,Charge Active,v01.23.7357,False,False,0x00,0x00,0x00,0x00,0x00,0x00,0x00,200,13,0,0,0,False,1.0V,0.030,1467mV,1,False,False,v01.20.7357
26-05-31 16:46:43.894138,2902,496,1044,620,240,280,1796,200,True,True,True,True,True,True,True,True,2902,496,1044,620,240,280,1796,200,0,0,0,0,0,0,0,0,WPT Ready,0,0,False,0,0,0,0,0,0,75%,50%,False,0x00,False,63%,0us,0.000V,0.000V,True,False,Charge Active,v01.23.7357,False,False,0x00,0x00,0x00,0x00,0x00,0x00,0x00,200,13,0,0,0,False,1.0V,0.030,1467mV,1,False,False,v01.20.7357
26-05-31 16:46:44.120631,2902,496,1044,620,240,280,1796,200,True,True,True,True,True,True,True,True,2902,496,1044,620,240,280,1796,200,0,0,0,0,0,0,0,0,WPT Ready,0,0,False,0,0,0,0,0,0,75%,50%,False,0x00,False,63%,0us,0.000V,0.000V,True,False,Charge Active,v01.23.7357,False,False,0x00,0x00,0x00,0x00,0x00,0x00,0x00,200,13,0,0,0,False,1.0V,0.030,1467mV,1,False,False,v01.20.7357
26-05-31 16:46:44.296532,2902,496,1044,620,240,280,1796,200,True,True,True,True,True,True,True,True,2902,496,1044,620,240,280,1796,200,0,0,0,0,0,0,0,0,WPT Ready,0,0,False,0,0,0,0,0,0,75%,50%,False,0x00,False,63%,0us,0.000V,0.000V,True,False,Charge Active,v01.23.7357,False,False,0x00,0x00,0x00,0x00,0x00,0x00,0x00,200,13,0,0,0,False,1.0V,0.030,1467mV,1,False,False,v01.20.7357
26-05-31 16:46:44.494583,2902,496,1044,620,240,280,1796,200,True,True,True,True,True,True,True,True,2902,496,1044,620,240,280,1796,200,0,0,0,0,0,0,0,0,WPT Ready,0,0,False,0,0,0,0,0,0,75%,50%,False,0x00,False,63%,0us,0.000V,0.000V,True,False,Charge Active,v01.23.7357,False,False,0x00,0x00,0x00,0x00,0x00,0x00,0x00,200,13,0,0,0,False,1.0V,0.030,1467mV,1,False,False,v01.20.7357
26-05-31 16:46:44.731615,2902,496,1044,620,240,280,1796,200,True,True,True,True,True,True,True,True,2902,496,1044,620,240,280,1796,200,0,0,0,0,0,0,0,0,WPT Ready,0,0,False,0,0,0,0,0,0,75%,50%,False,0x00,False,63%,0us,0.000V,0.000V,True,False,Charge Active,v01.23.7357,False,False,0x00,0x00,0x00,0x00,0x00,0x00,0x00,200,13,0,0,0,False,1.0V,0.030,1467mV,1,False,False,v01.20.7357
26-05-31 16:46:44.921705,2902,496,1044,620,240,280,1796,200,True,True,True,True,True,True,True,True,2902,496,1044,620,240,280,1796,200,0,0,0,0,0,0,0,0,WPT Ready,0,0,False,0,0,0,0,0,0,75%,50%,False,0x00,False,63%,0us,0.000V,0.000V,True,False,Charge Active,v01.23.7357,False,False,0x00,0x00,0x00,0x00,0x00,0x00,0x00,200,13,0,0,0,False,1.0V,0.030,1467mV,1,False,False,v01.20.7357
26-05-31 16:46:45.088884,2902,496,1044,620,240,280,1796,200,True,True,True,True,True,True,True,True,2902,496,1044,620,240,280,1796,200,0,0,0,0,0,0,0,0,WPT Ready,0,0,False,0,0,0,0,0,0,75%,50%,False,0x00,False,63%,0us,0.000V,0.000V,True,False,Charge Active,v01.23.7357,False,False,0x00,0x00,0x00,0x00,0x00,0x00,0x00,200,13,0,0,0,False,1.0V,0.030,1467mV,1,False,False,v01.20.7357
26-05-31 16:46:45.307362,2902,496,1044,620,240,280,1796,200,True,True,True,True,True,True,True,True,2902,496,1044,620,240,280,1796,200,0,0,0,0,0,0,0,0,WPT Ready,0,0,False,0,0,0,0,0,0,75%,50%,False,0x00,False,63%,0us,0.000V,0.000V,True,False,Charge Active,v01.23.7357,False,False,0x00,0x00,0x00,0x00,0x00,0x00,0x00,200,13,0,0,0,False,1.0V,0.030,1467mV,1,False,False,v01.20.7357
26-05-31 16:46:45.523216,2902,496,1044,620,240,280,1796,200,True,True,True,True,True,True,True,True,2902,496,1044,620,240,280,1796,200,0,0,0,0,0,0,0,0,WPT Ready,0,0,False,0,0,0,0,0,0,75%,50%,False,0x00,False,63%,0us,0.000V,0.000V,True,False,Charge Active,v01.23.7357,False,False,0x00,0x00,0x00,0x00,0x00,0x00,0x00,200,13,0,0,0,False,1.0V,0.030,1467mV,1,False,False,v01.20.7357
26-05-31 16:46:45.703018,2902,496,1044,620,240,280,1796,200,True,True,True,True,True,True,True,True,2902,496,1044,620,240,280,1796,200,0,0,0,0,0,0,0,0,WPT Ready,0,0,False,0,0,0,0,0,0,75%,50%,False,0x00,False,63%,0us,0.000V,0.000V,True,False,Charge Active,v01.23.7357,False,False,0x00,0x00,0x00,0x00,0x00,0x00,0x00,200,13,0,0,0,False,1.0V,0.030,1467mV,1,False,False,v01.20.7357
26-05-31 16:46:45.925810,2902,496,1044,620,240,280,1796,200,True,True,True,True,True,True,True,True,2902,496,1044,620,240,280,1796,200,0,0,0,0,0,0,0,0,WPT Ready,0,0,False,0,0,0,0,0,0,75%,50%,False,0x00,False,63%,0us,0.000V,0.000V,True,False,Charge Active,v01.23.7357,False,False,0x00,0x00,0x00,0x00,0x00,0x00,0x00,200,13,0,0,0,False,1.0V,0.030,1467mV,1,False,False,v01.20.7357
26-05-31 16:46:46.127007,2902,496,1044,620,240,280,1796,200,True,True,True,True,True,True,True,True,2902,496,1044,620,240,280,1796,200,0,0,0,0,0,0,0,0,WPT Ready,0,0,False,0,0,0,0,0,0,75%,50%,False,0x00,False,63%,0us,0.000V,0.000V,True,False,Charge Active,v01.23.7357,False,False,0x00,0x00,0x00,0x00,0x00,0x00,0x00,200,13,0,0,0,False,1.0V,0.030,1467mV,1,False,False,v01.20.7357
26-05-31 16:46:46.292477,2902,496,1044,620,240,280,1796,200,True,True,True,True,True,True,True,True,2902,496,1044,620,240,280,1796,200,0,0,0,0,0,0,0,0,WPT Ready,0,0,False,0,0,0,0,0,0,75%,50%,False,0x00,False,63%,0us,0.000V,0.000V,True,False,Charge Active,v01.23.7357,False,False,0x00,0x00,0x00,0x00,0x00,0x00,0x00,200,13,0,0,0,False,1.0V,0.030,1467mV,1,False,False,v01.20.7357
26-05-31 16:46:46.532687,2902,496,1044,620,240,280,1796,200,True,True,True,True,True,True,True,True,2902,496,1044,620,240,280,1796,200,0,0,0,0,0,0,0,0,WPT Ready,0,0,False,0,0,0,0,0,0,75%,50%,False,0x00,False,63%,0us,0.000V,0.000V,True,False,Charge Active,v01.23.7357,False,False,0x00,0x00,0x00,0x00,0x00,0x00,0x00,200,13,0,0,0,False,1.0V,0.030,1467mV,1,False,False,v01.20.7357
26-05-31 16:46:46.689371,2902,496,1044,620,240,280,1796,200,True,True,True,True,True,True,True,True,2902,496,1044,620,240,280,1796,200,0,0,0,0,0,0,0,0,WPT Ready,0,0,False,0,0,0,0,0,0,75%,50%,False,0x00,False,63%,0us,0.000V,0.000V,True,False,Charge Active,v01.23.7357,False,False,0x00,0x00,0x00,0x00,0x00,0x00,0x00,200,13,0,0,0,False,1.0V,0.030,1467mV,1,False,False,v01.20.7357
26-05-31 16:46:46.935121,2902,496,1044,620,240,280,1796,200,True,True,True,True,True,True,True,True,2902,496,1044,620,240,280,1796,200,0,0,0,0,0,0,0,0,WPT Ready,0,0,False,0,0,0,0,0,0,75%,50%,False,0x00,False,63%,0us,0.000V,0.000V,True,False,Charge Active,v01.23.7357,False,False,0x00,0x00,0x00,0x00,0x00,0x00,0x00,200,13,0,0,0,False,1.0V,0.030,1467mV,1,False,False,v01.20.7357
26-05-31 16:46:47.089911,2902,496,1044,620,240,280,1796,200,True,True,True,True,True,True,True,True,2902,496,1044,620,240,280,1796,200,0,0,0,0,0,0,0,0,WPT Ready,0,0,False,0,0,0,0,0,0,75%,50%,False,0x00,False,63%,0us,0.000V,0.000V,True,False,Charge Active,v01.23.7357,False,False,0x00,0x00,0x00,0x00,0x00,0x00,0x00,200,13,0,0,0,False,1.0V,0.030,1467mV,1,False,False,v01.20.7357
26-05-31 16:46:47.312448,2902,496,1044,620,240,280,1796,200,True,True,True,True,True,True,True,True,2902,496,1044,620,240,280,1796,200,0,0,0,0,0,0,0,0,WPT Ready,0,0,False,0,0,0,0,0,0,75%,50%,False,0x00,False,63%,0us,0.000V,0.000V,True,False,Charge Active,v01.23.7357,False,False,0x00,0x00,0x00,0x00,0x00,0x00,0x00,200,13,0,0,0,False,1.0V,0.030,1467mV,1,False,False,v01.20.7357
26-05-31 16:46:47.533762,2902,496,1044,620,240,280,1796,200,True,True,True,True,True,True,True,True,2902,496,1044,620,240,280,1796,200,0,0,0,0,0,0,0,0,WPT Ready,0,0,False,0,0,0,0,0,0,75%,50%,False,0x00,False,63%,0us,0.000V,0.000V,True,False,Charge Active,v01.23.7357,False,False,0x00,0x00,0x00,0x00,0x00,0x00,0x00,200,13,0,0,0,False,1.0V,0.030,1467mV,1,False,False,v01.20.7357
26-05-31 16:46:47.688699,2902,496,1044,620,240,280,1796,200,True,True,True,True,True,True,True,True,2902,496,1044,620,240,280,1796,200,0,0,0,0,0,0,0,0,WPT Ready,0,0,False,0,0,0,0,0,0,75%,50%,False,0x00,False,63%,0us,0.000V,0.000V,True,False,Charge Active,v01.23.7357,False,False,0x00,0x00,0x00,0x00,0x00,0x00,0x00,200,13,0,0,0,False,1.0V,0.030,1467mV,1,False,False,v01.20.7357
26-05-31 16:46:47.900581,2902,496,1044,620,240,280,1796,200,True,True,True,True,True,True,True,True,2902,496,1044,620,240,280,1796,200,0,0,0,0,0,0,0,0,WPT Ready,0,0,False,0,0,0,0,0,0,75%,50%,False,0x00,False,63%,0us,0.000V,0.000V,True,False,Charge Active,v01.23.7357,False,False,0x00,0x00,0x00,0x00,0x00,0x00,0x00,200,13,0,0,0,False,1.0V,0.030,1467mV,1,False,False,v01.20.7357
26-05-31 16:46:48.107718,2902,496,1044,620,240,280,1796,200,True,True,True,True,True,True,True,True,2902,496,1044,620,240,280,1796,200,0,0,0,0,0,0,0,0,WPT Ready,0,0,False,0,0,0,0,0,0,75%,50%,False,0x00,False,63%,0us,0.000V,0.000V,True,False,Charge Active,v01.23.7357,False,False,0x00,0x00,0x00,0x00,0x00,0x00,0x00,200,13,0,0,0,False,1.0V,0.030,1467mV,1,False,False,v01.20.7357
26-05-31 16:46:48.318772,2902,496,1044,620,240,280,1796,200,True,True,True,True,True,True,True,True,2902,496,1044,620,240,280,1796,200,0,0,0,0,0,0,0,0,WPT Ready,0,0,False,0,0,0,0,0,0,75%,50%,False,0x00,False,63%,0us,0.000V,0.000V,True,False,Charge Active,v01.23.7357,False,False,0x00,0x00,0x00,0x00,0x00,0x00,0x00,200,13,0,0,0,False,1.0V,0.030,1467mV,1,False,False,v01.20.7357
26-05-31 16:46:48.541306,2902,496,1044,620,240,280,1796,200,True,True,True,True,True,True,True,True,2902,496,1044,620,240,280,1796,200,0,0,0,0,0,0,0,0,WPT Ready,0,0,False,0,0,0,0,0,0,75%,50%,False,0x00,False,63%,0us,0.000V,0.000V,True,False,Charge Active,v01.23.7357,False,False,0x00,0x00,0x00,0x00,0x00,0x00,0x00,200,13,0,0,0,False,1.0V,0.030,1467mV,1,False,False,v01.20.7357
26-05-31 16:46:48.706519,2902,496,1044,620,240,280,1796,200,True,True,True,True,True,True,True,True,2902,496,1044,620,240,280,1796,200,0,0,0,0,0,0,0,0,WPT Ready,0,0,False,0,0,0,0,0,0,75%,50%,False,0x00,False,63%,0us,0.000V,0.000V,True,False,Charge Active,v01.23.7357,False,False,0x00,0x00,0x00,0x00,0x00,0x00,0x00,200,13,0,0,0,False,1.0V,0.030,1467mV,1,False,False,v01.20.7357
26-05-31 16:46:48.898438,2902,496,1044,620,240,280,1796,200,True,True,True,True,True,True,True,True,2902,496,1044,620,240,280,1796,200,0,0,0,0,0,0,0,0,WPT Ready,0,0,False,0,0,0,0,0,0,75%,50%,False,0x00,False,63%,0us,0.000V,0.000V,True,False,Charge Active,v01.23.7357,False,False,0x00,0x00,0x00,0x00,0x00,0x00,0x00,200,13,0,0,0,False,1.0V,0.030,1467mV,1,False,False,v01.20.7357
26-05-31 16:46:49.127448,2902,496,1044,620,240,280,1796,200,True,True,True,True,True,True,True,True,2902,496,1044,620,240,280,1796,200,0,0,0,0,0,0,0,0,WPT Ready,0,0,False,0,0,0,0,0,0,75%,50%,False,0x00,False,63%,0us,0.000V,0.000V,True,False,Charge Active,v01.23.7357,False,False,0x00,0x00,0x00,0x00,0x00,0x00,0x00,200,13,0,0,0,False,1.0V,0.030,1467mV,1,False,False,v01.20.7357
26-05-31 16:46:49.296694,2902,496,1044,620,240,280,1796,200,True,True,True,True,True,True,True,True,2902,496,1044,620,240,280,1796,200,0,0,0,0,0,0,0,0,WPT Ready,0,0,False,0,0,0,0,0,0,75%,50%,False,0x00,False,63%,0us,0.000V,0.000V,True,False,Charge Active,v01.23.7357,False,False,0x00,0x00,0x00,0x00,0x00,0x00,0x00,200,13,0,0,0,False,1.0V,0.030,1467mV,1,False,False,v01.20.7357
26-05-31 16:46:49.501502,2902,496,1044,620,240,280,1796,200,True,True,True,True,True,True,True,True,2902,496,1044,620,240,280,1796,200,0,0,0,0,0,0,0,0,WPT Ready,0,0,False,0,0,0,0,0,0,75%,50%,False,0x00,False,63%,0us,0.000V,0.000V,True,False,Charge Active,v01.23.7357,False,False,0x00,0x00,0x00,0x00,0x00,0x00,0x00,200,13,0,0,0,False,1.0V,0.030,1467mV,1,False,False,v01.20.7357
26-05-31 16:46:49.702280,2902,496,1044,620,240,280,1796,200,True,True,True,True,True,True,True,True,2902,496,1044,620,240,280,1796,200,0,0,0,0,0,0,0,0,WPT Ready,0,0,False,0,0,0,0,0,0,75%,50%,False,0x00,False,63%,0us,0.000V,0.000V,True,False,Charge Active,v01.23.7357,False,False,0x00,0x00,0x00,0x00,0x00,0x00,0x00,200,13,0,0,0,False,1.0V,0.030,1467mV,1,False,False,v01.20.7357
26-05-31 16:46:49.918889,2902,496,1044,620,240,280,1796,200,True,True,True,True,True,True,True,True,2902,496,1044,620,240,280,1796,200,0,0,0,0,0,0,0,0,WPT Ready,0,0,False,0,0,0,0,0,0,75%,50%,False,0x00,False,63%,0us,0.000V,0.000V,True,False,Charge Active,v01.23.7357,False,False,0x00,0x00,0x00,0x00,0x00,0x00,0x00,200,13,0,0,0,False,1.0V,0.030,1467mV,1,False,False,v01.20.7357
26-05-31 16:46:50.095232,2902,496,1044,620,240,280,1796,200,True,True,True,True,True,True,True,True,2902,496,1044,620,240,280,1796,200,0,0,0,0,0,0,0,0,WPT Ready,0,0,False,0,0,0,0,0,0,75%,50%,False,0x00,False,63%,0us,0.000V,0.000V,True,False,Charge Active,v01.23.7357,False,False,0x00,0x00,0x00,0x00,0x00,0x00,0x00,200,13,0,0,0,False,1.0V,0.030,1467mV,1,False,False,v01.20.7357
26-05-31 16:46:50.289298,2902,496,1044,620,240,280,1796,200,True,True,True,True,True,True,True,True,2902,496,1044,620,240,280,1796,200,0,0,0,0,0,0,0,0,WPT Ready,0,0,False,0,0,0,0,0,0,75%,50%,False,0x00,False,63%,0us,0.000V,0.000V,True,False,Charge Active,v01.23.7357,False,False,0x00,0x00,0x00,0x00,0x00,0x00,0x00,200,13,0,0,0,False,1.0V,0.030,1467mV,1,False,False,v01.20.7357
26-05-31 16:46:50.521218,2902,496,1044,620,240,280,1796,200,True,True,True,True,True,True,True,True,2902,496,1044,620,240,280,1796,200,0,0,0,0,0,0,0,0,WPT Ready,0,0,False,0,0,0,0,0,0,75%,50%,False,0x00,False,63%,0us,0.000V,0.000V,True,False,Charge Active,v01.23.7357,False,False,0x00,0x00,0x00,0x00,0x00,0x00,0x00,200,13,0,0,0,False,1.0V,0.030,1467mV,1,False,False,v01.20.7357
26-05-31 16:46:50.725393,2902,496,1044,620,240,280,1796,200,True,True,True,True,True,True,True,True,2902,496,1044,620,240,280,1796,200,0,0,0,0,0,0,0,0,WPT Ready,0,0,False,0,0,0,0,0,0,75%,50%,False,0x00,False,63%,0us,0.000V,0.000V,True,False,Charge Active,v01.23.7357,False,False,0x00,0x00,0x00,0x00,0x00,0x00,0x00,200,13,0,0,0,False,1.0V,0.030,1467mV,1,False,False,v01.20.7357
26-05-31 16:46:50.936019,2902,496,1044,620,240,280,1796,200,True,True,True,True,True,True,True,True,2902,496,1044,620,240,280,1796,200,0,0,0,0,0,0,0,0,WPT Ready,0,0,False,0,0,0,0,0,0,75%,50%,False,0x00,False,63%,0us,0.000V,0.000V,True,False,Charge Active,v01.23.7357,False,False,0x00,0x00,0x00,0x00,0x00,0x00,0x00,200,13,0,0,0,False,1.0V,0.030,1467mV,1,False,False,v01.20.7357
26-05-31 16:46:51.097258,2902,496,1044,620,240,280,1796,200,True,True,True,True,True,True,True,True,2902,496,1044,620,240,280,1796,200,0,0,0,0,0,0,0,0,WPT Ready,0,0,False,0,0,0,0,0,0,75%,50%,False,0x00,False,63%,0us,0.000V,0.000V,True,False,Charge Active,v01.23.7357,False,False,0x00,0x00,0x00,0x00,0x00,0x00,0x00,200,13,0,0,0,False,1.0V,0.030,1467mV,1,False,False,v01.20.7357
26-05-31 16:46:51.299140,2902,496,1044,620,240,280,1796,200,True,True,True,True,True,True,True,True,2902,496,1044,620,240,280,1796,200,0,0,0,0,0,0,0,0,WPT Ready,0,0,False,0,0,0,0,0,0,75%,50%,False,0x00,False,63%,0us,0.000V,0.000V,True,False,Charge Active,v01.23.7357,False,False,0x00,0x00,0x00,0x00,0x00,0x00,0x00,200,13,0,0,0,False,1.0V,0.030,1467mV,1,False,False,v01.20.7357
26-05-31 16:46:51.521341,2902,496,1044,620,240,280,1796,200,True,True,True,True,True,True,True,True,2902,496,1044,620,240,280,1796,200,0,0,0,0,0,0,0,0,WPT Ready,0,0,False,0,0,0,0,0,0,75%,50%,False,0x00,False,63%,0us,0.000V,0.000V,True,False,Charge Active,v01.23.7357,False,False,0x00,0x00,0x00,0x00,0x00,0x00,0x00,200,13,0,0,0,False,1.0V,0.030,1467mV,1,False,False,v01.20.7357
26-05-31 16:46:51.699519,2902,496,1044,620,240,280,1796,200,True,True,True,True,True,True,True,True,2902,496,1044,620,240,280,1796,200,0,0,0,0,0,0,0,0,WPT Ready,0,0,False,0,0,0,0,0,0,75%,50%,False,0x00,False,63%,0us,0.000V,0.000V,True,False,Charge Active,v01.23.7357,False,False,0x00,0x00,0x00,0x00,0x00,0x00,0x00,200,13,0,0,0,False,1.0V,0.030,1467mV,1,False,False,v01.20.7357
26-05-31 16:46:51.896202,2902,496,1044,620,240,280,1796,200,True,True,True,True,True,True,True,True,2902,496,1044,620,240,280,1796,200,0,0,0,0,0,0,0,0,WPT Ready,0,0,False,0,0,0,0,0,0,75%,50%,False,0x00,False,63%,0us,0.000V,0.000V,True,False,Charge Active,v01.23.7357,False,False,0x00,0x00,0x00,0x00,0x00,0x00,0x00,200,13,0,0,0,False,1.0V,0.030,1467mV,1,False,False,v01.20.7357
26-05-31 16:46:52.136176,2902,496,1044,620,240,280,1796,200,True,True,True,True,True,True,True,True,2902,496,1044,620,240,280,1796,200,0,0,0,0,0,0,0,0,WPT Ready,0,0,False,0,0,0,0,0,0,75%,50%,False,0x00,False,63%,0us,0.000V,0.000V,True,False,Charge Active,v01.23.7357,False,False,0x00,0x00,0x00,0x00,0x00,0x00,0x00,200,13,0,0,0,False,1.0V,0.030,1467mV,1,False,False,v01.20.7357
26-05-31 16:46:52.332476,2902,496,1044,620,240,280,1796,200,True,True,True,True,True,True,True,True,2902,496,1044,620,240,280,1796,200,0,0,0,0,0,0,0,0,WPT Ready,0,0,False,0,0,0,0,0,0,75%,50%,False,0x00,False,63%,0us,0.000V,0.000V,True,False,Charge Active,v01.23.7357,False,False,0x00,0x00,0x00,0x00,0x00,0x00,0x00,200,13,0,0,0,False,1.0V,0.030,1467mV,1,False,False,v01.20.7357
26-05-31 16:46:52.507541,2902,496,1044,620,240,280,1796,200,True,True,True,True,True,True,True,True,2902,496,1044,620,240,280,1796,200,0,0,0,0,0,0,0,0,WPT Ready,0,0,False,0,0,0,0,0,0,75%,50%,False,0x00,False,63%,0us,0.000V,0.000V,True,False,Charge Active,v01.23.7357,False,False,0x00,0x00,0x00,0x00,0x00,0x00,0x00,200,13,0,0,0,False,1.0V,0.030,1467mV,1,False,False,v01.20.7357
26-05-31 16:46:52.710266,2902,496,1044,620,240,280,1796,200,True,True,True,True,True,True,True,True,2902,496,1044,620,240,280,1796,200,0,0,0,0,0,0,0,0,WPT Ready,0,0,False,0,0,0,0,0,0,75%,50%,False,0x00,False,63%,0us,0.000V,0.000V,True,False,Charge Active,v01.23.7357,False,False,0x00,0x00,0x00,0x00,0x00,0x00,0x00,200,13,0,0,0,False,1.0V,0.030,1467mV,1,False,False,v01.20.7357
26-05-31 16:46:52.905555,2902,496,1044,620,240,280,1796,200,True,True,True,True,True,True,True,True,2902,496,1044,620,240,280,1796,200,0,0,0,0,0,0,0,0,WPT Ready,0,0,False,0,0,0,0,0,0,75%,50%,False,0x00,False,63%,0us,0.000V,0.000V,True,False,Charge Active,v01.23.7357,False,False,0x00,0x00,0x00,0x00,0x00,0x00,0x00,200,13,0,0,0,False,1.0V,0.030,1467mV,1,False,False,v01.20.7357
26-05-31 16:46:53.137033,2902,496,1044,620,240,280,1796,200,True,True,True,True,True,True,True,True,2902,496,1044,620,240,280,1796,200,0,0,0,0,0,0,0,0,WPT Ready,0,0,False,0,0,0,0,0,0,75%,50%,False,0x00,False,63%,0us,0.000V,0.000V,True,False,Charge Active,v01.23.7357,False,False,0x00,0x00,0x00,0x00,0x00,0x00,0x00,200,13,0,0,0,False,1.0V,0.030,1467mV,1,False,False,v01.20.7357
26-05-31 16:46:53.298419,2902,496,1044,620,240,280,1796,200,True,True,True,True,True,True,True,True,2902,496,1044,620,240,280,1796,200,0,0,0,0,0,0,0,0,WPT Ready,0,0,False,0,0,0,0,0,0,75%,50%,False,0x00,False,63%,0us,0.000V,0.000V,True,False,Charge Active,v01.23.7357,False,False,0x00,0x00,0x00,0x00,0x00,0x00,0x00,200,13,0,0,0,False,1.0V,0.030,1467mV,1,False,False,v01.20.7357
26-05-31 16:46:53.524442,2902,496,1044,620,240,280,1796,200,True,True,True,True,True,True,True,True,2902,496,1044,620,240,280,1796,200,0,0,0,0,0,0,0,0,WPT Ready,0,0,False,0,0,0,0,0,0,75%,50%,False,0x00,False,63%,0us,0.000V,0.000V,True,False,Charge Active,v01.23.7357,False,False,0x00,0x00,0x00,0x00,0x00,0x00,0x00,200,13,0,0,0,False,1.0V,0.030,1467mV,1,False,False,v01.20.7357
26-05-31 16:46:53.692749,2902,496,1044,620,240,280,1796,200,True,True,True,True,True,True,True,True,2902,496,1044,620,240,280,1796,200,0,0,0,0,0,0,0,0,WPT Ready,0,0,False,0,0,0,0,0,0,75%,50%,False,0x00,False,63%,0us,0.000V,0.000V,True,False,Charge Active,v01.23.7357,False,False,0x00,0x00,0x00,0x00,0x00,0x00,0x00,200,13,0,0,0,False,1.0V,0.030,1467mV,1,False,False,v01.20.7357
26-05-31 16:46:53.893961,2902,496,1044,620,240,280,1796,200,True,True,True,True,True,True,True,True,2902,496,1044,620,240,280,1796,200,0,0,0,0,0,0,0,0,WPT Ready,0,0,False,0,0,0,0,0,0,75%,50%,False,0x00,False,63%,0us,0.000V,0.000V,True,False,Charge Active,v01.23.7357,False,False,0x00,0x00,0x00,0x00,0x00,0x00,0x00,200,13,0,0,0,False,1.0V,0.030,1467mV,1,False,False,v01.20.7357
26-05-31 16:46:54.099562,2902,496,1044,620,240,280,1796,200,True,True,True,True,True,True,True,True,2902,496,1044,620,240,280,1796,200,0,0,0,0,0,0,0,0,WPT Ready,0,0,False,0,0,0,0,0,0,75%,50%,False,0x00,False,63%,0us,0.000V,0.000V,True,False,Charge Active,v01.23.7357,False,False,0x00,0x00,0x00,0x00,0x00,0x00,0x00,200,13,0,0,0,False,1.0V,0.030,1467mV,1,False,False,v01.20.7357
26-05-31 16:46:54.289964,2902,496,1044,620,240,280,1796,200,True,True,True,True,True,True,True,True,2902,496,1044,620,240,280,1796,200,0,0,0,0,0,0,0,0,WPT Ready,0,0,False,0,0,0,0,0,0,75%,50%,False,0x00,False,63%,0us,0.000V,0.000V,True,False,Charge Active,v01.23.7357,False,False,0x00,0x00,0x00,0x00,0x00,0x00,0x00,200,13,0,0,0,False,1.0V,0.030,1467mV,1,False,False,v01.20.7357
26-05-31 16:46:54.507091,2902,496,1044,620,240,280,1796,200,True,True,True,True,True,True,True,True,2902,496,1044,620,240,280,1796,200,0,0,0,0,0,0,0,0,WPT Ready,0,0,False,0,0,0,0,0,0,75%,50%,False,0x00,False,63%,0us,0.000V,0.000V,True,False,Charge Active,v01.23.7357,False,False,0x00,0x00,0x00,0x00,0x00,0x00,0x00,200,13,0,0,0,False,1.0V,0.030,1467mV,1,False,False,v01.20.7357
26-05-31 16:46:54.747606,2902,496,1044,620,240,280,1796,200,True,True,True,True,True,True,True,True,2902,496,1044,620,240,280,1796,200,0,0,0,0,0,0,0,0,WPT Ready,0,0,False,0,0,0,0,0,0,75%,50%,False,0x00,False,63%,0us,0.000V,0.000V,True,False,Charge Active,v01.23.7357,False,False,0x00,0x00,0x00,0x00,0x00,0x00,0x00,200,13,0,0,0,False,1.0V,0.030,1467mV,1,False,False,v01.20.7357
26-05-31 16:46:54.940442,2902,496,1044,620,240,280,1796,200,True,True,True,True,True,True,True,True,2902,496,1044,620,240,280,1796,200,0,0,0,0,0,0,0,0,WPT Ready,0,0,False,0,0,0,0,0,0,75%,50%,False,0x00,False,63%,0us,0.000V,0.000V,True,False,Charge Active,v01.23.7357,False,False,0x00,0x00,0x00,0x00,0x00,0x00,0x00,200,13,0,0,0,False,1.0V,0.030,1467mV,1,False,False,v01.20.7357
26-05-31 16:46:55.097557,2902,496,1044,620,240,280,1796,200,True,True,True,True,True,True,True,True,2902,496,1044,620,240,280,1796,200,0,0,0,0,0,0,0,0,WPT Ready,0,0,False,0,0,0,0,0,0,75%,50%,False,0x00,False,63%,0us,0.000V,0.000V,True,False,Charge Active,v01.23.7357,False,False,0x00,0x00,0x00,0x00,0x00,0x00,0x00,200,13,0,0,0,False,1.0V,0.030,1467mV,1,False,False,v01.20.7357
26-05-31 16:46:55.297814,2902,496,1044,620,240,280,1796,200,True,True,True,True,True,True,True,True,2902,496,1044,620,240,280,1796,200,0,0,0,0,0,0,0,0,WPT Ready,0,0,False,0,0,0,0,0,0,75%,50%,False,0x00,False,63%,0us,0.000V,0.000V,True,False,Charge Active,v01.23.7357,False,False,0x00,0x00,0x00,0x00,0x00,0x00,0x00,200,13,0,0,0,False,1.0V,0.030,1467mV,1,False,False,v01.20.7357
26-05-31 16:46:55.510695,2902,496,1044,620,240,280,1796,200,True,True,True,True,True,True,True,True,2902,496,1044,620,240,280,1796,200,0,0,0,0,0,0,0,0,WPT Ready,0,0,False,0,0,0,0,0,0,75%,50%,False,0x00,False,63%,0us,0.000V,0.000V,True,False,Charge Active,v01.23.7357,False,False,0x00,0x00,0x00,0x00,0x00,0x00,0x00,200,13,0,0,0,False,1.0V,0.030,1467mV,1,False,False,v01.20.7357
26-05-31 16:46:55.708499,2902,496,1044,620,240,280,1796,200,True,True,True,True,True,True,True,True,2902,496,1044,620,240,280,1796,200,0,0,0,0,0,0,0,0,WPT Ready,0,0,False,0,0,0,0,0,0,75%,50%,False,0x00,False,63%,0us,0.000V,0.000V,True,False,Charge Active,v01.23.7357,False,False,0x00,0x00,0x00,0x00,0x00,0x00,0x00,200,13,0,0,0,False,1.0V,0.030,1467mV,1,False,False,v01.20.7357
26-05-31 16:46:55.903024,2902,496,1044,620,240,280,1796,200,True,True,True,True,True,True,True,True,2902,496,1044,620,240,280,1796,200,0,0,0,0,0,0,0,0,WPT Ready,0,0,False,0,0,0,0,0,0,75%,50%,False,0x00,False,63%,0us,0.000V,0.000V,True,False,Charge Active,v01.23.7357,False,False,0x00,0x00,0x00,0x00,0x00,0x00,0x00,200,13,0,0,0,False,1.0V,0.030,1467mV,1,False,False,v01.20.7357
26-05-31 16:46:56.092369,2902,496,1044,620,240,280,1796,200,True,True,True,True,True,True,True,True,2902,496,1044,620,240,280,1796,200,0,0,0,0,0,0,0,0,WPT Ready,0,0,False,0,0,0,0,0,0,75%,50%,False,0x00,False,63%,0us,0.000V,0.000V,True,False,Charge Active,v01.23.7357,False,False,0x00,0x00,0x00,0x00,0x00,0x00,0x00,200,13,0,0,0,False,1.0V,0.030,1467mV,1,False,False,v01.20.7357
26-05-31 16:46:56.312827,2902,496,1044,620,240,280,1796,200,True,True,True,True,True,True,True,True,2902,496,1044,620,240,280,1796,200,0,0,0,0,0,0,0,0,WPT Ready,0,0,False,0,0,0,0,0,0,75%,50%,False,0x00,False,63%,0us,0.000V,0.000V,True,False,Charge Active,v01.23.7357,False,False,0x00,0x00,0x00,0x00,0x00,0x00,0x00,200,13,0,0,0,False,1.0V,0.030,1467mV,1,False,False,v01.20.7357
26-05-31 16:46:56.503291,2902,496,1044,620,240,280,1796,200,True,True,True,True,True,True,True,True,2902,496,1044,620,240,280,1796,200,0,0,0,0,0,0,0,0,WPT Ready,0,0,False,0,0,0,0,0,0,75%,50%,False,0x00,False,63%,0us,0.000V,0.000V,True,False,Charge Active,v01.23.7357,False,False,0x00,0x00,0x00,0x00,0x00,0x00,0x00,200,13,0,0,0,False,1.0V,0.030,1467mV,1,False,False,v01.20.7357
26-05-31 16:46:56.722595,2902,496,1044,620,240,280,1796,200,True,True,True,True,True,True,True,True,2902,496,1044,620,240,280,1796,200,0,0,0,0,0,0,0,0,WPT Ready,0,0,False,0,0,0,0,0,0,75%,50%,False,0x00,False,63%,0us,0.000V,0.000V,True,False,Charge Active,v01.23.7357,False,False,0x00,0x00,0x00,0x00,0x00,0x00,0x00,200,13,0,0,0,False,1.0V,0.030,1467mV,1,False,False,v01.20.7357
26-05-31 16:46:56.935441,2902,496,1044,620,240,280,1796,200,True,True,True,True,True,True,True,True,2902,496,1044,620,240,280,1796,200,0,0,0,0,0,0,0,0,WPT Ready,0,0,False,0,0,0,0,0,0,75%,50%,False,0x00,False,63%,0us,0.000V,0.000V,True,False,Charge Active,v01.23.7357,False,False,0x00,0x00,0x00,0x00,0x00,0x00,0x00,200,13,0,0,0,False,1.0V,0.030,1467mV,1,False,False,v01.20.7357
26-05-31 16:46:57.090288,2902,496,1044,620,240,280,1796,200,True,True,True,True,True,True,True,True,2902,496,1044,620,240,280,1796,200,0,0,0,0,0,0,0,0,WPT Ready,0,0,False,0,0,0,0,0,0,75%,50%,False,0x00,False,63%,0us,0.000V,0.000V,True,False,Charge Active,v01.23.7357,False,False,0x00,0x00,0x00,0x00,0x00,0x00,0x00,200,13,0,0,0,False,1.0V,0.030,1467mV,1,False,False,v01.20.7357
26-05-31 16:46:57.309602,2902,496,1044,620,240,280,1796,200,True,True,True,True,True,True,True,True,2902,496,1044,620,240,280,1796,200,0,0,0,0,0,0,0,0,WPT Ready,0,0,False,0,0,0,0,0,0,75%,50%,False,0x00,False,63%,0us,0.000V,0.000V,True,False,Charge Active,v01.23.7357,False,False,0x00,0x00,0x00,0x00,0x00,0x00,0x00,200,13,0,0,0,False,1.0V,0.030,1467mV,1,False,False,v01.20.7357
26-05-31 16:46:57.532444,2902,496,1044,620,240,280,1796,200,True,True,True,True,True,True,True,True,2902,496,1044,620,240,280,1796,200,0,0,0,0,0,0,0,0,WPT Ready,0,0,False,0,0,0,0,0,0,75%,50%,False,0x00,False,63%,0us,0.000V,0.000V,True,False,Charge Active,v01.23.7357,False,False,0x00,0x00,0x00,0x00,0x00,0x00,0x00,200,13,0,0,0,False,1.0V,0.030,1467mV,1,False,False,v01.20.7357
26-05-31 16:46:57.700978,2902,496,1044,620,240,280,1796,200,True,True,True,True,True,True,True,True,2902,496,1044,620,240,280,1796,200,0,0,0,0,0,0,0,0,WPT Ready,0,0,False,0,0,0,0,0,0,75%,50%,False,0x00,False,63%,0us,0.000V,0.000V,True,False,Charge Active,v01.23.7357,False,False,0x00,0x00,0x00,0x00,0x00,0x00,0x00,200,13,0,0,0,False,1.0V,0.030,1467mV,1,False,False,v01.20.7357
26-05-31 16:46:57.897091,2902,496,1044,620,240,280,1796,200,True,True,True,True,True,True,True,True,2902,496,1044,620,240,280,1796,200,0,0,0,0,0,0,0,0,WPT Ready,0,0,False,0,0,0,0,0,0,75%,50%,False,0x00,False,63%,0us,0.000V,0.000V,True,False,Charge Active,v01.23.7357,False,False,0x00,0x00,0x00,0x00,0x00,0x00,0x00,200,13,0,0,0,False,1.0V,0.030,1467mV,1,False,False,v01.20.7357
26-05-31 16:46:58.122826,2902,496,1044,620,240,280,1796,200,True,True,True,True,True,True,True,True,2902,496,1044,620,240,280,1796,200,0,0,0,0,0,0,0,0,WPT Ready,0,0,False,0,0,0,0,0,0,75%,50%,False,0x00,False,63%,0us,0.000V,0.000V,True,False,Charge Active,v01.23.7357,False,False,0x00,0x00,0x00,0x00,0x00,0x00,0x00,200,13,0,0,0,False,1.0V,0.030,1467mV,1,False,False,v01.20.7357
26-05-31 16:46:58.339192,2902,496,1044,620,240,280,1796,200,True,True,True,True,True,True,True,True,2902,496,1044,620,240,280,1796,200,0,0,0,0,0,0,0,0,WPT Ready,0,0,False,0,0,0,0,0,0,75%,50%,False,0x00,False,63%,0us,0.000V,0.000V,True,False,Charge Active,v01.23.7357,False,False,0x00,0x00,0x00,0x00,0x00,0x00,0x00,200,13,0,0,0,False,1.0V,0.030,1467mV,1,False,False,v01.20.7357
26-05-31 16:46:58.548999,2902,496,1044,620,240,280,1796,200,True,True,True,True,True,True,True,True,2902,496,1044,620,240,280,1796,200,0,0,0,0,0,0,0,0,WPT Ready,0,0,False,0,0,0,0,0,0,75%,50%,False,0x00,False,63%,0us,0.000V,0.000V,True,False,Charge Active,v01.23.7357,False,False,0x00,0x00,0x00,0x00,0x00,0x00,0x00,200,13,0,0,0,False,1.0V,0.030,1467mV,1,False,False,v01.20.7357
26-05-31 16:46:58.689971,2902,496,1044,620,240,280,1796,200,True,True,True,True,True,True,True,True,2902,496,1044,620,240,280,1796,200,0,0,0,0,0,0,0,0,WPT Ready,0,0,False,0,0,0,0,0,0,75%,50%,False,0x00,False,63%,0us,0.000V,0.000V,True,False,Charge Active,v01.23.7357,False,False,0x00,0x00,0x00,0x00,0x00,0x00,0x00,200,13,0,0,0,False,1.0V,0.030,1467mV,1,False,False,v01.20.7357
26-05-31 16:46:58.919159,2902,496,1044,620,240,280,1796,200,True,True,True,True,True,True,True,True,2902,496,1044,620,240,280,1796,200,0,0,0,0,0,0,0,0,WPT Ready,0,0,False,0,0,0,0,0,0,75%,50%,False,0x00,False,63%,0us,0.000V,0.000V,True,False,Charge Active,v01.23.7357,False,False,0x00,0x00,0x00,0x00,0x00,0x00,0x00,200,13,0,0,0,False,1.0V,0.030,1467mV,1,False,False,v01.20.7357
26-05-31 16:46:59.139770,2902,496,1044,620,240,280,1796,200,True,True,True,True,True,True,True,True,2902,496,1044,620,240,280,1796,200,0,0,0,0,0,0,0,0,WPT Ready,0,0,False,0,0,0,0,0,0,75%,50%,False,0x00,False,63%,0us,0.000V,0.000V,True,False,Charge Active,v01.23.7357,False,False,0x00,0x00,0x00,0x00,0x00,0x00,0x00,200,13,0,0,0,False,1.0V,0.030,1467mV,1,False,False,v01.20.7357
26-05-31 16:46:59.299354,2902,496,1044,620,240,280,1796,200,True,True,True,True,True,True,True,True,2902,496,1044,620,240,280,1796,200,0,0,0,0,0,0,0,0,WPT Ready,0,0,False,0,0,0,0,0,0,75%,50%,False,0x00,False,63%,0us,0.000V,0.000V,True,False,Charge Active,v01.23.7357,False,False,0x00,0x00,0x00,0x00,0x00,0x00,0x00,200,13,0,0,0,False,1.0V,0.030,1467mV,1,False,False,v01.20.7357
26-05-31 16:46:59.490124,2902,496,1044,620,240,280,1796,200,True,True,True,True,True,True,True,True,2902,496,1044,620,240,280,1796,200,0,0,0,0,0,0,0,0,WPT Ready,0,0,False,0,0,0,0,0,0,75%,50%,False,0x00,False,63%,0us,0.000V,0.000V,True,False,Charge Active,v01.23.7357,False,False,0x00,0x00,0x00,0x00,0x00,0x00,0x00,200,13,0,0,0,False,1.0V,0.030,1467mV,1,False,False,v01.20.7357
26-05-31 16:46:59.707786,2902,496,1044,620,240,280,1796,200,True,True,True,True,True,True,True,True,2902,496,1044,620,240,280,1796,200,0,0,0,0,0,0,0,0,WPT Ready,0,0,False,0,0,0,0,0,0,75%,50%,False,0x00,False,63%,0us,0.000V,0.000V,True,False,Charge Active,v01.23.7357,False,False,0x00,0x00,0x00,0x00,0x00,0x00,0x00,200,13,0,0,0,False,1.0V,0.030,1467mV,1,False,False,v01.20.7357
26-05-31 16:46:59.900968,2902,496,1044,620,240,280,1796,200,True,True,True,True,True,True,True,True,2902,496,1044,620,240,280,1796,200,0,0,0,0,0,0,0,0,WPT Ready,0,0,False,0,0,0,0,0,0,75%,50%,False,0x00,False,63%,0us,0.000V,0.000V,True,False,Charge Active,v01.23.7357,False,False,0x00,0x00,0x00,0x00,0x00,0x00,0x00,200,13,0,0,0,False,1.0V,0.030,1467mV,1,False,False,v01.20.7357
26-05-31 16:47:00.090983,2902,496,1044,620,240,280,1796,200,True,True,True,True,True,True,True,True,2902,496,1044,620,240,280,1796,200,0,0,0,0,0,0,0,0,WPT Ready,0,0,False,0,0,0,0,0,0,75%,50%,False,0x00,False,63%,0us,0.000V,0.000V,True,False,Charge Active,v01.23.7357,False,False,0x00,0x00,0x00,0x00,0x00,0x00,0x00,200,13,0,0,0,False,1.0V,0.030,1467mV,1,False,False,v01.20.7357
26-05-31 16:47:00.303952,2902,496,1044,620,240,280,1796,200,True,True,True,True,True,True,True,True,2902,496,1044,620,240,280,1796,200,0,0,0,0,0,0,0,0,WPT Ready,0,0,False,0,0,0,0,0,0,75%,50%,False,0x00,False,63%,0us,0.000V,0.000V,True,False,Charge Active,v01.23.7357,False,False,0x00,0x00,0x00,0x00,0x00,0x00,0x00,200,13,0,0,0,False,1.0V,0.030,1467mV,1,False,False,v01.20.7357
26-05-31 16:47:00.529273,2902,496,1044,620,240,280,1796,200,True,True,True,True,True,True,True,True,2902,496,1044,620,240,280,1796,200,0,0,0,0,0,0,0,0,WPT Ready,0,0,False,0,0,0,0,0,0,75%,50%,False,0x00,False,63%,0us,0.000V,0.000V,True,False,Charge Active,v01.23.7357,False,False,0x00,0x00,0x00,0x00,0x00,0x00,0x00,200,13,0,0,0,False,1.0V,0.030,1467mV,1,False,False,v01.20.7357
26-05-31 16:47:00.747920,2902,496,1044,620,240,280,1796,200,True,True,True,True,True,True,True,True,2902,496,1044,620,240,280,1796,200,0,0,0,0,0,0,0,0,WPT Ready,0,0,False,0,0,0,0,0,0,75%,50%,False,0x00,False,63%,0us,0.000V,0.000V,True,False,Charge Active,v01.23.7357,False,False,0x00,0x00,0x00,0x00,0x00,0x00,0x00,200,13,0,0,0,False,1.0V,0.030,1467mV,1,False,False,v01.20.7357
26-05-31 16:47:00.891997,2902,496,1044,620,240,280,1796,200,True,True,True,True,True,True,True,True,2902,496,1044,620,240,280,1796,200,0,0,0,0,0,0,0,0,WPT Ready,0,0,False,0,0,0,0,0,0,75%,50%,False,0x00,False,63%,0us,0.000V,0.000V,True,False,Charge Active,v01.23.7357,False,False,0x00,0x00,0x00,0x00,0x00,0x00,0x00,200,13,0,0,0,False,1.0V,0.030,1467mV,1,False,False,v01.20.7357
26-05-31 16:47:01.108396,2902,496,1044,620,240,280,1796,200,True,True,True,True,True,True,True,True,2902,496,1044,620,240,280,1796,200,0,0,0,0,0,0,0,0,WPT Ready,0,0,False,0,0,0,0,0,0,75%,50%,False,0x00,False,63%,0us,0.000V,0.000V,True,False,Charge Active,v01.23.7357,False,False,0x00,0x00,0x00,0x00,0x00,0x00,0x00,200,13,0,0,0,False,1.0V,0.030,1467mV,1,False,False,v01.20.7357
26-05-31 16:47:01.317081,2902,496,1044,620,240,280,1796,200,True,True,True,True,True,True,True,True,2902,496,1044,620,240,280,1796,200,0,0,0,0,0,0,0,0,WPT Ready,0,0,False,0,0,0,0,0,0,75%,50%,False,0x00,False,63%,0us,0.000V,0.000V,True,False,Charge Active,v01.23.7357,False,False,0x00,0x00,0x00,0x00,0x00,0x00,0x00,200,13,0,0,0,False,1.0V,0.030,1467mV,1,False,False,v01.20.7357
26-05-31 16:47:01.495339,2902,496,1044,620,240,280,1796,200,True,True,True,True,True,True,True,True,2902,496,1044,620,240,280,1796,200,0,0,0,0,0,0,0,0,WPT Ready,0,0,False,0,0,0,0,0,0,75%,50%,False,0x00,False,63%,0us,0.000V,0.000V,True,False,Charge Active,v01.23.7357,False,False,0x00,0x00,0x00,0x00,0x00,0x00,0x00,200,13,0,0,0,False,1.0V,0.030,1467mV,1,False,False,v01.20.7357
26-05-31 16:47:01.705932,2902,496,1044,620,240,280,1796,200,True,True,True,True,True,True,True,True,2902,496,1044,620,240,280,1796,200,0,0,0,0,0,0,0,0,WPT Ready,0,0,False,0,0,0,0,0,0,75%,50%,False,0x00,False,63%,0us,0.000V,0.000V,True,False,Charge Active,v01.23.7357,False,False,0x00,0x00,0x00,0x00,0x00,0x00,0x00,200,13,0,0,0,False,1.0V,0.030,1467mV,1,False,False,v01.20.7357
26-05-31 16:47:01.890095,2902,496,1044,620,240,280,1796,200,True,True,True,True,True,True,True,True,2902,496,1044,620,240,280,1796,200,0,0,0,0,0,0,0,0,WPT Ready,0,0,False,0,0,0,0,0,0,75%,50%,False,0x00,False,63%,0us,0.000V,0.000V,True,False,Charge Active,v01.23.7357,False,False,0x00,0x00,0x00,0x00,0x00,0x00,0x00,200,13,0,0,0,False,1.0V,0.030,1467mV,1,False,False,v01.20.7357
26-05-31 16:47:02.101915,2902,496,1044,620,240,280,1796,200,True,True,True,True,True,True,True,True,2902,496,1044,620,240,280,1796,200,0,0,0,0,0,0,0,0,WPT Ready,0,0,False,0,0,0,0,0,0,75%,50%,False,0x00,False,63%,0us,0.000V,0.000V,True,False,Charge Active,v01.23.7357,False,False,0x00,0x00,0x00,0x00,0x00,0x00,0x00,200,13,0,0,0,False,1.0V,0.030,1467mV,1,False,False,v01.20.7357
26-05-31 16:47:02.305599,2902,496,1044,620,240,280,1796,200,True,True,True,True,True,True,True,True,2902,496,1044,620,240,280,1796,200,0,0,0,0,0,0,0,0,WPT Ready,0,0,False,0,0,0,0,0,0,75%,50%,False,0x00,False,63%,0us,0.000V,0.000V,True,False,Charge Active,v01.23.7357,False,False,0x00,0x00,0x00,0x00,0x00,0x00,0x00,200,13,0,0,0,False,1.0V,0.030,1467mV,1,False,False,v01.20.7357
26-05-31 16:47:02.530905,2902,496,1044,620,240,280,1796,200,True,True,True,True,True,True,True,True,2902,496,1044,620,240,280,1796,200,0,0,0,0,0,0,0,0,WPT Ready,0,0,False,0,0,0,0,0,0,75%,50%,False,0x00,False,63%,0us,0.000V,0.000V,True,False,Charge Active,v01.23.7357,False,False,0x00,0x00,0x00,0x00,0x00,0x00,0x00,200,13,0,0,0,False,1.0V,0.030,1467mV,1,False,False,v01.20.7357
26-05-31 16:47:02.700044,2902,496,1044,620,240,280,1796,200,True,True,True,True,True,True,True,True,2902,496,1044,620,240,280,1796,200,0,0,0,0,0,0,0,0,WPT Ready,0,0,False,0,0,0,0,0,0,75%,50%,False,0x00,False,63%,0us,0.000V,0.000V,True,False,Charge Active,v01.23.7357,False,False,0x00,0x00,0x00,0x00,0x00,0x00,0x00,200,13,0,0,0,False,1.0V,0.030,1467mV,1,False,False,v01.20.7357
26-05-31 16:47:02.907766,2902,496,1044,620,240,280,1796,200,True,True,True,True,True,True,True,True,2902,496,1044,620,240,280,1796,200,0,0,0,0,0,0,0,0,WPT Ready,0,0,False,0,0,0,0,0,0,75%,50%,False,0x00,False,63%,0us,0.000V,0.000V,True,False,Charge Active,v01.23.7357,False,False,0x00,0x00,0x00,0x00,0x00,0x00,0x00,200,13,0,0,0,False,1.0V,0.030,1467mV,1,False,False,v01.20.7357
26-05-31 16:47:03.113093,2902,496,1044,620,240,280,1796,200,True,True,True,True,True,True,True,True,2902,496,1044,620,240,280,1796,200,0,0,0,0,0,0,0,0,WPT Ready,0,0,False,0,0,0,0,0,0,75%,50%,False,0x00,False,63%,0us,0.000V,0.000V,True,False,Charge Active,v01.23.7357,False,False,0x00,0x00,0x00,0x00,0x00,0x00,0x00,200,13,0,0,0,False,1.0V,0.030,1467mV,1,False,False,v01.20.7357
26-05-31 16:47:03.330098,2902,496,1044,620,240,280,1796,200,True,True,True,True,True,True,True,True,2902,496,1044,620,240,280,1796,200,0,0,0,0,0,0,0,0,WPT Ready,0,0,False,0,0,0,0,0,0,75%,50%,False,0x00,False,63%,0us,0.000V,0.000V,True,False,Charge Active,v01.23.7357,False,False,0x00,0x00,0x00,0x00,0x00,0x00,0x00,200,13,0,0,0,False,1.0V,0.030,1467mV,1,False,False,v01.20.7357
26-05-31 16:47:03.516406,2902,496,1044,620,240,280,1796,200,True,True,True,True,True,True,True,True,2902,496,1044,620,240,280,1796,200,0,0,0,0,0,0,0,0,WPT Ready,0,0,False,0,0,0,0,0,0,75%,50%,False,0x00,False,63%,0us,0.000V,0.000V,True,False,Charge Active,v01.23.7357,False,False,0x00,0x00,0x00,0x00,0x00,0x00,0x00,200,13,0,0,0,False,1.0V,0.030,1467mV,1,False,False,v01.20.7357
26-05-31 16:47:03.705164,2902,496,1044,620,240,280,1796,200,True,True,True,True,True,True,True,True,2902,496,1044,620,240,280,1796,200,0,0,0,0,0,0,0,0,WPT Ready,0,0,False,0,0,0,0,0,0,75%,50%,False,0x00,False,63%,0us,0.000V,0.000V,True,False,Charge Active,v01.23.7357,False,False,0x00,0x00,0x00,0x00,0x00,0x00,0x00,200,13,0,0,0,False,1.0V,0.030,1467mV,1,False,False,v01.20.7357
26-05-31 16:47:03.923496,2902,496,1044,620,240,280,1796,200,True,True,True,True,True,True,True,True,2902,496,1044,620,240,280,1796,200,0,0,0,0,0,0,0,0,WPT Ready,0,0,False,0,0,0,0,0,0,75%,50%,False,0x00,False,63%,0us,0.000V,0.000V,True,False,Charge Active,v01.23.7357,False,False,0x00,0x00,0x00,0x00,0x00,0x00,0x00,200,13,0,0,0,False,1.0V,0.030,1467mV,1,False,False,v01.20.7357
26-05-31 16:47:04.128130,2902,496,1044,620,240,280,1796,200,True,True,True,True,True,True,True,True,2902,496,1044,620,240,280,1796,200,0,0,0,0,0,0,0,0,WPT Ready,0,0,False,0,0,0,0,0,0,75%,50%,False,0x00,False,63%,0us,0.000V,0.000V,True,False,Charge Active,v01.23.7357,False,False,0x00,0x00,0x00,0x00,0x00,0x00,0x00,200,13,0,0,0,False,1.0V,0.030,1467mV,1,False,False,v01.20.7357
26-05-31 16:47:04.334143,2902,496,1044,620,240,280,1796,200,True,True,True,True,True,True,True,True,2902,496,1044,620,240,280,1796,200,0,0,0,0,0,0,0,0,WPT Ready,0,0,False,0,0,0,0,0,0,75%,50%,False,0x00,False,63%,0us,0.000V,0.000V,True,False,Charge Active,v01.23.7357,False,False,0x00,0x00,0x00,0x00,0x00,0x00,0x00,200,13,0,0,0,False,1.0V,0.030,1467mV,1,False,False,v01.20.7357
26-05-31 16:47:04.505694,2902,496,1044,620,240,280,1796,200,True,True,True,True,True,True,True,True,2902,496,1044,620,240,280,1796,200,0,0,0,0,0,0,0,0,WPT Ready,0,0,False,0,0,0,0,0,0,75%,50%,False,0x00,False,63%,0us,0.000V,0.000V,True,False,Charge Active,v01.23.7357,False,False,0x00,0x00,0x00,0x00,0x00,0x00,0x00,200,13,0,0,0,False,1.0V,0.030,1467mV,1,False,False,v01.20.7357
26-05-31 16:47:04.716481,2902,496,1044,620,240,280,1796,200,True,True,True,True,True,True,True,True,2902,496,1044,620,240,280,1796,200,0,0,0,0,0,0,0,0,WPT Ready,0,0,False,0,0,0,0,0,0,75%,50%,False,0x00,False,63%,0us,0.000V,0.000V,True,False,Charge Active,v01.23.7357,False,False,0x00,0x00,0x00,0x00,0x00,0x00,0x00,200,13,0,0,0,False,1.0V,0.030,1467mV,1,False,False,v01.20.7357
26-05-31 16:47:04.914664,2902,496,1044,620,240,280,1796,200,True,True,True,True,True,True,True,True,2902,496,1044,620,240,280,1796,200,0,0,0,0,0,0,0,0,WPT Ready,0,0,False,0,0,0,0,0,0,75%,50%,False,0x00,False,63%,0us,0.000V,0.000V,True,False,Charge Active,v01.23.7357,False,False,0x00,0x00,0x00,0x00,0x00,0x00,0x00,200,13,0,0,0,False,1.0V,0.030,1467mV,1,False,False,v01.20.7357
26-05-31 16:47:05.123257,2902,496,1044,620,240,280,1796,200,True,True,True,True,True,True,True,True,2902,496,1044,620,240,280,1796,200,0,0,0,0,0,0,0,0,WPT Ready,0,0,False,0,0,0,0,0,0,75%,50%,False,0x00,False,63%,0us,0.000V,0.000V,True,False,Charge Active,v01.23.7357,False,False,0x00,0x00,0x00,0x00,0x00,0x00,0x00,200,13,0,0,0,False,1.0V,0.030,1467mV,1,False,False,v01.20.7357
26-05-31 16:47:05.343181,2902,496,1044,620,240,280,1796,200,True,True,True,True,True,True,True,True,2902,496,1044,620,240,280,1796,200,0,0,0,0,0,0,0,0,WPT Ready,0,0,False,0,0,0,0,0,0,75%,50%,False,0x00,False,63%,0us,0.000V,0.000V,True,False,Charge Active,v01.23.7357,False,False,0x00,0x00,0x00,0x00,0x00,0x00,0x00,200,13,0,0,0,False,1.0V,0.030,1467mV,1,False,False,v01.20.7357
26-05-31 16:47:05.504752,2902,496,1044,620,240,280,1796,200,True,True,True,True,True,True,True,True,2902,496,1044,620,240,280,1796,200,0,0,0,0,0,0,0,0,WPT Ready,0,0,False,0,0,0,0,0,0,75%,50%,False,0x00,False,63%,0us,0.000V,0.000V,True,False,Charge Active,v01.23.7357,False,False,0x00,0x00,0x00,0x00,0x00,0x00,0x00,200,13,0,0,0,False,1.0V,0.030,1467mV,1,False,False,v01.20.7357
26-05-31 16:47:05.690713,2902,496,1044,620,240,280,1796,200,True,True,True,True,True,True,True,True,2902,496,1044,620,240,280,1796,200,0,0,0,0,0,0,0,0,WPT Ready,0,0,False,0,0,0,0,0,0,75%,50%,False,0x00,False,63%,0us,0.000V,0.000V,True,False,Charge Active,v01.23.7357,False,False,0x00,0x00,0x00,0x00,0x00,0x00,0x00,200,13,0,0,0,False,1.0V,0.030,1467mV,1,False,False,v01.20.7357
26-05-31 16:47:05.891624,2902,496,1044,620,240,280,1796,200,True,True,True,True,True,True,True,True,2902,496,1044,620,240,280,1796,200,0,0,0,0,0,0,0,0,WPT Ready,0,0,False,0,0,0,0,0,0,75%,50%,False,0x00,False,63%,0us,0.000V,0.000V,True,False,Charge Active,v01.23.7357,False,False,0x00,0x00,0x00,0x00,0x00,0x00,0x00,200,13,0,0,0,False,1.0V,0.030,1467mV,1,False,False,v01.20.7357
26-05-31 16:47:06.121688,2902,496,1044,620,240,280,1796,200,True,True,True,True,True,True,True,True,2902,496,1044,620,240,280,1796,200,0,0,0,0,0,0,0,0,WPT Ready,0,0,False,0,0,0,0,0,0,75%,50%,False,0x00,False,63%,0us,0.000V,0.000V,True,False,Charge Active,v01.23.7357,False,False,0x00,0x00,0x00,0x00,0x00,0x00,0x00,200,13,0,0,0,False,1.0V,0.030,1467mV,1,False,False,v01.20.7357
26-05-31 16:47:06.289672,2902,496,1044,620,240,280,1796,200,True,True,True,True,True,True,True,True,2902,496,1044,620,240,280,1796,200,0,0,0,0,0,0,0,0,WPT Ready,0,0,False,0,0,0,0,0,0,75%,50%,False,0x00,False,63%,0us,0.000V,0.000V,True,False,Charge Active,v01.23.7357,False,False,0x00,0x00,0x00,0x00,0x00,0x00,0x00,200,13,0,0,0,False,1.0V,0.030,1467mV,1,False,False,v01.20.7357
26-05-31 16:47:06.523658,2902,496,1044,620,240,280,1796,200,True,True,True,True,True,True,True,True,2902,496,1044,620,240,280,1796,200,0,0,0,0,0,0,0,0,WPT Ready,0,0,False,0,0,0,0,0,0,75%,50%,False,0x00,False,63%,0us,0.000V,0.000V,True,False,Charge Active,v01.23.7357,False,False,0x00,0x00,0x00,0x00,0x00,0x00,0x00,200,13,0,0,0,False,1.0V,0.030,1467mV,1,False,False,v01.20.7357
26-05-31 16:47:06.690670,2902,496,1044,620,240,280,1796,200,True,True,True,True,True,True,True,True,2902,496,1044,620,240,280,1796,200,0,0,0,0,0,0,0,0,WPT Ready,0,0,False,0,0,0,0,0,0,75%,50%,False,0x00,False,63%,0us,0.000V,0.000V,True,False,Charge Active,v01.23.7357,False,False,0x00,0x00,0x00,0x00,0x00,0x00,0x00,200,13,0,0,0,False,1.0V,0.030,1467mV,1,False,False,v01.20.7357
26-05-31 16:47:06.920792,2902,496,1044,620,240,280,1796,200,True,True,True,True,True,True,True,True,2902,496,1044,620,240,280,1796,200,0,0,0,0,0,0,0,0,WPT Ready,0,0,False,0,0,0,0,0,0,75%,50%,False,0x00,False,63%,0us,0.000V,0.000V,True,False,Charge Active,v01.23.7357,False,False,0x00,0x00,0x00,0x00,0x00,0x00,0x00,200,13,0,0,0,False,1.0V,0.030,1467mV,1,False,False,v01.20.7357
26-05-31 16:47:07.130622,2902,496,1044,620,240,280,1796,200,True,True,True,True,True,True,True,True,2902,496,1044,620,240,280,1796,200,0,0,0,0,0,0,0,0,WPT Ready,0,0,False,0,0,0,0,0,0,75%,50%,False,0x00,False,63%,0us,0.000V,0.000V,True,False,Charge Active,v01.23.7357,False,False,0x00,0x00,0x00,0x00,0x00,0x00,0x00,200,13,0,0,0,False,1.0V,0.030,1467mV,1,False,False,v01.20.7357
26-05-31 16:47:07.296318,2902,496,1044,620,240,280,1796,200,True,True,True,True,True,True,True,True,2902,496,1044,620,240,280,1796,200,0,0,0,0,0,0,0,0,WPT Ready,0,0,False,0,0,0,0,0,0,75%,50%,False,0x00,False,63%,0us,0.000V,0.000V,True,False,Charge Active,v01.23.7357,False,False,0x00,0x00,0x00,0x00,0x00,0x00,0x00,200,13,0,0,0,False,1.0V,0.030,1467mV,1,False,False,v01.20.7357
26-05-31 16:47:07.499765,2902,496,1044,620,240,280,1796,200,True,True,True,True,True,True,True,True,2902,496,1044,620,240,280,1796,200,0,0,0,0,0,0,0,0,WPT Ready,0,0,False,0,0,0,0,0,0,75%,50%,False,0x00,False,63%,0us,0.000V,0.000V,True,False,Charge Active,v01.23.7357,False,False,0x00,0x00,0x00,0x00,0x00,0x00,0x00,200,13,0,0,0,False,1.0V,0.030,1467mV,1,False,False,v01.20.7357
26-05-31 16:47:07.706287,2902,496,1044,620,240,280,1796,200,True,True,True,True,True,True,True,True,2902,496,1044,620,240,280,1796,200,0,0,0,0,0,0,0,0,WPT Ready,0,0,False,0,0,0,0,0,0,75%,50%,False,0x00,False,63%,0us,0.000V,0.000V,True,False,Charge Active,v01.23.7357,False,False,0x00,0x00,0x00,0x00,0x00,0x00,0x00,200,13,0,0,0,False,1.0V,0.030,1467mV,1,False,False,v01.20.7357
26-05-31 16:47:07.911283,2902,496,1044,620,240,280,1796,200,True,True,True,True,True,True,True,True,2902,496,1044,620,240,280,1796,200,0,0,0,0,0,0,0,0,WPT Ready,0,0,False,0,0,0,0,0,0,75%,50%,False,0x00,False,63%,0us,0.000V,0.000V,True,False,Charge Active,v01.23.7357,False,False,0x00,0x00,0x00,0x00,0x00,0x00,0x00,200,13,0,0,0,False,1.0V,0.030,1467mV,1,False,False,v01.20.7357
26-05-31 16:47:08.142170,2902,496,1044,620,240,280,1796,200,True,True,True,True,True,True,True,True,2902,496,1044,620,240,280,1796,200,0,0,0,0,0,0,0,0,WPT Ready,0,0,False,0,0,0,0,0,0,75%,50%,False,0x00,False,63%,0us,0.000V,0.000V,True,False,Charge Active,v01.23.7357,False,False,0x00,0x00,0x00,0x00,0x00,0x00,0x00,200,13,0,0,0,False,1.0V,0.030,1467mV,1,False,False,v01.20.7357
26-05-31 16:47:08.328421,2902,496,1044,620,240,280,1796,200,True,True,True,True,True,True,True,True,2902,496,1044,620,240,280,1796,200,0,0,0,0,0,0,0,0,WPT Ready,0,0,False,0,0,0,0,0,0,75%,50%,False,0x00,False,63%,0us,0.000V,0.000V,True,False,Charge Active,v01.23.7357,False,False,0x00,0x00,0x00,0x00,0x00,0x00,0x00,200,13,0,0,0,False,1.0V,0.030,1467mV,1,False,False,v01.20.7357
26-05-31 16:47:08.504024,2902,496,1044,620,240,280,1796,200,True,True,True,True,True,True,True,True,2902,496,1044,620,240,280,1796,200,0,0,0,0,0,0,0,0,WPT Ready,0,0,False,0,0,0,0,0,0,75%,50%,False,0x00,False,63%,0us,0.000V,0.000V,True,False,Charge Active,v01.23.7357,False,False,0x00,0x00,0x00,0x00,0x00,0x00,0x00,200,13,0,0,0,False,1.0V,0.030,1467mV,1,False,False,v01.20.7357
26-05-31 16:47:08.731252,2902,496,1044,620,240,280,1796,200,True,True,True,True,True,True,True,True,2902,496,1044,620,240,280,1796,200,0,0,0,0,0,0,0,0,WPT Ready,0,0,False,0,0,0,0,0,0,75%,50%,False,0x00,False,63%,0us,0.000V,0.000V,True,False,Charge Active,v01.23.7357,False,False,0x00,0x00,0x00,0x00,0x00,0x00,0x00,200,13,0,0,0,False,1.0V,0.030,1467mV,1,False,False,v01.20.7357
26-05-31 16:47:08.944563,2902,496,1044,620,240,280,1796,200,True,True,True,True,True,True,True,True,2902,496,1044,620,240,280,1796,200,0,0,0,0,0,0,0,0,WPT Ready,0,0,False,0,0,0,0,0,0,75%,50%,False,0x00,False,63%,0us,0.000V,0.000V,True,False,Charge Active,v01.23.7357,False,False,0x00,0x00,0x00,0x00,0x00,0x00,0x00,200,13,0,0,0,False,1.0V,0.030,1467mV,1,False,False,v01.20.7357
26-05-31 16:47:09.106459,2902,496,1044,620,240,280,1796,200,True,True,True,True,True,True,True,True,2902,496,1044,620,240,280,1796,200,0,0,0,0,0,0,0,0,WPT Ready,0,0,False,0,0,0,0,0,0,75%,50%,False,0x00,False,63%,0us,0.000V,0.000V,True,False,Charge Active,v01.23.7357,False,False,0x00,0x00,0x00,0x00,0x00,0x00,0x00,200,13,0,0,0,False,1.0V,0.030,1467mV,1,False,False,v01.20.7357
26-05-31 16:47:09.302128,2902,496,1044,620,240,280,1796,200,True,True,True,True,True,True,True,True,2902,496,1044,620,240,280,1796,200,0,0,0,0,0,0,0,0,WPT Ready,0,0,False,0,0,0,0,0,0,75%,50%,False,0x00,False,63%,0us,0.000V,0.000V,True,False,Charge Active,v01.23.7357,False,False,0x00,0x00,0x00,0x00,0x00,0x00,0x00,200,13,0,0,0,False,1.0V,0.030,1467mV,1,False,False,v01.20.7357
26-05-31 16:47:09.513510,2902,496,1044,620,240,280,1796,200,True,True,True,True,True,True,True,True,2902,496,1044,620,240,280,1796,200,0,0,0,0,0,0,0,0,WPT Ready,0,0,False,0,0,0,0,0,0,75%,50%,False,0x00,False,63%,0us,0.000V,0.000V,True,False,Charge Active,v01.23.7357,False,False,0x00,0x00,0x00,0x00,0x00,0x00,0x00,200,13,0,0,0,False,1.0V,0.030,1467mV,1,False,False,v01.20.7357
26-05-31 16:47:09.736329,2902,496,1044,620,240,280,1796,200,True,True,True,True,True,True,True,True,2902,496,1044,620,240,280,1796,200,0,0,0,0,0,0,0,0,WPT Ready,0,0,False,0,0,0,0,0,0,75%,50%,False,0x00,False,63%,0us,0.000V,0.000V,True,False,Charge Active,v01.23.7357,False,False,0x00,0x00,0x00,0x00,0x00,0x00,0x00,200,13,0,0,0,False,1.0V,0.030,1467mV,1,False,False,v01.20.7357
26-05-31 16:47:09.900805,2902,496,1044,620,240,280,1796,200,True,True,True,True,True,True,True,True,2902,496,1044,620,240,280,1796,200,0,0,0,0,0,0,0,0,WPT Ready,0,0,False,0,0,0,0,0,0,75%,50%,False,0x00,False,63%,0us,0.000V,0.000V,True,False,Charge Active,v01.23.7357,False,False,0x00,0x00,0x00,0x00,0x00,0x00,0x00,200,13,0,0,0,False,1.0V,0.030,1467mV,1,False,False,v01.20.7357
26-05-31 16:47:10.103999,2902,496,1044,620,240,280,1796,200,True,True,True,True,True,True,True,True,2902,496,1044,620,240,280,1796,200,0,0,0,0,0,0,0,0,WPT Ready,0,0,False,0,0,0,0,0,0,75%,50%,False,0x00,False,63%,0us,0.000V,0.000V,True,False,Charge Active,v01.23.7357,False,False,0x00,0x00,0x00,0x00,0x00,0x00,0x00,200,13,0,0,0,False,1.0V,0.030,1467mV,1,False,False,v01.20.7357
26-05-31 16:47:10.336723,2902,496,1044,620,240,280,1796,200,True,True,True,True,True,True,True,True,2902,496,1044,620,240,280,1796,200,0,0,0,0,0,0,0,0,WPT Ready,0,0,False,0,0,0,0,0,0,75%,50%,False,0x00,False,63%,0us,0.000V,0.000V,True,False,Charge Active,v01.23.7357,False,False,0x00,0x00,0x00,0x00,0x00,0x00,0x00,200,13,0,0,0,False,1.0V,0.030,1467mV,1,False,False,v01.20.7357
26-05-31 16:47:10.491468,2902,496,1044,620,240,280,1796,200,True,True,True,True,True,True,True,True,2902,496,1044,620,240,280,1796,200,0,0,0,0,0,0,0,0,WPT Ready,0,0,False,0,0,0,0,0,0,75%,50%,False,0x00,False,63%,0us,0.000V,0.000V,True,False,Charge Active,v01.23.7357,False,False,0x00,0x00,0x00,0x00,0x00,0x00,0x00,200,13,0,0,0,False,1.0V,0.030,1467mV,1,False,False,v01.20.7357
26-05-31 16:47:10.721844,2902,496,1044,620,240,280,1796,200,True,True,True,True,True,True,True,True,2902,496,1044,620,240,280,1796,200,0,0,0,0,0,0,0,0,WPT Ready,0,0,False,0,0,0,0,0,0,75%,50%,False,0x00,False,63%,0us,0.000V,0.000V,True,False,Charge Active,v01.23.7357,False,False,0x00,0x00,0x00,0x00,0x00,0x00,0x00,200,13,0,0,0,False,1.0V,0.030,1467mV,1,False,False,v01.20.7357
26-05-31 16:47:10.903154,2902,496,1044,620,240,280,1796,200,True,True,True,True,True,True,True,True,2902,496,1044,620,240,280,1796,200,0,0,0,0,0,0,0,0,WPT Ready,0,0,False,0,0,0,0,0,0,75%,50%,False,0x00,False,63%,0us,0.000V,0.000V,True,False,Charge Active,v01.23.7357,False,False,0x00,0x00,0x00,0x00,0x00,0x00,0x00,200,13,0,0,0,False,1.0V,0.030,1467mV,1,False,False,v01.20.7357
26-05-31 16:47:11.093632,2902,496,1044,620,240,280,1796,200,True,True,True,True,True,True,True,True,2902,496,1044,620,240,280,1796,200,0,0,0,0,0,0,0,0,WPT Ready,0,0,False,0,0,0,0,0,0,75%,50%,False,0x00,False,63%,0us,0.000V,0.000V,True,False,Charge Active,v01.23.7357,False,False,0x00,0x00,0x00,0x00,0x00,0x00,0x00,200,13,0,0,0,False,1.0V,0.030,1467mV,1,False,False,v01.20.7357
26-05-31 16:47:11.299584,2902,496,1044,620,240,280,1796,200,True,True,True,True,True,True,True,True,2902,496,1044,620,240,280,1796,200,0,0,0,0,0,0,0,0,WPT Ready,0,0,False,0,0,0,0,0,0,75%,50%,False,0x00,False,63%,0us,0.000V,0.000V,True,False,Charge Active,v01.23.7357,False,False,0x00,0x00,0x00,0x00,0x00,0x00,0x00,200,13,0,0,0,False,1.0V,0.030,1467mV,1,False,False,v01.20.7357
26-05-31 16:47:11.518757,2902,496,1044,620,240,280,1796,200,True,True,True,True,True,True,True,True,2902,496,1044,620,240,280,1796,200,0,0,0,0,0,0,0,0,WPT Ready,0,0,False,0,0,0,0,0,0,75%,50%,False,0x00,False,63%,0us,0.000V,0.000V,True,False,Charge Active,v01.23.7357,False,False,0x00,0x00,0x00,0x00,0x00,0x00,0x00,200,13,0,0,0,False,1.0V,0.030,1467mV,1,False,False,v01.20.7357
26-05-31 16:47:11.734087,2902,496,1044,620,240,280,1796,200,True,True,True,True,True,True,True,True,2902,496,1044,620,240,280,1796,200,0,0,0,0,0,0,0,0,WPT Ready,0,0,False,0,0,0,0,0,0,75%,50%,False,0x00,False,63%,0us,0.000V,0.000V,True,False,Charge Active,v01.23.7357,False,False,0x00,0x00,0x00,0x00,0x00,0x00,0x00,200,13,0,0,0,False,1.0V,0.030,1467mV,1,False,False,v01.20.7357
26-05-31 16:47:11.943781,2902,496,1044,620,240,280,1796,200,True,True,True,True,True,True,True,True,2902,496,1044,620,240,280,1796,200,0,0,0,0,0,0,0,0,WPT Ready,0,0,False,0,0,0,0,0,0,75%,50%,False,0x00,False,63%,0us,0.000V,0.000V,True,False,Charge Active,v01.23.7357,False,False,0x00,0x00,0x00,0x00,0x00,0x00,0x00,200,13,0,0,0,False,1.0V,0.030,1467mV,1,False,False,v01.20.7357
26-05-31 16:47:12.096350,2902,496,1044,620,240,280,1796,200,True,True,True,True,True,True,True,True,2902,496,1044,620,240,280,1796,200,0,0,0,0,0,0,0,0,WPT Ready,0,0,False,0,0,0,0,0,0,75%,50%,False,0x00,False,63%,0us,0.000V,0.000V,True,False,Charge Active,v01.23.7357,False,False,0x00,0x00,0x00,0x00,0x00,0x00,0x00,200,13,0,0,0,False,1.0V,0.030,1467mV,1,False,False,v01.20.7357
26-05-31 16:47:12.315845,2902,496,1044,620,240,280,1796,200,True,True,True,True,True,True,True,True,2902,496,1044,620,240,280,1796,200,0,0,0,0,0,0,0,0,WPT Ready,0,0,False,0,0,0,0,0,0,75%,50%,False,0x00,False,63%,0us,0.000V,0.000V,True,False,Charge Active,v01.23.7357,False,False,0x00,0x00,0x00,0x00,0x00,0x00,0x00,200,13,0,0,0,False,1.0V,0.030,1467mV,1,False,False,v01.20.7357
26-05-31 16:47:12.536036,2902,496,1044,620,240,280,1796,200,True,True,True,True,True,True,True,True,2902,496,1044,620,240,280,1796,200,0,0,0,0,0,0,0,0,WPT Ready,0,0,False,0,0,0,0,0,0,75%,50%,False,0x00,False,63%,0us,0.000V,0.000V,True,False,Charge Active,v01.23.7357,False,False,0x00,0x00,0x00,0x00,0x00,0x00,0x00,200,13,0,0,0,False,1.0V,0.030,1467mV,1,False,False,v01.20.7357
26-05-31 16:47:12.690688,2902,496,1044,620,240,280,1796,200,True,True,True,True,True,True,True,True,2902,496,1044,620,240,280,1796,200,0,0,0,0,0,0,0,0,WPT Ready,0,0,False,0,0,0,0,0,0,75%,50%,False,0x00,False,63%,0us,0.000V,0.000V,True,False,Charge Active,v01.23.7357,False,False,0x00,0x00,0x00,0x00,0x00,0x00,0x00,200,13,0,0,0,False,1.0V,0.030,1467mV,1,False,False,v01.20.7357
26-05-31 16:47:12.908125,2902,496,1044,620,240,280,1796,200,True,True,True,True,True,True,True,True,2902,496,1044,620,240,280,1796,200,0,0,0,0,0,0,0,0,WPT Ready,0,0,False,0,0,0,0,0,0,75%,50%,False,0x00,False,63%,0us,0.000V,0.000V,True,False,Charge Active,v01.23.7357,False,False,0x00,0x00,0x00,0x00,0x00,0x00,0x00,200,13,0,0,0,False,1.0V,0.030,1467mV,1,False,False,v01.20.7357
26-05-31 16:47:13.134405,2902,496,1044,620,240,280,1796,200,True,True,True,True,True,True,True,True,2902,496,1044,620,240,280,1796,200,0,0,0,0,0,0,0,0,WPT Ready,0,0,False,0,0,0,0,0,0,75%,50%,False,0x00,False,63%,0us,0.000V,0.000V,True,False,Charge Active,v01.23.7357,False,False,0x00,0x00,0x00,0x00,0x00,0x00,0x00,200,13,0,0,0,False,1.0V,0.030,1467mV,1,False,False,v01.20.7357
26-05-31 16:47:13.293180,2902,496,1044,620,240,280,1796,200,True,True,True,True,True,True,True,True,2902,496,1044,620,240,280,1796,200,0,0,0,0,0,0,0,0,WPT Ready,0,0,False,0,0,0,0,0,0,75%,50%,False,0x00,False,63%,0us,0.000V,0.000V,True,False,Charge Active,v01.23.7357,False,False,0x00,0x00,0x00,0x00,0x00,0x00,0x00,200,13,0,0,0,False,1.0V,0.030,1467mV,1,False,False,v01.20.7357
26-05-31 16:47:13.498453,2902,496,1044,620,240,280,1796,200,True,True,True,True,True,True,True,True,2902,496,1044,620,240,280,1796,200,0,0,0,0,0,0,0,0,WPT Ready,0,0,False,0,0,0,0,0,0,75%,50%,False,0x00,False,63%,0us,0.000V,0.000V,True,False,Charge Active,v01.23.7357,False,False,0x00,0x00,0x00,0x00,0x00,0x00,0x00,200,13,0,0,0,False,1.0V,0.030,1467mV,1,False,False,v01.20.7357
26-05-31 16:47:13.713412,2902,496,1044,620,240,280,1796,200,True,True,True,True,True,True,True,True,2902,496,1044,620,240,280,1796,200,0,0,0,0,0,0,0,0,WPT Ready,0,0,False,0,0,0,0,0,0,75%,50%,False,0x00,False,63%,0us,0.000V,0.000V,True,False,Charge Active,v01.23.7357,False,False,0x00,0x00,0x00,0x00,0x00,0x00,0x00,200,13,0,0,0,False,1.0V,0.030,1467mV,1,False,False,v01.20.7357
26-05-31 16:47:13.900312,2902,496,1044,620,240,280,1796,200,True,True,True,True,True,True,True,True,2902,496,1044,620,240,280,1796,200,0,0,0,0,0,0,0,0,WPT Ready,0,0,False,0,0,0,0,0,0,75%,50%,False,0x00,False,63%,0us,0.000V,0.000V,True,False,Charge Active,v01.23.7357,False,False,0x00,0x00,0x00,0x00,0x00,0x00,0x00,200,13,0,0,0,False,1.0V,0.030,1467mV,1,False,False,v01.20.7357
26-05-31 16:47:14.094818,2902,496,1044,620,240,280,1796,200,True,True,True,True,True,True,True,True,2902,496,1044,620,240,280,1796,200,0,0,0,0,0,0,0,0,WPT Ready,0,0,False,0,0,0,0,0,0,75%,50%,False,0x00,False,63%,0us,0.000V,0.000V,True,False,Charge Active,v01.23.7357,False,False,0x00,0x00,0x00,0x00,0x00,0x00,0x00,200,13,0,0,0,False,1.0V,0.030,1467mV,1,False,False,v01.20.7357
26-05-31 16:47:14.321727,2902,496,1044,620,240,280,1796,200,True,True,True,True,True,True,True,True,2902,496,1044,620,240,280,1796,200,0,0,0,0,0,0,0,0,WPT Ready,0,0,False,0,0,0,0,0,0,75%,50%,False,0x00,False,63%,0us,0.000V,0.000V,True,False,Charge Active,v01.23.7357,False,False,0x00,0x00,0x00,0x00,0x00,0x00,0x00,200,13,0,0,0,False,1.0V,0.030,1467mV,1,False,False,v01.20.7357
26-05-31 16:47:14.499944,2902,496,1044,620,240,280,1796,200,True,True,True,True,True,True,True,True,2902,496,1044,620,240,280,1796,200,0,0,0,0,0,0,0,0,WPT Ready,0,0,False,0,0,0,0,0,0,75%,50%,False,0x00,False,63%,0us,0.000V,0.000V,True,False,Charge Active,v01.23.7357,False,False,0x00,0x00,0x00,0x00,0x00,0x00,0x00,200,13,0,0,0,False,1.0V,0.030,1467mV,1,False,False,v01.20.7357
26-05-31 16:47:14.712630,2902,496,1044,620,240,280,1796,200,True,True,True,True,True,True,True,True,2902,496,1044,620,240,280,1796,200,0,0,0,0,0,0,0,0,WPT Ready,0,0,False,0,0,0,0,0,0,75%,50%,False,0x00,False,63%,0us,0.000V,0.000V,True,False,Charge Active,v01.23.7357,False,False,0x00,0x00,0x00,0x00,0x00,0x00,0x00,200,13,0,0,0,False,1.0V,0.030,1467mV,1,False,False,v01.20.7357
26-05-31 16:47:14.935970,2902,496,1044,620,240,280,1796,200,True,True,True,True,True,True,True,True,2902,496,1044,620,240,280,1796,200,0,0,0,0,0,0,0,0,WPT Ready,0,0,False,0,0,0,0,0,0,75%,50%,False,0x00,False,63%,0us,0.000V,0.000V,True,False,Charge Active,v01.23.7357,False,False,0x00,0x00,0x00,0x00,0x00,0x00,0x00,200,13,0,0,0,False,1.0V,0.030,1467mV,1,False,False,v01.20.7357
26-05-31 16:47:15.098778,2902,496,1044,620,240,280,1796,200,True,True,True,True,True,True,True,True,2902,496,1044,620,240,280,1796,200,0,0,0,0,0,0,0,0,WPT Ready,0,0,False,0,0,0,0,0,0,75%,50%,False,0x00,False,63%,0us,0.000V,0.000V,True,False,Charge Active,v01.23.7357,False,False,0x00,0x00,0x00,0x00,0x00,0x00,0x00,200,13,0,0,0,False,1.0V,0.030,1467mV,1,False,False,v01.20.7357
26-05-31 16:47:15.357787,2902,496,1044,620,240,280,1796,200,True,True,True,True,True,True,True,True,2902,496,1044,620,240,280,1796,200,0,0,0,0,0,0,0,0,WPT Ready,0,0,False,0,0,0,0,0,0,75%,50%,False,0x00,False,63%,0us,0.000V,0.000V,True,False,Charge Active,v01.23.7357,False,False,0x00,0x00,0x00,0x00,0x00,0x00,0x00,200,13,0,0,0,False,1.0V,0.030,1467mV,1,False,False,v01.20.7357
26-05-31 16:47:15.498027,2902,496,1044,620,240,280,1796,200,True,True,True,True,True,True,True,True,2902,496,1044,620,240,280,1796,200,0,0,0,0,0,0,0,0,WPT Ready,0,0,False,0,0,0,0,0,0,75%,50%,False,0x00,False,63%,0us,0.000V,0.000V,True,False,Charge Active,v01.23.7357,False,False,0x00,0x00,0x00,0x00,0x00,0x00,0x00,200,13,0,0,0,False,1.0V,0.030,1467mV,1,False,False,v01.20.7357
26-05-31 16:47:15.718447,2902,496,1044,620,240,280,1796,200,True,True,True,True,True,True,True,True,2902,496,1044,620,240,280,1796,200,0,0,0,0,0,0,0,0,WPT Ready,0,0,False,0,0,0,0,0,0,75%,50%,False,0x00,False,63%,0us,0.000V,0.000V,True,False,Charge Active,v01.23.7357,False,False,0x00,0x00,0x00,0x00,0x00,0x00,0x00,200,13,0,0,0,False,1.0V,0.030,1467mV,1,False,False,v01.20.7357
26-05-31 16:47:15.954727,2902,496,1044,620,240,280,1796,200,True,True,True,True,True,True,True,True,2902,496,1044,620,240,280,1796,200,0,0,0,0,0,0,0,0,WPT Ready,0,0,False,0,0,0,0,0,0,75%,50%,False,0x00,False,63%,0us,0.000V,0.000V,True,False,Charge Active,v01.23.7357,False,False,0x00,0x00,0x00,0x00,0x00,0x00,0x00,200,13,0,0,0,False,1.0V,0.030,1467mV,1,False,False,v01.20.7357
26-05-31 16:47:16.101882,2902,496,1044,620,240,280,1796,200,True,True,True,True,True,True,True,True,2902,496,1044,620,240,280,1796,200,0,0,0,0,0,0,0,0,WPT Ready,0,0,False,0,0,0,0,0,0,75%,50%,False,0x00,False,63%,0us,0.000V,0.000V,True,False,Charge Active,v01.23.7357,False,False,0x00,0x00,0x00,0x00,0x00,0x00,0x00,200,13,0,0,0,False,1.0V,0.030,1467mV,1,False,False,v01.20.7357
26-05-31 16:47:16.316346,2902,496,1044,620,240,280,1796,200,True,True,True,True,True,True,True,True,2902,496,1044,620,240,280,1796,200,0,0,0,0,0,0,0,0,WPT Ready,0,0,False,0,0,0,0,0,0,75%,50%,False,0x00,False,63%,0us,0.000V,0.000V,True,False,Charge Active,v01.23.7357,False,False,0x00,0x00,0x00,0x00,0x00,0x00,0x00,200,13,0,0,0,False,1.0V,0.030,1467mV,1,False,False,v01.20.7357
26-05-31 16:47:16.493401,2902,496,1044,620,240,280,1796,200,True,True,True,True,True,True,True,True,2902,496,1044,620,240,280,1796,200,0,0,0,0,0,0,0,0,WPT Ready,0,0,False,0,0,0,0,0,0,75%,50%,False,0x00,False,63%,0us,0.000V,0.000V,True,False,Charge Active,v01.23.7357,False,False,0x00,0x00,0x00,0x00,0x00,0x00,0x00,200,13,0,0,0,False,1.0V,0.030,1467mV,1,False,False,v01.20.7357
26-05-31 16:47:16.699657,2902,496,1044,620,240,280,1796,200,True,True,True,True,True,True,True,True,2902,496,1044,620,240,280,1796,200,0,0,0,0,0,0,0,0,WPT Ready,0,0,False,0,0,0,0,0,0,75%,50%,False,0x00,False,63%,0us,0.000V,0.000V,True,False,Charge Active,v01.23.7357,False,False,0x00,0x00,0x00,0x00,0x00,0x00,0x00,200,13,0,0,0,False,1.0V,0.030,1467mV,1,False,False,v01.20.7357
26-05-31 16:47:16.911580,2902,496,1044,620,240,280,1796,200,True,True,True,True,True,True,True,True,2902,496,1044,620,240,280,1796,200,0,0,0,0,0,0,0,0,WPT Ready,0,0,False,0,0,0,0,0,0,75%,50%,False,0x00,False,63%,0us,0.000V,0.000V,True,False,Charge Active,v01.23.7357,False,False,0x00,0x00,0x00,0x00,0x00,0x00,0x00,200,13,0,0,0,False,1.0V,0.030,1467mV,1,False,False,v01.20.7357
26-05-31 16:47:17.108956,2902,496,1044,620,240,280,1796,200,True,True,True,True,True,True,True,True,2902,496,1044,620,240,280,1796,200,0,0,0,0,0,0,0,0,WPT Ready,0,0,False,0,0,0,0,0,0,75%,50%,False,0x00,False,63%,0us,0.000V,0.000V,True,False,Charge Active,v01.23.7357,False,False,0x00,0x00,0x00,0x00,0x00,0x00,0x00,200,13,0,0,0,False,1.0V,0.030,1467mV,1,False,False,v01.20.7357
26-05-31 16:47:17.343328,2902,496,1044,620,240,280,1796,200,True,True,True,True,True,True,True,True,2902,496,1044,620,240,280,1796,200,0,0,0,0,0,0,0,0,WPT Ready,0,0,False,0,0,0,0,0,0,75%,50%,False,0x00,False,63%,0us,0.000V,0.000V,True,False,Charge Active,v01.23.7357,False,False,0x00,0x00,0x00,0x00,0x00,0x00,0x00,200,13,0,0,0,False,1.0V,0.030,1467mV,1,False,False,v01.20.7357
26-05-31 16:47:17.549787,2902,496,1044,620,240,280,1796,200,True,True,True,True,True,True,True,True,2902,496,1044,620,240,280,1796,200,0,0,0,0,0,0,0,0,WPT Ready,0,0,False,0,0,0,0,0,0,75%,50%,False,0x00,False,63%,0us,0.000V,0.000V,True,False,Charge Active,v01.23.7357,False,False,0x00,0x00,0x00,0x00,0x00,0x00,0x00,200,13,0,0,0,False,1.0V,0.030,1467mV,1,False,False,v01.20.7357
26-05-31 16:47:17.703234,2902,496,1044,620,240,280,1796,200,True,True,True,True,True,True,True,True,2902,496,1044,620,240,280,1796,200,0,0,0,0,0,0,0,0,WPT Ready,0,0,False,0,0,0,0,0,0,75%,50%,False,0x00,False,63%,0us,0.000V,0.000V,True,False,Charge Active,v01.23.7357,False,False,0x00,0x00,0x00,0x00,0x00,0x00,0x00,200,13,0,0,0,False,1.0V,0.030,1467mV,1,False,False,v01.20.7357
26-05-31 16:47:17.909389,2902,496,1044,620,240,280,1796,200,True,True,True,True,True,True,True,True,2902,496,1044,620,240,280,1796,200,0,0,0,0,0,0,0,0,WPT Ready,0,0,False,0,0,0,0,0,0,75%,50%,False,0x00,False,63%,0us,0.000V,0.000V,True,False,Charge Active,v01.23.7357,False,False,0x00,0x00,0x00,0x00,0x00,0x00,0x00,200,13,0,0,0,False,1.0V,0.030,1467mV,1,False,False,v01.20.7357
26-05-31 16:47:18.134864,2902,496,1044,620,240,280,1796,200,True,True,True,True,True,True,True,True,2902,496,1044,620,240,280,1796,200,0,0,0,0,0,0,0,0,WPT Ready,0,0,False,0,0,0,0,0,0,75%,50%,False,0x00,False,63%,0us,0.000V,0.000V,True,False,Charge Active,v01.23.7357,False,False,0x00,0x00,0x00,0x00,0x00,0x00,0x00,200,13,0,0,0,False,1.0V,0.030,1467mV,1,False,False,v01.20.7357
26-05-31 16:47:18.327835,2902,496,1044,620,240,280,1796,200,True,True,True,True,True,True,True,True,2902,496,1044,620,240,280,1796,200,0,0,0,0,0,0,0,0,WPT Ready,0,0,False,0,0,0,0,0,0,75%,50%,False,0x00,False,63%,0us,0.000V,0.000V,True,False,Charge Active,v01.23.7357,False,False,0x00,0x00,0x00,0x00,0x00,0x00,0x00,200,13,0,0,0,False,1.0V,0.030,1467mV,1,False,False,v01.20.7357
26-05-31 16:47:18.491750,2902,496,1044,620,240,280,1796,200,True,True,True,True,True,True,True,True,2902,496,1044,620,240,280,1796,200,0,0,0,0,0,0,0,0,WPT Ready,0,0,False,0,0,0,0,0,0,75%,50%,False,0x00,False,63%,0us,0.000V,0.000V,True,False,Charge Active,v01.23.7357,False,False,0x00,0x00,0x00,0x00,0x00,0x00,0x00,200,13,0,0,0,False,1.0V,0.030,1467mV,1,False,False,v01.20.7357
26-05-31 16:47:18.709368,2902,496,1044,620,240,280,1796,200,True,True,True,True,True,True,True,True,2902,496,1044,620,240,280,1796,200,0,0,0,0,0,0,0,0,WPT Ready,0,0,False,0,0,0,0,0,0,75%,50%,False,0x00,False,63%,0us,0.000V,0.000V,True,False,Charge Active,v01.23.7357,False,False,0x00,0x00,0x00,0x00,0x00,0x00,0x00,200,13,0,0,0,False,1.0V,0.030,1467mV,1,False,False,v01.20.7357
26-05-31 16:47:18.930104,2902,496,1044,620,240,280,1796,200,True,True,True,True,True,True,True,True,2902,496,1044,620,240,280,1796,200,0,0,0,0,0,0,0,0,WPT Ready,0,0,False,0,0,0,0,0,0,75%,50%,False,0x00,False,63%,0us,0.000V,0.000V,True,False,Charge Active,v01.23.7357,False,False,0x00,0x00,0x00,0x00,0x00,0x00,0x00,200,13,0,0,0,False,1.0V,0.030,1467mV,1,False,False,v01.20.7357
26-05-31 16:47:19.099714,2902,496,1044,620,240,280,1796,200,True,True,True,True,True,True,True,True,2902,496,1044,620,240,280,1796,200,0,0,0,0,0,0,0,0,WPT Ready,0,0,False,0,0,0,0,0,0,75%,50%,False,0x00,False,63%,0us,0.000V,0.000V,True,False,Charge Active,v01.23.7357,False,False,0x00,0x00,0x00,0x00,0x00,0x00,0x00,200,13,0,0,0,False,1.0V,0.030,1467mV,1,False,False,v01.20.7357
26-05-31 16:47:19.290274,2902,496,1044,620,240,280,1796,200,True,True,True,True,True,True,True,True,2902,496,1044,620,240,280,1796,200,0,0,0,0,0,0,0,0,WPT Ready,0,0,False,0,0,0,0,0,0,75%,50%,False,0x00,False,63%,0us,0.000V,0.000V,True,False,Charge Active,v01.23.7357,False,False,0x00,0x00,0x00,0x00,0x00,0x00,0x00,200,13,0,0,0,False,1.0V,0.030,1467mV,1,False,False,v01.20.7357
26-05-31 16:47:19.504200,2902,496,1044,620,240,280,1796,200,True,True,True,True,True,True,True,True,2902,496,1044,620,240,280,1796,200,0,0,0,0,0,0,0,0,WPT Ready,0,0,False,0,0,0,0,0,0,75%,50%,False,0x00,False,63%,0us,0.000V,0.000V,True,False,Charge Active,v01.23.7357,False,False,0x00,0x00,0x00,0x00,0x00,0x00,0x00,200,13,0,0,0,False,1.0V,0.030,1467mV,1,False,False,v01.20.7357
26-05-31 16:47:19.744384,2902,496,1044,620,240,280,1796,200,True,True,True,True,True,True,True,True,2902,496,1044,620,240,280,1796,200,0,0,0,0,0,0,0,0,WPT Ready,0,0,False,0,0,0,0,0,0,75%,50%,False,0x00,False,63%,0us,0.000V,0.000V,True,False,Charge Active,v01.23.7357,False,False,0x00,0x00,0x00,0x00,0x00,0x00,0x00,200,13,0,0,0,False,1.0V,0.030,1467mV,1,False,False,v01.20.7357
26-05-31 16:47:19.943018,2902,496,1044,620,240,280,1796,200,True,True,True,True,True,True,True,True,2902,496,1044,620,240,280,1796,200,0,0,0,0,0,0,0,0,WPT Ready,0,0,False,0,0,0,0,0,0,75%,50%,False,0x00,False,63%,0us,0.000V,0.000V,True,False,Charge Active,v01.23.7357,False,False,0x00,0x00,0x00,0x00,0x00,0x00,0x00,200,13,0,0,0,False,1.0V,0.030,1467mV,1,False,False,v01.20.7357
26-05-31 16:47:20.097268,2902,496,1044,620,240,280,1796,200,True,True,True,True,True,True,True,True,2902,496,1044,620,240,280,1796,200,0,0,0,0,0,0,0,0,WPT Ready,0,0,False,0,0,0,0,0,0,75%,50%,False,0x00,False,63%,0us,0.000V,0.000V,True,False,Charge Active,v01.23.7357,False,False,0x00,0x00,0x00,0x00,0x00,0x00,0x00,200,13,0,0,0,False,1.0V,0.030,1467mV,1,False,False,v01.20.7357
26-05-31 16:47:20.309124,2902,496,1044,620,240,280,1796,200,True,True,True,True,True,True,True,True,2902,496,1044,620,240,280,1796,200,0,0,0,0,0,0,0,0,WPT Ready,0,0,False,0,0,0,0,0,0,75%,50%,False,0x00,False,63%,0us,0.000V,0.000V,True,False,Charge Active,v01.23.7357,False,False,0x00,0x00,0x00,0x00,0x00,0x00,0x00,200,13,0,0,0,False,1.0V,0.030,1467mV,1,False,False,v01.20.7357
26-05-31 16:47:20.526097,2902,496,1044,620,240,280,1796,200,True,True,True,True,True,True,True,True,2902,496,1044,620,240,280,1796,200,0,0,0,0,0,0,0,0,WPT Ready,0,0,False,0,0,0,0,0,0,75%,50%,False,0x00,False,63%,0us,0.000V,0.000V,True,False,Charge Active,v01.23.7357,False,False,0x00,0x00,0x00,0x00,0x00,0x00,0x00,200,13,0,0,0,False,1.0V,0.030,1467mV,1,False,False,v01.20.7357
26-05-31 16:47:20.699061,2902,496,1044,620,240,280,1796,200,True,True,True,True,True,True,True,True,2902,496,1044,620,240,280,1796,200,0,0,0,0,0,0,0,0,WPT Ready,0,0,False,0,0,0,0,0,0,75%,50%,False,0x00,False,63%,0us,0.000V,0.000V,True,False,Charge Active,v01.23.7357,False,False,0x00,0x00,0x00,0x00,0x00,0x00,0x00,200,13,0,0,0,False,1.0V,0.030,1467mV,1,False,False,v01.20.7357
26-05-31 16:47:20.892074,2902,496,1044,620,240,280,1796,200,True,True,True,True,True,True,True,True,2902,496,1044,620,240,280,1796,200,0,0,0,0,0,0,0,0,WPT Ready,0,0,False,0,0,0,0,0,0,75%,50%,False,0x00,False,63%,0us,0.000V,0.000V,True,False,Charge Active,v01.23.7357,False,False,0x00,0x00,0x00,0x00,0x00,0x00,0x00,200,13,0,0,0,False,1.0V,0.030,1467mV,1,False,False,v01.20.7357
26-05-31 16:47:21.127023,2902,496,1044,620,240,280,1796,200,True,True,True,True,True,True,True,True,2902,496,1044,620,240,280,1796,200,0,0,0,0,0,0,0,0,WPT Ready,0,0,False,0,0,0,0,0,0,75%,50%,False,0x00,False,63%,0us,0.000V,0.000V,True,False,Charge Active,v01.23.7357,False,False,0x00,0x00,0x00,0x00,0x00,0x00,0x00,200,13,0,0,0,False,1.0V,0.030,1467mV,1,False,False,v01.20.7357
26-05-31 16:47:21.307945,2902,496,1044,620,240,280,1796,200,True,True,True,True,True,True,True,True,2902,496,1044,620,240,280,1796,200,0,0,0,0,0,0,0,0,WPT Ready,0,0,False,0,0,0,0,0,0,75%,50%,False,0x00,False,63%,0us,0.000V,0.000V,True,False,Charge Active,v01.23.7357,False,False,0x00,0x00,0x00,0x00,0x00,0x00,0x00,200,13,0,0,0,False,1.0V,0.030,1467mV,1,False,False,v01.20.7357
26-05-31 16:47:21.501727,2902,496,1044,620,240,280,1796,200,True,True,True,True,True,True,True,True,2902,496,1044,620,240,280,1796,200,0,0,0,0,0,0,0,0,WPT Ready,0,0,False,0,0,0,0,0,0,75%,50%,False,0x00,False,63%,0us,0.000V,0.000V,True,False,Charge Active,v01.23.7357,False,False,0x00,0x00,0x00,0x00,0x00,0x00,0x00,200,13,0,0,0,False,1.0V,0.030,1467mV,1,False,False,v01.20.7357
26-05-31 16:47:21.716586,2902,496,1044,620,240,280,1796,200,True,True,True,True,True,True,True,True,2902,496,1044,620,240,280,1796,200,0,0,0,0,0,0,0,0,WPT Ready,0,0,False,0,0,0,0,0,0,75%,50%,False,0x00,False,63%,0us,0.000V,0.000V,True,False,Charge Active,v01.23.7357,False,False,0x00,0x00,0x00,0x00,0x00,0x00,0x00,200,13,0,0,0,False,1.0V,0.030,1467mV,1,False,False,v01.20.7357
26-05-31 16:47:21.927787,2902,496,1044,620,240,280,1796,200,True,True,True,True,True,True,True,True,2902,496,1044,620,240,280,1796,200,0,0,0,0,0,0,0,0,WPT Ready,0,0,False,0,0,0,0,0,0,75%,50%,False,0x00,False,63%,0us,0.000V,0.000V,True,False,Charge Active,v01.23.7357,False,False,0x00,0x00,0x00,0x00,0x00,0x00,0x00,200,13,0,0,0,False,1.0V,0.030,1467mV,1,False,False,v01.20.7357
26-05-31 16:47:22.090077,2902,496,1044,620,240,280,1796,200,True,True,True,True,True,True,True,True,2902,496,1044,620,240,280,1796,200,0,0,0,0,0,0,0,0,WPT Ready,0,0,False,0,0,0,0,0,0,75%,50%,False,0x00,False,63%,0us,0.000V,0.000V,True,False,Charge Active,v01.23.7357,False,False,0x00,0x00,0x00,0x00,0x00,0x00,0x00,200,13,0,0,0,False,1.0V,0.030,1467mV,1,False,False,v01.20.7357
26-05-31 16:47:22.300977,2902,496,1044,620,240,280,1796,200,True,True,True,True,True,True,True,True,2902,496,1044,620,240,280,1796,200,0,0,0,0,0,0,0,0,WPT Ready,0,0,False,0,0,0,0,0,0,75%,50%,False,0x00,False,63%,0us,0.000V,0.000V,True,False,Charge Active,v01.23.7357,False,False,0x00,0x00,0x00,0x00,0x00,0x00,0x00,200,13,0,0,0,False,1.0V,0.030,1467mV,1,False,False,v01.20.7357
26-05-31 16:47:22.501790,2902,496,1044,620,240,280,1796,200,True,True,True,True,True,True,True,True,2902,496,1044,620,240,280,1796,200,0,0,0,0,0,0,0,0,WPT Ready,0,0,False,0,0,0,0,0,0,75%,50%,False,0x00,False,63%,0us,0.000V,0.000V,True,False,Charge Active,v01.23.7357,False,False,0x00,0x00,0x00,0x00,0x00,0x00,0x00,200,13,0,0,0,False,1.0V,0.030,1467mV,1,False,False,v01.20.7357
26-05-31 16:47:22.725191,2902,496,1044,620,240,280,1796,200,True,True,True,True,True,True,True,True,2902,496,1044,620,240,280,1796,200,0,0,0,0,0,0,0,0,WPT Ready,0,0,False,0,0,0,0,0,0,75%,50%,False,0x00,False,63%,0us,0.000V,0.000V,True,False,Charge Active,v01.23.7357,False,False,0x00,0x00,0x00,0x00,0x00,0x00,0x00,200,13,0,0,0,False,1.0V,0.030,1467mV,1,False,False,v01.20.7357
26-05-31 16:47:22.930407,2902,496,1044,620,240,280,1796,200,True,True,True,True,True,True,True,True,2902,496,1044,620,240,280,1796,200,0,0,0,0,0,0,0,0,WPT Ready,0,0,False,0,0,0,0,0,0,75%,50%,False,0x00,False,63%,0us,0.000V,0.000V,True,False,Charge Active,v01.23.7357,False,False,0x00,0x00,0x00,0x00,0x00,0x00,0x00,200,13,0,0,0,False,1.0V,0.030,1467mV,1,False,False,v01.20.7357
26-05-31 16:47:23.101613,2902,496,1044,620,240,280,1796,200,True,True,True,True,True,True,True,True,2902,496,1044,620,240,280,1796,200,0,0,0,0,0,0,0,0,WPT Ready,0,0,False,0,0,0,0,0,0,75%,50%,False,0x00,False,63%,0us,0.000V,0.000V,True,False,Charge Active,v01.23.7357,False,False,0x00,0x00,0x00,0x00,0x00,0x00,0x00,200,13,0,0,0,False,1.0V,0.030,1467mV,1,False,False,v01.20.7357
26-05-31 16:47:23.306739,2902,496,1044,620,240,280,1796,200,True,True,True,True,True,True,True,True,2902,496,1044,620,240,280,1796,200,0,0,0,0,0,0,0,0,WPT Ready,0,0,False,0,0,0,0,0,0,75%,50%,False,0x00,False,63%,0us,0.000V,0.000V,True,False,Charge Active,v01.23.7357,False,False,0x00,0x00,0x00,0x00,0x00,0x00,0x00,200,13,0,0,0,False,1.0V,0.030,1467mV,1,False,False,v01.20.7357
26-05-31 16:47:23.525081,2902,496,1044,620,240,280,1796,200,True,True,True,True,True,True,True,True,2902,496,1044,620,240,280,1796,200,0,0,0,0,0,0,0,0,WPT Ready,0,0,False,0,0,0,0,0,0,75%,50%,False,0x00,False,63%,0us,0.000V,0.000V,True,False,Charge Active,v01.23.7357,False,False,0x00,0x00,0x00,0x00,0x00,0x00,0x00,200,13,0,0,0,False,1.0V,0.030,1467mV,1,False,False,v01.20.7357
26-05-31 16:47:23.727598,2902,496,1044,620,240,280,1796,200,True,True,True,True,True,True,True,True,2902,496,1044,620,240,280,1796,200,0,0,0,0,0,0,0,0,WPT Ready,0,0,False,0,0,0,0,0,0,75%,50%,False,0x00,False,63%,0us,0.000V,0.000V,True,False,Charge Active,v01.23.7357,False,False,0x00,0x00,0x00,0x00,0x00,0x00,0x00,200,13,0,0,0,False,1.0V,0.030,1467mV,1,False,False,v01.20.7357
26-05-31 16:47:23.904212,2902,496,1044,620,240,280,1796,200,True,True,True,True,True,True,True,True,2902,496,1044,620,240,280,1796,200,0,0,0,0,0,0,0,0,WPT Ready,0,0,False,0,0,0,0,0,0,75%,50%,False,0x00,False,63%,0us,0.000V,0.000V,True,False,Charge Active,v01.23.7357,False,False,0x00,0x00,0x00,0x00,0x00,0x00,0x00,200,13,0,0,0,False,1.0V,0.030,1467mV,1,False,False,v01.20.7357
26-05-31 16:47:24.094227,2902,496,1044,620,240,280,1796,200,True,True,True,True,True,True,True,True,2902,496,1044,620,240,280,1796,200,0,0,0,0,0,0,0,0,WPT Ready,0,0,False,0,0,0,0,0,0,75%,50%,False,0x00,False,63%,0us,0.000V,0.000V,True,False,Charge Active,v01.23.7357,False,False,0x00,0x00,0x00,0x00,0x00,0x00,0x00,200,13,0,0,0,False,1.0V,0.030,1467mV,1,False,False,v01.20.7357
26-05-31 16:47:24.344426,2902,496,1044,620,240,280,1796,200,True,True,True,True,True,True,True,True,2902,496,1044,620,240,280,1796,200,0,0,0,0,0,0,0,0,WPT Ready,0,0,False,0,0,0,0,0,0,75%,50%,False,0x00,False,63%,0us,0.000V,0.000V,True,False,Charge Active,v01.23.7357,False,False,0x00,0x00,0x00,0x00,0x00,0x00,0x00,200,13,0,0,0,False,1.0V,0.030,1467mV,1,False,False,v01.20.7357
26-05-31 16:47:24.534990,2902,496,1044,620,240,280,1796,200,True,True,True,True,True,True,True,True,2902,496,1044,620,240,280,1796,200,0,0,0,0,0,0,0,0,WPT Ready,0,0,False,0,0,0,0,0,0,75%,50%,False,0x00,False,63%,0us,0.000V,0.000V,True,False,Charge Active,v01.23.7357,False,False,0x00,0x00,0x00,0x00,0x00,0x00,0x00,200,13,0,0,0,False,1.0V,0.030,1467mV,1,False,False,v01.20.7357
26-05-31 16:47:24.702696,2902,496,1044,620,240,280,1796,200,True,True,True,True,True,True,True,True,2902,496,1044,620,240,280,1796,200,0,0,0,0,0,0,0,0,WPT Ready,0,0,False,0,0,0,0,0,0,75%,50%,False,0x00,False,63%,0us,0.000V,0.000V,True,False,Charge Active,v01.23.7357,False,False,0x00,0x00,0x00,0x00,0x00,0x00,0x00,200,13,0,0,0,False,1.0V,0.030,1467mV,1,False,False,v01.20.7357
26-05-31 16:47:24.912406,2902,496,1044,620,240,280,1796,200,True,True,True,True,True,True,True,True,2902,496,1044,620,240,280,1796,200,0,0,0,0,0,0,0,0,WPT Ready,0,0,False,0,0,0,0,0,0,75%,50%,False,0x00,False,63%,0us,0.000V,0.000V,True,False,Charge Active,v01.23.7357,False,False,0x00,0x00,0x00,0x00,0x00,0x00,0x00,200,13,0,0,0,False,1.0V,0.030,1467mV,1,False,False,v01.20.7357
26-05-31 16:47:25.131660,2902,496,1044,620,240,280,1796,200,True,True,True,True,True,True,True,True,2902,496,1044,620,240,280,1796,200,0,0,0,0,0,0,0,0,WPT Ready,0,0,False,0,0,0,0,0,0,75%,50%,False,0x00,False,63%,0us,0.000V,0.000V,True,False,Charge Active,v01.23.7357,False,False,0x00,0x00,0x00,0x00,0x00,0x00,0x00,200,13,0,0,0,False,1.0V,0.030,1467mV,1,False,False,v01.20.7357
26-05-31 16:47:25.304927,2902,496,1044,620,240,280,1796,200,True,True,True,True,True,True,True,True,2902,496,1044,620,240,280,1796,200,0,0,0,0,0,0,0,0,WPT Ready,0,0,False,0,0,0,0,0,0,75%,50%,False,0x00,False,63%,0us,0.000V,0.000V,True,False,Charge Active,v01.23.7357,False,False,0x00,0x00,0x00,0x00,0x00,0x00,0x00,200,13,0,0,0,False,1.0V,0.030,1467mV,1,False,False,v01.20.7357
26-05-31 16:47:25.503596,2902,496,1044,620,240,280,1796,200,True,True,True,True,True,True,True,True,2902,496,1044,620,240,280,1796,200,0,0,0,0,0,0,0,0,WPT Ready,0,0,False,0,0,0,0,0,0,75%,50%,False,0x00,False,63%,0us,0.000V,0.000V,True,False,Charge Active,v01.23.7357,False,False,0x00,0x00,0x00,0x00,0x00,0x00,0x00,200,13,0,0,0,False,1.0V,0.030,1467mV,1,False,False,v01.20.7357
26-05-31 16:47:25.715506,2902,496,1044,620,240,280,1796,200,True,True,True,True,True,True,True,True,2902,496,1044,620,240,280,1796,200,0,0,0,0,0,0,0,0,WPT Ready,0,0,False,0,0,0,0,0,0,75%,50%,False,0x00,False,63%,0us,0.000V,0.000V,True,False,Charge Active,v01.23.7357,False,False,0x00,0x00,0x00,0x00,0x00,0x00,0x00,200,13,0,0,0,False,1.0V,0.030,1467mV,1,False,False,v01.20.7357
26-05-31 16:47:25.945924,2902,496,1044,620,240,280,1796,200,True,True,True,True,True,True,True,True,2902,496,1044,620,240,280,1796,200,0,0,0,0,0,0,0,0,WPT Ready,0,0,False,0,0,0,0,0,0,75%,50%,False,0x00,False,63%,0us,0.000V,0.000V,True,False,Charge Active,v01.23.7357,False,False,0x00,0x00,0x00,0x00,0x00,0x00,0x00,200,13,0,0,0,False,1.0V,0.030,1467mV,1,False,False,v01.20.7357
26-05-31 16:47:26.093102,2902,496,1044,620,240,280,1796,200,True,True,True,True,True,True,True,True,2902,496,1044,620,240,280,1796,200,0,0,0,0,0,0,0,0,WPT Ready,0,0,False,0,0,0,0,0,0,75%,50%,False,0x00,False,63%,0us,0.000V,0.000V,True,False,Charge Active,v01.23.7357,False,False,0x00,0x00,0x00,0x00,0x00,0x00,0x00,200,13,0,0,0,False,1.0V,0.030,1467mV,1,False,False,v01.20.7357
26-05-31 16:47:26.291831,2902,496,1044,620,240,280,1796,200,True,True,True,True,True,True,True,True,2902,496,1044,620,240,280,1796,200,0,0,0,0,0,0,0,0,WPT Ready,0,0,False,0,0,0,0,0,0,75%,50%,False,0x00,False,63%,0us,0.000V,0.000V,True,False,Charge Active,v01.23.7357,False,False,0x00,0x00,0x00,0x00,0x00,0x00,0x00,200,13,0,0,0,False,1.0V,0.030,1467mV,1,False,False,v01.20.7357
26-05-31 16:47:26.536206,2902,496,1044,620,240,280,1796,200,True,True,True,True,True,True,True,True,2902,496,1044,620,240,280,1796,200,0,0,0,0,0,0,0,0,WPT Ready,0,0,False,0,0,0,0,0,0,75%,50%,False,0x00,False,63%,0us,0.000V,0.000V,True,False,Charge Active,v01.23.7357,False,False,0x00,0x00,0x00,0x00,0x00,0x00,0x00,200,13,0,0,0,False,1.0V,0.030,1467mV,1,False,False,v01.20.7357
26-05-31 16:47:26.728743,2902,496,1044,620,240,280,1796,200,True,True,True,True,True,True,True,True,2902,496,1044,620,240,280,1796,200,0,0,0,0,0,0,0,0,WPT Ready,0,0,False,0,0,0,0,0,0,75%,50%,False,0x00,False,63%,0us,0.000V,0.000V,True,False,Charge Active,v01.23.7357,False,False,0x00,0x00,0x00,0x00,0x00,0x00,0x00,200,13,0,0,0,False,1.0V,0.030,1467mV,1,False,False,v01.20.7357
26-05-31 16:47:26.901472,2902,496,1044,620,240,280,1796,200,True,True,True,True,True,True,True,True,2902,496,1044,620,240,280,1796,200,0,0,0,0,0,0,0,0,WPT Ready,0,0,False,0,0,0,0,0,0,75%,50%,False,0x00,False,63%,0us,0.000V,0.000V,True,False,Charge Active,v01.23.7357,False,False,0x00,0x00,0x00,0x00,0x00,0x00,0x00,200,13,0,0,0,False,1.0V,0.030,1467mV,1,False,False,v01.20.7357
26-05-31 16:47:27.100303,2902,496,1044,620,240,280,1796,200,True,True,True,True,True,True,True,True,2902,496,1044,620,240,280,1796,200,0,0,0,0,0,0,0,0,WPT Ready,0,0,False,0,0,0,0,0,0,75%,50%,False,0x00,False,63%,0us,0.000V,0.000V,True,False,Charge Active,v01.23.7357,False,False,0x00,0x00,0x00,0x00,0x00,0x00,0x00,200,13,0,0,0,False,1.0V,0.030,1467mV,1,False,False,v01.20.7357
26-05-31 16:47:27.318684,2902,496,1044,620,240,280,1796,200,True,True,True,True,True,True,True,True,2902,496,1044,620,240,280,1796,200,0,0,0,0,0,0,0,0,WPT Ready,0,0,False,0,0,0,0,0,0,75%,50%,False,0x00,False,63%,0us,0.000V,0.000V,True,False,Charge Active,v01.23.7357,False,False,0x00,0x00,0x00,0x00,0x00,0x00,0x00,200,13,0,0,0,False,1.0V,0.030,1467mV,1,False,False,v01.20.7357
26-05-31 16:47:27.531359,2902,496,1044,620,240,280,1796,200,True,True,True,True,True,True,True,True,2902,496,1044,620,240,280,1796,200,0,0,0,0,0,0,0,0,WPT Ready,0,0,False,0,0,0,0,0,0,75%,50%,False,0x00,False,63%,0us,0.000V,0.000V,True,False,Charge Active,v01.23.7357,False,False,0x00,0x00,0x00,0x00,0x00,0x00,0x00,200,13,0,0,0,False,1.0V,0.030,1467mV,1,False,False,v01.20.7357
26-05-31 16:47:27.701105,2902,496,1044,620,240,280,1796,200,True,True,True,True,True,True,True,True,2902,496,1044,620,240,280,1796,200,0,0,0,0,0,0,0,0,WPT Ready,0,0,False,0,0,0,0,0,0,75%,50%,False,0x00,False,63%,0us,0.000V,0.000V,True,False,Charge Active,v01.23.7357,False,False,0x00,0x00,0x00,0x00,0x00,0x00,0x00,200,13,0,0,0,False,1.0V,0.030,1467mV,1,False,False,v01.20.7357
26-05-31 16:47:27.890310,2902,496,1044,620,240,280,1796,200,True,True,True,True,True,True,True,True,2902,496,1044,620,240,280,1796,200,0,0,0,0,0,0,0,0,WPT Ready,0,0,False,0,0,0,0,0,0,75%,50%,False,0x00,False,63%,0us,0.000V,0.000V,True,False,Charge Active,v01.23.7357,False,False,0x00,0x00,0x00,0x00,0x00,0x00,0x00,200,13,0,0,0,False,1.0V,0.030,1467mV,1,False,False,v01.20.7357
26-05-31 16:47:28.123985,2902,496,1044,620,240,280,1796,200,True,True,True,True,True,True,True,True,2902,496,1044,620,240,280,1796,200,0,0,0,0,0,0,0,0,WPT Ready,0,0,False,0,0,0,0,0,0,75%,50%,False,0x00,False,63%,0us,0.000V,0.000V,True,False,Charge Active,v01.23.7357,False,False,0x00,0x00,0x00,0x00,0x00,0x00,0x00,200,13,0,0,0,False,1.0V,0.030,1467mV,1,False,False,v01.20.7357
26-05-31 16:47:28.318421,2902,496,1044,620,240,280,1796,200,True,True,True,True,True,True,True,True,2902,496,1044,620,240,280,1796,200,0,0,0,0,0,0,0,0,WPT Ready,0,0,False,0,0,0,0,0,0,75%,50%,False,0x00,False,63%,0us,0.000V,0.000V,True,False,Charge Active,v01.23.7357,False,False,0x00,0x00,0x00,0x00,0x00,0x00,0x00,200,13,0,0,0,False,1.0V,0.030,1467mV,1,False,False,v01.20.7357
26-05-31 16:47:28.530603,2902,496,1044,620,240,280,1796,200,True,True,True,True,True,True,True,True,2902,496,1044,620,240,280,1796,200,0,0,0,0,0,0,0,0,WPT Ready,0,0,False,0,0,0,0,0,0,75%,50%,False,0x00,False,63%,0us,0.000V,0.000V,True,False,Charge Active,v01.23.7357,False,False,0x00,0x00,0x00,0x00,0x00,0x00,0x00,200,13,0,0,0,False,1.0V,0.030,1467mV,1,False,False,v01.20.7357
26-05-31 16:47:28.740501,2902,496,1044,620,240,280,1796,200,True,True,True,True,True,True,True,True,2902,496,1044,620,240,280,1796,200,0,0,0,0,0,0,0,0,WPT Ready,0,0,False,0,0,0,0,0,0,75%,50%,False,0x00,False,63%,0us,0.000V,0.000V,True,False,Charge Active,v01.23.7357,False,False,0x00,0x00,0x00,0x00,0x00,0x00,0x00,200,13,0,0,0,False,1.0V,0.030,1467mV,1,False,False,v01.20.7357
26-05-31 16:47:28.898398,2902,496,1044,620,240,280,1796,200,True,True,True,True,True,True,True,True,2902,496,1044,620,240,280,1796,200,0,0,0,0,0,0,0,0,WPT Ready,0,0,False,0,0,0,0,0,0,75%,50%,False,0x00,False,63%,0us,0.000V,0.000V,True,False,Charge Active,v01.23.7357,False,False,0x00,0x00,0x00,0x00,0x00,0x00,0x00,200,13,0,0,0,False,1.0V,0.030,1467mV,1,False,False,v01.20.7357
26-05-31 16:47:29.098805,2902,496,1044,620,240,280,1796,200,True,True,True,True,True,True,True,True,2902,496,1044,620,240,280,1796,200,0,0,0,0,0,0,0,0,WPT Ready,0,0,False,0,0,0,0,0,0,75%,50%,False,0x00,False,63%,0us,0.000V,0.000V,True,False,Charge Active,v01.23.7357,False,False,0x00,0x00,0x00,0x00,0x00,0x00,0x00,200,13,0,0,0,False,1.0V,0.030,1467mV,1,False,False,v01.20.7357
26-05-31 16:47:29.317013,2902,496,1044,620,240,280,1796,200,True,True,True,True,True,True,True,True,2902,496,1044,620,240,280,1796,200,0,0,0,0,0,0,0,0,WPT Ready,0,0,False,0,0,0,0,0,0,75%,50%,False,0x00,False,63%,0us,0.000V,0.000V,True,False,Charge Active,v01.23.7357,False,False,0x00,0x00,0x00,0x00,0x00,0x00,0x00,200,13,0,0,0,False,1.0V,0.030,1467mV,1,False,False,v01.20.7357
26-05-31 16:47:29.531394,2902,496,1044,620,240,280,1796,200,True,True,True,True,True,True,True,True,2902,496,1044,620,240,280,1796,200,0,0,0,0,0,0,0,0,WPT Ready,0,0,False,0,0,0,0,0,0,75%,50%,False,0x00,False,63%,0us,0.000V,0.000V,True,False,Charge Active,v01.23.7357,False,False,0x00,0x00,0x00,0x00,0x00,0x00,0x00,200,13,0,0,0,False,1.0V,0.030,1467mV,1,False,False,v01.20.7357
26-05-31 16:47:29.689307,2902,496,1044,620,240,280,1796,200,True,True,True,True,True,True,True,True,2902,496,1044,620,240,280,1796,200,0,0,0,0,0,0,0,0,WPT Ready,0,0,False,0,0,0,0,0,0,75%,50%,False,0x00,False,63%,0us,0.000V,0.000V,True,False,Charge Active,v01.23.7357,False,False,0x00,0x00,0x00,0x00,0x00,0x00,0x00,200,13,0,0,0,False,1.0V,0.030,1467mV,1,False,False,v01.20.7357
26-05-31 16:47:29.902644,2902,496,1044,620,240,280,1796,200,True,True,True,True,True,True,True,True,2902,496,1044,620,240,280,1796,200,0,0,0,0,0,0,0,0,WPT Ready,0,0,False,0,0,0,0,0,0,75%,50%,False,0x00,False,63%,0us,0.000V,0.000V,True,False,Charge Active,v01.23.7357,False,False,0x00,0x00,0x00,0x00,0x00,0x00,0x00,200,13,0,0,0,False,1.0V,0.030,1467mV,1,False,False,v01.20.7357
26-05-31 16:47:30.115475,2902,496,1044,620,240,280,1796,200,True,True,True,True,True,True,True,True,2902,496,1044,620,240,280,1796,200,0,0,0,0,0,0,0,0,WPT Ready,0,0,False,0,0,0,0,0,0,75%,50%,False,0x00,False,63%,0us,0.000V,0.000V,True,False,Charge Active,v01.23.7357,False,False,0x00,0x00,0x00,0x00,0x00,0x00,0x00,200,13,0,0,0,False,1.0V,0.030,1467mV,1,False,False,v01.20.7357
26-05-31 16:47:30.290167,2902,496,1044,620,240,280,1796,200,True,True,True,True,True,True,True,True,2902,496,1044,620,240,280,1796,200,0,0,0,0,0,0,0,0,WPT Ready,0,0,False,0,0,0,0,0,0,75%,50%,False,0x00,False,63%,0us,0.000V,0.000V,True,False,Charge Active,v01.23.7357,False,False,0x00,0x00,0x00,0x00,0x00,0x00,0x00,200,13,0,0,0,False,1.0V,0.030,1467mV,1,False,False,v01.20.7357
26-05-31 16:47:30.490583,2902,496,1044,620,240,280,1796,200,True,True,True,True,True,True,True,True,2902,496,1044,620,240,280,1796,200,0,0,0,0,0,0,0,0,WPT Ready,0,0,False,0,0,0,0,0,0,75%,50%,False,0x00,False,63%,0us,0.000V,0.000V,True,False,Charge Active,v01.23.7357,False,False,0x00,0x00,0x00,0x00,0x00,0x00,0x00,200,13,0,0,0,False,1.0V,0.030,1467mV,1,False,False,v01.20.7357
26-05-31 16:47:30.720547,2902,496,1044,620,240,280,1796,200,True,True,True,True,True,True,True,True,2902,496,1044,620,240,280,1796,200,0,0,0,0,0,0,0,0,WPT Ready,0,0,False,0,0,0,0,0,0,75%,50%,False,0x00,False,63%,0us,0.000V,0.000V,True,False,Charge Active,v01.23.7357,False,False,0x00,0x00,0x00,0x00,0x00,0x00,0x00,200,13,0,0,0,False,1.0V,0.030,1467mV,1,False,False,v01.20.7357
26-05-31 16:47:30.890133,2902,496,1044,620,240,280,1796,200,True,True,True,True,True,True,True,True,2902,496,1044,620,240,280,1796,200,0,0,0,0,0,0,0,0,WPT Ready,0,0,False,0,0,0,0,0,0,75%,50%,False,0x00,False,63%,0us,0.000V,0.000V,True,False,Charge Active,v01.23.7357,False,False,0x00,0x00,0x00,0x00,0x00,0x00,0x00,200,13,0,0,0,False,1.0V,0.030,1467mV,1,False,False,v01.20.7357
26-05-31 16:47:31.096545,2902,496,1044,620,240,280,1796,200,True,True,True,True,True,True,True,True,2902,496,1044,620,240,280,1796,200,0,0,0,0,0,0,0,0,WPT Ready,0,0,False,0,0,0,0,0,0,75%,50%,False,0x00,False,63%,0us,0.000V,0.000V,True,False,Charge Active,v01.23.7357,False,False,0x00,0x00,0x00,0x00,0x00,0x00,0x00,200,13,0,0,0,False,1.0V,0.030,1467mV,1,False,False,v01.20.7357
26-05-31 16:47:31.324407,2902,496,1044,620,240,280,1796,200,True,True,True,True,True,True,True,True,2902,496,1044,620,240,280,1796,200,0,0,0,0,0,0,0,0,WPT Ready,0,0,False,0,0,0,0,0,0,75%,50%,False,0x00,False,63%,0us,0.000V,0.000V,True,False,Charge Active,v01.23.7357,False,False,0x00,0x00,0x00,0x00,0x00,0x00,0x00,200,13,0,0,0,False,1.0V,0.030,1467mV,1,False,False,v01.20.7357
26-05-31 16:47:31.512174,2902,496,1044,620,240,280,1796,200,True,True,True,True,True,True,True,True,2902,496,1044,620,240,280,1796,200,0,0,0,0,0,0,0,0,WPT Ready,0,0,False,0,0,0,0,0,0,75%,50%,False,0x00,False,63%,0us,0.000V,0.000V,True,False,Charge Active,v01.23.7357,False,False,0x00,0x00,0x00,0x00,0x00,0x00,0x00,200,13,0,0,0,False,1.0V,0.030,1467mV,1,False,False,v01.20.7357
26-05-31 16:47:31.716958,2902,496,1044,620,240,280,1796,200,True,True,True,True,True,True,True,True,2902,496,1044,620,240,280,1796,200,0,0,0,0,0,0,0,0,WPT Ready,0,0,False,0,0,0,0,0,0,75%,50%,False,0x00,False,63%,0us,0.000V,0.000V,True,False,Charge Active,v01.23.7357,False,False,0x00,0x00,0x00,0x00,0x00,0x00,0x00,200,13,0,0,0,False,1.0V,0.030,1467mV,1,False,False,v01.20.7357
26-05-31 16:47:31.899624,2902,496,1044,620,240,280,1796,200,True,True,True,True,True,True,True,True,2902,496,1044,620,240,280,1796,200,0,0,0,0,0,0,0,0,WPT Ready,0,0,False,0,0,0,0,0,0,75%,50%,False,0x00,False,63%,0us,0.000V,0.000V,True,False,Charge Active,v01.23.7357,False,False,0x00,0x00,0x00,0x00,0x00,0x00,0x00,200,13,0,0,0,False,1.0V,0.030,1467mV,1,False,False,v01.20.7357
26-05-31 16:47:32.106423,2902,496,1044,620,240,280,1796,200,True,True,True,True,True,True,True,True,2902,496,1044,620,240,280,1796,200,0,0,0,0,0,0,0,0,WPT Ready,0,0,False,0,0,0,0,0,0,75%,50%,False,0x00,False,63%,0us,0.000V,0.000V,True,False,Charge Active,v01.23.7357,False,False,0x00,0x00,0x00,0x00,0x00,0x00,0x00,200,13,0,0,0,False,1.0V,0.030,1467mV,1,False,False,v01.20.7357
26-05-31 16:47:32.328732,2902,496,1044,620,240,280,1796,200,True,True,True,True,True,True,True,True,2902,496,1044,620,240,280,1796,200,0,0,0,0,0,0,0,0,WPT Ready,0,0,False,0,0,0,0,0,0,75%,50%,False,0x00,False,63%,0us,0.000V,0.000V,True,False,Charge Active,v01.23.7357,False,False,0x00,0x00,0x00,0x00,0x00,0x00,0x00,200,13,0,0,0,False,1.0V,0.030,1467mV,1,False,False,v01.20.7357
26-05-31 16:47:32.504972,2902,496,1044,620,240,280,1796,200,True,True,True,True,True,True,True,True,2902,496,1044,620,240,280,1796,200,0,0,0,0,0,0,0,0,WPT Ready,0,0,False,0,0,0,0,0,0,75%,50%,False,0x00,False,63%,0us,0.000V,0.000V,True,False,Charge Active,v01.23.7357,False,False,0x00,0x00,0x00,0x00,0x00,0x00,0x00,200,13,0,0,0,False,1.0V,0.030,1467mV,1,False,False,v01.20.7357
26-05-31 16:47:32.725008,2902,496,1044,620,240,280,1796,200,True,True,True,True,True,True,True,True,2902,496,1044,620,240,280,1796,200,0,0,0,0,0,0,0,0,WPT Ready,0,0,False,0,0,0,0,0,0,75%,50%,False,0x00,False,63%,0us,0.000V,0.000V,True,False,Charge Active,v01.23.7357,False,False,0x00,0x00,0x00,0x00,0x00,0x00,0x00,200,13,0,0,0,False,1.0V,0.030,1467mV,1,False,False,v01.20.7357
26-05-31 16:47:32.919455,2902,496,1044,620,240,280,1796,200,True,True,True,True,True,True,True,True,2902,496,1044,620,240,280,1796,200,0,0,0,0,0,0,0,0,WPT Ready,0,0,False,0,0,0,0,0,0,75%,50%,False,0x00,False,63%,0us,0.000V,0.000V,True,False,Charge Active,v01.23.7357,False,False,0x00,0x00,0x00,0x00,0x00,0x00,0x00,200,13,0,0,0,False,1.0V,0.030,1467mV,1,False,False,v01.20.7357
26-05-31 16:47:33.090380,2902,496,1044,620,240,280,1796,200,True,True,True,True,True,True,True,True,2902,496,1044,620,240,280,1796,200,0,0,0,0,0,0,0,0,WPT Ready,0,0,False,0,0,0,0,0,0,75%,50%,False,0x00,False,63%,0us,0.000V,0.000V,True,False,Charge Active,v01.23.7357,False,False,0x00,0x00,0x00,0x00,0x00,0x00,0x00,200,13,0,0,0,False,1.0V,0.030,1467mV,1,False,False,v01.20.7357
26-05-31 16:47:33.348453,2902,496,1044,620,240,280,1796,200,True,True,True,True,True,True,True,True,2902,496,1044,620,240,280,1796,200,0,0,0,0,0,0,0,0,WPT Ready,0,0,False,0,0,0,0,0,0,75%,50%,False,0x00,False,63%,0us,0.000V,0.000V,True,False,Charge Active,v01.23.7357,False,False,0x00,0x00,0x00,0x00,0x00,0x00,0x00,200,13,0,0,0,False,1.0V,0.030,1467mV,1,False,False,v01.20.7357
26-05-31 16:47:33.504153,2902,496,1044,620,240,280,1796,200,True,True,True,True,True,True,True,True,2902,496,1044,620,240,280,1796,200,0,0,0,0,0,0,0,0,WPT Ready,0,0,False,0,0,0,0,0,0,75%,50%,False,0x00,False,63%,0us,0.000V,0.000V,True,False,Charge Active,v01.23.7357,False,False,0x00,0x00,0x00,0x00,0x00,0x00,0x00,200,13,0,0,0,False,1.0V,0.030,1467mV,1,False,False,v01.20.7357
26-05-31 16:47:33.737394,2902,496,1044,620,240,280,1796,200,True,True,True,True,True,True,True,True,2902,496,1044,620,240,280,1796,200,0,0,0,0,0,0,0,0,WPT Ready,0,0,False,0,0,0,0,0,0,75%,50%,False,0x00,False,63%,0us,0.000V,0.000V,True,False,Charge Active,v01.23.7357,False,False,0x00,0x00,0x00,0x00,0x00,0x00,0x00,200,13,0,0,0,False,1.0V,0.030,1467mV,1,False,False,v01.20.7357
26-05-31 16:47:33.963559,2902,496,1044,620,240,280,1796,200,True,True,True,True,True,True,True,True,2902,496,1044,620,240,280,1796,200,0,0,0,0,0,0,0,0,WPT Ready,0,0,False,0,0,0,0,0,0,75%,50%,False,0x00,False,63%,0us,0.000V,0.000V,True,False,Charge Active,v01.23.7357,False,False,0x00,0x00,0x00,0x00,0x00,0x00,0x00,200,13,0,0,0,False,1.0V,0.030,1467mV,1,False,False,v01.20.7357
26-05-31 16:47:34.154990,2902,496,1044,620,240,280,1796,200,True,True,True,True,True,True,True,True,2902,496,1044,620,240,280,1796,200,0,0,0,0,0,0,0,0,WPT Ready,0,0,False,0,0,0,0,0,0,75%,50%,False,0x00,False,63%,0us,0.000V,0.000V,True,False,Charge Active,v01.23.7357,False,False,0x00,0x00,0x00,0x00,0x00,0x00,0x00,200,13,0,0,0,False,1.0V,0.030,1467mV,1,False,False,v01.20.7357
26-05-31 16:47:34.328429,2902,496,1044,620,240,280,1796,200,True,True,True,True,True,True,True,True,2902,496,1044,620,240,280,1796,200,0,0,0,0,0,0,0,0,WPT Ready,0,0,False,0,0,0,0,0,0,75%,50%,False,0x00,False,63%,0us,0.000V,0.000V,True,False,Charge Active,v01.23.7357,False,False,0x00,0x00,0x00,0x00,0x00,0x00,0x00,200,13,0,0,0,False,1.0V,0.030,1467mV,1,False,False,v01.20.7357
26-05-31 16:47:34.489051,2902,496,1044,620,240,280,1796,200,True,True,True,True,True,True,True,True,2902,496,1044,620,240,280,1796,200,0,0,0,0,0,0,0,0,WPT Ready,0,0,False,0,0,0,0,0,0,75%,50%,False,0x00,False,63%,0us,0.000V,0.000V,True,False,Charge Active,v01.23.7357,False,False,0x00,0x00,0x00,0x00,0x00,0x00,0x00,200,13,0,0,0,False,1.0V,0.030,1467mV,1,False,False,v01.20.7357
26-05-31 16:47:34.739532,2902,496,1044,620,240,280,1796,200,True,True,True,True,True,True,True,True,2902,496,1044,620,240,280,1796,200,0,0,0,0,0,0,0,0,WPT Ready,0,0,False,0,0,0,0,0,0,75%,50%,False,0x00,False,63%,0us,0.000V,0.000V,True,False,Charge Active,v01.23.7357,False,False,0x00,0x00,0x00,0x00,0x00,0x00,0x00,200,13,0,0,0,False,1.0V,0.030,1467mV,1,False,False,v01.20.7357
26-05-31 16:47:34.898642,2902,496,1044,620,240,280,1796,200,True,True,True,True,True,True,True,True,2902,496,1044,620,240,280,1796,200,0,0,0,0,0,0,0,0,WPT Ready,0,0,False,0,0,0,0,0,0,75%,50%,False,0x00,False,63%,0us,0.000V,0.000V,True,False,Charge Active,v01.23.7357,False,False,0x00,0x00,0x00,0x00,0x00,0x00,0x00,200,13,0,0,0,False,1.0V,0.030,1467mV,1,False,False,v01.20.7357
